frame_idx,track_id,similarity_score,is_target,bbox_x1,bbox_y1,bbox_x2,bbox_y2
0,1,0.611,False,136,358,302,852
0,2,0.5809,False,330,369,494,846
0,3,0.381,False,1668,97,1919,1071
0,4,0.5141,False,1415,442,1521,733
0,5,0.5134,False,719,411,883,783
0,6,0.5833,False,504,350,675,835
0,7,1.0,True,869,200,1149,1077
0,8,0.5803,False,632,444,711,748
0,9,0.4663,False,1343,432,1409,652
0,10,0.5096,False,1587,261,1707,848
0,11,0.5665,False,481,431,540,724
0,12,0.5273,False,483,428,537,634
1,1,0.611,False,136,358,302,852
1,2,0.5806,False,330,369,494,846
1,3,0.3808,False,1668,97,1919,1071
1,4,0.5207,False,1415,442,1521,732
1,5,0.5129,False,719,411,883,783
1,6,0.5803,False,504,350,676,835
1,7,0.9996,True,870,200,1150,1077
1,8,0.5794,False,632,444,711,748
1,9,0.4653,False,1343,432,1409,652
1,10,0.5087,False,1587,262,1707,848
1,11,0.5653,False,481,431,539,724
1,12,0.5277,False,483,428,537,632
2,1,0.6111,False,136,358,302,852
2,2,0.5808,False,330,369,494,846
2,3,0.3809,False,1668,97,1919,1071
2,4,0.5208,False,1415,442,1521,732
2,5,0.5129,False,719,411,883,783
2,6,0.5804,False,504,350,676,835
2,7,0.9996,True,870,200,1150,1077
2,8,0.5804,False,632,444,712,748
2,9,0.4658,False,1343,432,1409,652
2,10,0.5095,False,1587,261,1707,848
2,11,0.5655,False,481,431,539,724
2,12,0.5239,False,483,428,537,631
3,1,0.6208,False,136,360,300,851
3,2,0.5766,False,329,370,492,844
3,3,0.4051,False,1667,99,1918,1072
3,4,0.4966,False,1418,440,1525,732
3,5,0.5097,False,722,422,881,783
3,6,0.5863,False,498,352,669,834
3,7,0.9954,True,865,202,1143,1075
3,8,0.554,False,631,444,710,748
3,9,0.4692,False,1344,432,1410,652
3,10,0.5198,False,1582,289,1698,844
3,11,0.6226,False,481,430,543,741
3,12,0.4868,False,486,427,536,615
4,1,0.63,False,136,364,299,851
4,2,0.5836,False,327,372,490,844
4,3,0.4275,False,1667,99,1918,1071
4,4,0.4734,False,1419,450,1523,733
4,5,0.4918,False,721,427,878,783
4,6,0.5661,False,489,353,660,835
4,7,0.9909,True,862,205,1138,1070
4,8,0.5135,False,630,445,709,749
4,9,0.4684,False,1344,432,1410,652
4,10,0.526,False,1579,316,1694,843
4,11,0.6454,False,478,430,542,751
5,1,0.6292,False,137,367,299,851
5,2,0.5866,False,325,375,486,843
5,3,0.4469,False,1670,105,1919,1070
5,4,0.4847,False,1420,444,1527,732
5,5,0.4744,False,720,429,876,783
5,6,0.5524,False,485,357,656,835
5,7,0.983,True,857,208,1130,1069
5,8,0.5113,False,629,442,710,751
5,9,0.4719,False,1345,433,1410,652
5,10,0.4695,False,1579,341,1697,848
6,1,0.6346,False,137,370,298,850
6,2,0.6026,False,321,377,481,842
6,3,0.5234,False,1673,131,1916,1070
6,4,0.507,False,1422,437,1531,734
6,5,0.4638,False,721,431,876,782
6,6,0.5755,False,480,361,649,834
6,7,0.9683,True,850,212,1121,1071
6,8,0.5076,False,628,442,711,752
6,9,0.463,False,1345,433,1411,651
6,10,0.4903,False,1578,365,1698,849
7,1,0.6337,False,137,372,297,850
7,2,0.5835,False,316,378,477,842
7,3,0.5228,False,1682,168,1916,1070
7,4,0.5077,False,1424,435,1534,734
7,5,0.4521,False,721,430,876,783
7,6,0.5691,False,478,364,646,832
7,7,0.9627,True,849,214,1119,1071
7,8,0.4925,False,629,443,712,753
7,9,0.4595,False,1345,434,1411,651
7,10,0.4891,False,1573,375,1698,846
8,1,0.6149,False,136,373,296,850
8,2,0.5782,False,311,378,472,841
8,3,0.5535,False,1694,235,1892,979
8,4,0.5241,False,1428,433,1538,734
8,5,0.4685,False,724,432,878,782
8,6,0.5694,False,479,365,646,830
8,7,0.9541,True,856,223,1127,1071
8,8,0.4726,False,629,443,714,754
8,9,0.452,False,1344,433,1410,650
8,10,0.4798,False,1564,376,1700,859
9,1,0.5961,False,135,373,295,849
9,2,0.5537,False,308,378,467,835
9,3,0.5193,False,1695,265,1882,940
9,4,0.5159,False,1440,446,1546,732
9,5,0.4782,False,725,431,878,781
9,6,0.5827,False,480,364,647,830
9,7,0.9558,True,852,234,1119,1071
9,8,0.4857,False,630,444,715,753
9,9,0.4518,False,1344,433,1410,650
9,10,0.4706,False,1555,380,1698,861
9,18,0.4703,False,1402,472,1463,644
10,1,0.6038,False,135,373,295,847
10,2,0.552,False,306,378,465,831
10,3,0.5187,False,1693,280,1878,924
10,4,0.4722,False,1452,452,1556,729
10,5,0.5277,False,730,427,883,781
10,6,0.5752,False,479,365,645,831
10,7,0.956,True,834,237,1098,1069
10,8,0.486,False,632,444,719,754
10,9,0.451,False,1344,433,1410,650
10,10,0.466,False,1548,381,1697,857
10,18,0.4692,False,1402,472,1463,644
11,1,0.6164,False,135,373,294,843
11,2,0.5534,False,300,376,460,828
11,3,0.5458,False,1689,293,1877,924
11,4,0.4918,False,1458,441,1567,735
11,5,0.5723,False,741,427,890,777
11,6,0.5741,False,481,365,648,832
11,7,0.9431,True,826,246,1083,1064
11,8,0.4968,False,635,445,722,754
11,9,0.4436,False,1343,431,1409,648
11,10,0.4743,False,1560,383,1705,840
11,18,0.4688,False,1402,473,1463,643
11,21,0.5012,False,1814,370,1910,824
12,1,0.62,False,134,373,292,838
12,2,0.5645,False,296,373,456,826
12,3,0.5771,False,1684,299,1878,926
12,4,0.4895,False,1453,434,1562,732
12,5,0.5963,False,750,422,898,775
12,6,0.5401,False,478,365,644,830
12,7,0.9509,True,824,262,1073,1061
12,8,0.4867,False,636,441,725,754
12,9,0.4492,False,1344,432,1409,648
12,10,0.4723,False,1544,382,1693,836
12,18,0.4764,False,1402,471,1465,644
12,21,0.5854,False,1814,404,1904,823
13,1,0.6085,False,131,373,290,834
13,2,0.5689,False,291,371,451,825
13,3,0.5872,False,1681,303,1880,926
13,4,0.4602,False,1450,432,1555,726
13,5,0.5953,False,756,397,907,770
13,6,0.5201,False,473,364,638,827
13,7,0.9541,True,812,263,1057,1046
13,8,0.4875,False,636,440,727,754
13,9,0.4404,False,1343,432,1409,648
13,10,0.475,False,1532,378,1687,837
13,18,0.4757,False,1403,471,1465,645
13,21,0.6304,False,1810,396,1904,828
14,1,0.6035,False,128,373,288,831
14,2,0.5623,False,289,371,448,824
14,3,0.5766,False,1677,304,1882,925
14,4,0.4608,False,1446,433,1550,728
14,6,0.503,False,471,365,634,823
14,7,0.9391,True,813,261,1059,1045
14,8,0.4869,False,640,440,733,754
14,9,0.4455,False,1344,432,1410,648
14,10,0.4986,False,1519,373,1678,837
14,18,0.4751,False,1403,471,1465,645
15,1,0.5941,False,126,373,287,830
15,2,0.5554,False,287,371,446,821
15,3,0.5748,False,1672,303,1884,925
15,4,0.4747,False,1446,433,1546,727
15,6,0.5251,False,468,361,630,817
15,7,0.936,True,812,256,1058,1043
15,8,0.4847,False,644,437,740,754
15,9,0.4404,False,1343,432,1409,648
15,10,0.4821,False,1508,370,1669,836
15,18,0.475,False,1403,471,1465,645
15,30,0.4329,False,732,490,800,698
16,1,0.5821,False,125,373,287,829
16,2,0.5501,False,286,372,444,821
16,3,0.579,False,1667,302,1884,924
16,4,0.493,False,1450,429,1543,706
16,6,0.533,False,463,358,626,813
16,7,0.9158,True,814,254,1055,1026
16,8,0.4956,False,645,437,743,755
16,9,0.443,False,1343,431,1409,649
16,10,0.4768,False,1497,368,1658,833
16,18,0.4769,False,1400,469,1464,645
16,30,0.436,False,736,493,803,696
17,1,0.5855,False,124,374,287,827
17,2,0.5551,False,285,373,442,821
17,3,0.5824,False,1663,299,1887,925
17,4,0.4773,False,1452,428,1534,675
17,6,0.5443,False,462,358,625,813
17,7,0.9128,True,817,253,1056,1017
17,8,0.5022,False,647,435,748,757
17,9,0.4408,False,1343,432,1409,648
17,10,0.4856,False,1487,370,1648,832
17,18,0.4777,False,1402,470,1465,644
17,30,0.4561,False,740,494,806,697
17,32,0.4808,False,1100,465,1158,700
18,1,0.5889,False,123,375,286,826
18,2,0.5669,False,283,378,439,822
18,3,0.5958,False,1657,294,1890,931
18,4,0.4554,False,1453,427,1526,649
18,6,0.5247,False,458,361,621,812
18,7,0.9325,True,814,250,1050,1008
18,8,0.4945,False,648,434,751,759
18,9,0.4418,False,1343,431,1409,648
18,10,0.4763,False,1479,368,1643,829
18,18,0.4807,False,1402,471,1465,644
18,30,0.4499,False,739,486,809,700
18,32,0.4737,False,1100,470,1156,701
19,1,0.5835,False,123,379,284,823
19,2,0.5617,False,281,382,437,824
19,3,0.5792,False,1651,291,1892,933
19,4,0.4325,False,1449,426,1519,637
19,6,0.5177,False,454,360,617,812
19,7,0.9408,True,815,249,1051,1002
19,8,0.4821,False,650,433,754,759
19,9,0.45,False,1344,432,1410,649
19,10,0.4669,False,1464,373,1627,828
19,18,0.4802,False,1401,470,1463,645
19,30,0.4639,False,741,490,810,700
19,32,0.4818,False,1100,472,1156,700
20,1,0.5864,False,123,383,283,822
20,2,0.5738,False,280,386,435,824
20,3,0.5912,False,1639,289,1884,932
20,4,0.4325,False,1442,426,1512,639
20,6,0.5251,False,451,360,615,812
20,7,0.9354,True,813,248,1049,1001
20,8,0.4705,False,649,434,754,759
20,9,0.4493,False,1344,432,1411,649
20,10,0.4717,False,1453,376,1616,832
20,18,0.4611,False,1402,478,1462,644
20,30,0.4327,False,744,490,814,701
20,32,0.4676,False,1100,470,1156,700
21,1,0.5756,False,123,385,282,822
21,2,0.5711,False,281,389,434,822
21,3,0.5879,False,1623,288,1868,927
21,6,0.5398,False,446,361,610,812
21,7,0.9278,True,813,251,1048,1002
21,8,0.473,False,654,436,759,759
21,9,0.4564,False,1345,432,1411,649
21,10,0.4752,False,1440,378,1604,833
21,18,0.4845,False,1402,477,1459,636
21,30,0.4201,False,746,490,816,702
21,32,0.4549,False,1099,472,1155,700
22,1,0.5841,False,122,388,281,823
22,2,0.5814,False,281,392,433,821
22,3,0.5846,False,1613,288,1859,924
22,6,0.5272,False,434,364,598,820
22,7,0.9276,True,814,255,1049,1003
22,8,0.4413,False,660,437,767,758
22,9,0.4396,False,1343,430,1410,649
22,10,0.4969,False,1429,382,1594,834
22,18,0.4692,False,1398,475,1457,637
22,30,0.4156,False,746,485,817,701
22,32,0.452,False,1097,470,1154,700
22,34,0.4673,False,545,414,635,775
22,21,0.4653,False,1810,432,1889,790
23,1,0.5776,False,122,390,280,818
23,2,0.5714,False,280,394,433,820
23,3,0.5853,False,1607,287,1855,923
23,6,0.5225,False,432,366,593,816
23,7,0.9159,True,807,269,1036,1004
23,8,0.4614,False,665,439,772,759
23,9,0.4468,False,1342,429,1409,648
23,10,0.4943,False,1417,382,1585,835
23,18,0.5151,False,1401,476,1450,613
23,30,0.42,False,747,488,818,701
23,32,0.4466,False,1097,473,1154,700
23,34,0.4954,False,545,414,635,775
23,21,0.4612,False,1799,437,1880,800
24,1,0.5859,False,121,390,279,820
24,2,0.5626,False,279,394,432,821
24,3,0.5994,False,1599,287,1848,922
24,6,0.5518,False,427,370,584,818
24,7,0.934,True,805,276,1030,1003
24,8,0.4548,False,667,442,776,761
24,9,0.4421,False,1341,429,1407,648
24,10,0.4919,False,1407,385,1576,833
24,18,0.5097,False,1401,473,1446,595
24,30,0.4082,False,749,487,819,702
24,32,0.4481,False,1097,479,1153,701
24,34,0.5159,False,548,410,639,775
24,21,0.4892,False,1787,420,1873,811
25,1,0.5723,False,120,391,277,817
25,2,0.5527,False,279,395,430,818
25,3,0.5915,False,1592,288,1844,924
25,6,0.5485,False,423,372,578,816
25,7,0.9359,True,809,281,1032,1003
25,8,0.4622,False,669,445,779,764
25,9,0.4483,False,1341,430,1406,649
25,10,0.4887,False,1401,388,1571,830
25,30,0.413,False,748,484,820,702
25,32,0.4288,False,1095,479,1152,701
25,34,0.5165,False,550,409,642,774
25,21,0.4936,False,1778,424,1864,821
25,38,0.6498,False,1855,358,1916,843
26,1,0.5639,False,119,391,276,818
26,2,0.5619,False,277,395,427,813
26,3,0.5973,False,1587,288,1840,925
26,6,0.5455,False,421,374,573,811
26,7,0.9342,True,808,288,1027,1003
26,8,0.4736,False,671,443,783,766
26,9,0.4525,False,1341,430,1406,650
26,10,0.4976,False,1395,390,1568,828
26,30,0.4265,False,748,482,820,702
26,32,0.4346,False,1093,478,1152,701
26,34,0.5166,False,552,409,644,774
26,21,0.499,False,1773,398,1863,823
26,38,0.6799,False,1840,356,1906,871
27,1,0.5627,False,116,391,272,819
27,2,0.5638,False,274,395,425,816
27,3,0.5831,False,1581,287,1836,926
27,6,0.5423,False,420,375,570,813
27,7,0.9205,True,813,292,1030,1000
27,8,0.4875,False,674,442,789,768
27,9,0.4525,False,1340,429,1405,650
27,10,0.4797,False,1390,389,1565,827
27,30,0.4378,False,745,472,820,705
27,32,0.4283,False,1095,482,1153,701
27,34,0.5237,False,552,407,645,775
27,21,0.5096,False,1767,372,1859,813
27,38,0.6114,False,1832,351,1900,867
28,1,0.5699,False,117,391,271,816
28,2,0.5744,False,272,394,421,811
28,3,0.5629,False,1575,291,1831,929
28,6,0.5473,False,420,377,569,814
28,7,0.9139,True,821,295,1036,995
28,8,0.5145,False,677,440,795,770
28,9,0.4511,False,1340,428,1405,650
28,10,0.4761,False,1386,390,1563,827
28,30,0.4523,False,742,458,821,709
28,32,0.4296,False,1094,482,1153,701
28,34,0.4933,False,555,408,649,775
28,21,0.5285,False,1764,396,1849,808
28,38,0.5938,False,1814,352,1885,870
29,1,0.5742,False,116,391,268,810
29,2,0.5741,False,271,393,418,808
29,3,0.5727,False,1573,290,1829,925
29,6,0.5263,False,420,380,568,813
29,7,0.9098,True,829,299,1042,986
29,8,0.5027,False,679,439,799,769
29,9,0.449,False,1340,429,1403,648
29,10,0.4871,False,1377,389,1556,826
29,30,0.4612,False,747,462,823,708
29,32,0.4264,False,1093,481,1153,701
29,34,0.4943,False,559,408,653,775
29,21,0.5608,False,1760,404,1843,814
29,38,0.6007,False,1814,357,1886,868
30,1,0.591,False,115,390,266,807
30,2,0.5661,False,269,392,415,806
30,3,0.5573,False,1565,293,1819,925
30,6,0.5403,False,420,380,569,812
30,7,0.9067,True,833,300,1045,981
30,8,0.4718,False,680,437,803,766
30,9,0.447,False,1340,429,1403,648
30,10,0.493,False,1373,388,1550,822
30,32,0.4196,False,1094,483,1154,701
30,34,0.4863,False,563,408,658,773
30,21,0.5567,False,1754,406,1831,784
30,38,0.6022,False,1800,362,1876,863
31,1,0.5919,False,115,388,265,806
31,2,0.5608,False,268,392,413,805
31,3,0.557,False,1562,294,1814,923
31,6,0.5281,False,417,381,565,811
31,7,0.9117,True,832,298,1043,976
31,8,0.4788,False,682,435,807,766
31,9,0.4478,False,1340,430,1402,649
31,10,0.4951,False,1371,387,1543,815
31,32,0.4273,False,1093,484,1154,701
31,34,0.4924,False,566,408,662,774
31,38,0.5925,False,1793,362,1874,861
32,1,0.5804,False,115,388,266,806
32,2,0.5485,False,265,392,410,805
32,3,0.5622,False,1559,292,1813,923
32,6,0.5279,False,414,381,562,810
32,7,0.9093,True,841,297,1052,963
32,8,0.509,False,684,432,810,765
32,9,0.4505,False,1339,431,1401,650
32,10,0.474,False,1371,387,1541,811
32,32,0.436,False,1093,484,1154,701
32,34,0.4891,False,566,409,664,774
32,38,0.5807,False,1795,358,1881,861
33,1,0.5672,False,115,388,266,806
33,2,0.5442,False,264,394,408,805
33,3,0.5698,False,1550,296,1799,920
33,6,0.5314,False,413,381,560,806
33,7,0.9013,True,837,296,1045,952
33,8,0.5392,False,686,431,814,764
33,9,0.4452,False,1340,431,1401,650
33,10,0.4553,False,1373,390,1539,810
33,32,0.4307,False,1094,486,1155,701
33,34,0.4999,False,567,409,667,775
33,38,0.6003,False,1793,358,1884,863
34,1,0.5638,False,114,389,265,806
34,2,0.5492,False,264,395,407,804
34,3,0.571,False,1547,296,1793,917
34,6,0.5288,False,414,381,559,802
34,7,0.9044,True,843,296,1051,944
34,8,0.5605,False,687,435,815,765
34,9,0.4496,False,1340,428,1402,653
34,10,0.4472,False,1373,392,1535,812
34,32,0.4312,False,1094,488,1155,701
34,34,0.5053,False,568,410,670,776
34,38,0.6046,False,1789,356,1886,862
35,1,0.5727,False,114,390,264,806
35,2,0.5418,False,263,396,406,802
35,3,0.5745,False,1546,301,1789,917
35,6,0.5271,False,412,381,557,801
35,7,0.8857,True,840,296,1047,938
35,8,0.5404,False,687,435,817,768
35,9,0.4389,False,1340,428,1402,653
35,10,0.4508,False,1369,388,1530,810
35,32,0.4533,False,1095,488,1156,701
35,34,0.5076,False,568,410,672,777
35,38,0.5709,False,1783,355,1885,864
36,1,0.5687,False,113,392,262,805
36,2,0.5481,False,263,399,405,801
36,3,0.5984,False,1547,305,1787,915
36,6,0.5232,False,411,380,556,801
36,7,0.8747,True,842,296,1048,936
36,8,0.5351,False,687,434,819,769
36,9,0.4364,False,1340,429,1400,653
36,10,0.4374,False,1365,392,1522,809
36,32,0.4462,False,1094,489,1155,701
36,34,0.5021,False,568,408,673,778
36,38,0.5627,False,1774,353,1883,864
37,1,0.5802,False,113,392,261,805
37,2,0.5447,False,262,400,404,801
37,3,0.5915,False,1546,305,1783,913
37,6,0.5226,False,409,379,553,801
37,7,0.871,True,844,295,1049,933
37,8,0.5341,False,688,434,821,769
37,9,0.4297,False,1339,428,1398,650
37,10,0.4636,False,1351,393,1507,807
37,32,0.4397,False,1094,489,1155,701
37,34,0.5116,False,567,408,674,780
37,38,0.5604,False,1761,352,1874,862
38,1,0.5831,False,114,394,260,804
38,2,0.5513,False,263,402,404,801
38,3,0.5859,False,1547,303,1782,911
38,6,0.5054,False,407,379,551,800
38,7,0.8595,True,844,298,1048,933
38,8,0.5351,False,688,433,823,770
38,9,0.4023,False,1338,428,1396,649
38,10,0.4384,False,1338,397,1494,807
38,32,0.4529,False,1093,488,1155,701
38,34,0.5039,False,567,406,676,781
38,38,0.5693,False,1749,350,1864,853
38,42,0.5795,False,1869,341,1916,893
39,1,0.5812,False,114,397,258,804
39,2,0.557,False,259,404,401,801
39,3,0.6066,False,1546,303,1778,907
39,6,0.5056,False,403,377,547,799
39,7,0.8706,True,844,305,1046,934
39,8,0.517,False,690,432,826,772
39,10,0.4305,False,1324,399,1481,807
39,32,0.4501,False,1092,487,1155,701
39,34,0.4935,False,568,403,680,782
39,38,0.5894,False,1735,352,1853,859
39,42,0.5777,False,1861,285,1910,854
40,1,0.5836,False,115,399,258,803
40,2,0.5512,False,255,406,395,800
40,3,0.5951,False,1547,305,1776,902
40,6,0.5193,False,400,376,544,800
40,7,0.8626,True,843,308,1042,933
40,8,0.5144,False,693,433,828,772
40,10,0.4373,False,1316,399,1475,808
40,32,0.4728,False,1097,488,1159,699
40,34,0.4925,False,569,401,684,784
40,38,0.5685,False,1727,353,1848,865
40,42,0.59,False,1849,258,1901,857
40,44,0.4629,False,1473,432,1528,650
41,1,0.5851,False,117,401,257,803
41,2,0.5603,False,251,407,391,799
41,3,0.5893,False,1549,309,1776,896
41,6,0.5243,False,398,379,542,800
41,7,0.861,True,844,315,1039,932
41,8,0.5036,False,695,431,831,774
41,10,0.4307,False,1310,405,1470,810
41,32,0.4637,False,1096,488,1158,700
41,34,0.4985,False,571,400,688,786
41,38,0.6017,False,1713,347,1838,871
41,42,0.5826,False,1836,243,1891,845
41,44,0.4643,False,1472,431,1524,639
42,1,0.5868,False,117,402,257,802
42,2,0.5486,False,248,407,388,799
42,3,0.5905,False,1553,311,1778,892
42,6,0.5406,False,395,380,539,800
42,7,0.8722,True,847,321,1038,928
42,8,0.5108,False,697,430,833,774
42,10,0.424,False,1309,411,1468,811
42,32,0.4346,False,1094,483,1157,700
42,34,0.513,False,570,396,689,787
42,38,0.6243,False,1709,354,1835,872
42,42,0.5657,False,1825,248,1883,846
42,44,0.4478,False,1471,430,1523,632
43,1,0.5817,False,119,403,256,802
43,2,0.5447,False,244,406,384,800
43,3,0.6254,False,1561,310,1791,893
43,6,0.5269,False,392,383,535,799
43,7,0.879,True,853,324,1043,926
43,8,0.5019,False,698,428,836,774
43,10,0.4526,False,1306,407,1467,808
43,32,0.4342,False,1096,483,1158,700
43,34,0.5049,False,572,395,693,785
43,42,0.5678,False,1810,245,1878,904
43,44,0.4305,False,1468,430,1521,631
44,1,0.588,False,119,403,256,801
44,2,0.5536,False,241,405,382,800
44,3,0.626,False,1562,311,1793,890
44,6,0.5266,False,391,387,532,799
44,7,0.8788,True,860,327,1051,925
44,8,0.4977,False,700,429,836,775
44,10,0.4718,False,1304,406,1467,807
44,32,0.4507,False,1095,478,1159,700
44,34,0.5024,False,575,395,696,785
44,42,0.5908,False,1797,242,1873,918
44,44,0.4378,False,1468,434,1522,634
45,1,0.5846,False,119,403,255,800
45,2,0.5575,False,238,403,379,799
45,3,0.6209,False,1559,312,1792,888
45,6,0.5144,False,392,391,531,798
45,7,0.8707,True,857,328,1047,922
45,8,0.4963,False,700,427,837,776
45,10,0.4692,False,1303,406,1466,806
45,32,0.4563,False,1097,474,1163,701
45,34,0.5003,False,578,394,699,786
45,42,0.5977,False,1783,254,1866,918
45,44,0.4474,False,1467,436,1523,635
45,47,0.3906,False,499,450,577,723
46,1,0.5753,False,120,402,255,798
46,2,0.5372,False,234,399,376,798
46,3,0.6164,False,1551,317,1782,885
46,6,0.5047,False,391,394,528,796
46,7,0.8882,True,862,328,1052,918
46,8,0.4763,False,701,424,838,776
46,10,0.463,False,1303,411,1464,805
46,32,0.4577,False,1093,467,1161,702
46,34,0.5041,False,577,395,701,794
46,42,0.6313,False,1771,256,1862,922
46,44,0.451,False,1466,437,1524,635
46,47,0.3912,False,499,451,578,725
47,1,0.5804,False,120,402,254,795
47,2,0.5282,False,232,397,373,797
47,3,0.5782,False,1546,324,1775,884
47,6,0.5047,False,390,395,526,795
47,7,0.8929,True,861,327,1050,910
47,8,0.4926,False,701,422,838,776
47,10,0.4645,False,1300,409,1462,804
47,32,0.4927,False,1077,449,1150,699
47,34,0.4931,False,577,395,701,796
47,42,0.6189,False,1760,257,1861,934
47,44,0.4428,False,1468,437,1528,635
47,47,0.4134,False,500,452,578,728
48,1,0.5856,False,118,401,252,794
48,2,0.5396,False,230,396,371,796
48,3,0.5869,False,1539,328,1766,884
48,6,0.5056,False,387,395,523,796
48,7,0.9011,True,863,326,1049,900
48,8,0.5,False,701,420,839,776
48,10,0.4766,False,1296,406,1457,802
48,32,0.5016,False,1071,444,1146,698
48,34,0.493,False,578,395,703,797
48,42,0.6199,False,1750,259,1861,939
48,44,0.4401,False,1466,437,1528,634
48,47,0.4018,False,501,455,579,728
49,1,0.5762,False,117,400,251,793
49,2,0.5193,False,229,397,369,794
49,3,0.5924,False,1536,331,1761,884
49,6,0.498,False,383,393,518,796
49,7,0.9153,True,868,324,1055,893
49,8,0.5124,False,706,421,842,777
49,10,0.4626,False,1290,402,1450,799
49,32,0.5095,False,1065,437,1143,698
49,34,0.4891,False,581,396,705,798
49,42,0.6182,False,1741,261,1862,942
49,44,0.4423,False,1466,437,1529,634
49,47,0.3969,False,507,462,583,728
50,1,0.5749,False,115,401,249,792
50,2,0.5258,False,230,398,368,792
50,3,0.5857,False,1530,332,1754,881
50,6,0.4813,False,380,394,514,795
50,7,0.9099,True,873,324,1059,888
50,8,0.5198,False,709,421,844,778
50,10,0.4526,False,1283,402,1440,797
50,32,0.5078,False,1069,438,1148,701
50,34,0.4877,False,583,396,708,798
50,42,0.6271,False,1734,264,1864,943
50,44,0.443,False,1466,437,1532,633
50,47,0.3883,False,507,456,584,728
51,1,0.5613,False,116,401,249,791
51,2,0.5365,False,230,399,368,792
51,3,0.6046,False,1527,335,1747,877
51,6,0.4949,False,379,394,511,792
51,7,0.9079,True,875,325,1061,885
51,8,0.5291,False,712,421,846,778
51,10,0.4593,False,1273,401,1429,797
51,32,0.4981,False,1064,434,1146,701
51,34,0.4787,False,586,396,710,792
51,42,0.5988,False,1725,267,1864,940
51,44,0.4378,False,1464,437,1531,633
51,47,0.3949,False,506,452,585,729
52,1,0.5604,False,116,401,249,790
52,2,0.5389,False,229,402,366,790
52,3,0.6056,False,1524,334,1741,875
52,6,0.4816,False,379,393,510,790
52,7,0.8992,True,878,327,1065,883
52,8,0.5267,False,714,421,848,780
52,10,0.4657,False,1266,401,1421,795
52,32,0.5229,False,1064,434,1147,702
52,34,0.4896,False,588,397,713,792
52,42,0.5981,False,1720,269,1866,932
52,44,0.4376,False,1462,437,1531,632
52,47,0.4058,False,507,449,588,731
53,1,0.565,False,117,402,250,788
53,2,0.5348,False,229,404,365,789
53,3,0.5936,False,1519,332,1736,875
53,6,0.4581,False,378,392,508,787
53,7,0.8909,True,880,332,1065,881
53,8,0.5146,False,716,422,848,781
53,10,0.459,False,1259,403,1413,795
53,32,0.5416,False,1062,434,1148,703
53,34,0.4783,False,589,400,715,794
53,42,0.5864,False,1712,270,1864,917
53,44,0.4391,False,1460,437,1530,632
53,47,0.3928,False,509,450,590,731
54,1,0.5657,False,118,403,250,787
54,2,0.5286,False,229,406,364,788
54,3,0.6006,False,1515,332,1729,876
54,6,0.4555,False,377,392,506,785
54,7,0.8908,True,879,335,1062,882
54,8,0.5066,False,715,422,847,783
54,10,0.4495,False,1254,406,1407,795
54,32,0.5651,False,1070,434,1155,702
54,34,0.4775,False,589,401,715,795
54,42,0.5895,False,1705,272,1863,910
54,44,0.4658,False,1452,433,1535,670
54,47,0.3821,False,511,453,591,729
55,1,0.5733,False,118,404,249,786
55,2,0.5206,False,230,408,364,788
55,3,0.6045,False,1513,330,1724,874
55,6,0.4835,False,376,391,505,781
55,7,0.901,True,883,344,1062,882
55,8,0.5054,False,714,422,847,786
55,10,0.459,False,1246,406,1401,795
55,32,0.5749,False,1073,433,1158,702
55,34,0.4839,False,590,399,718,797
55,42,0.5741,False,1689,274,1850,902
55,44,0.497,False,1447,432,1539,700
55,47,0.3843,False,515,446,598,729
56,1,0.5734,False,117,407,249,786
56,2,0.5167,False,232,411,366,790
56,3,0.5793,False,1512,335,1718,871
56,6,0.4816,False,376,391,505,780
56,7,0.9199,True,889,351,1064,881
56,8,0.5023,False,715,422,849,787
56,10,0.4828,False,1241,409,1395,794
56,32,0.5872,False,1072,431,1158,702
56,34,0.4931,False,591,397,720,799
56,42,0.5502,False,1678,275,1844,902
56,44,0.4527,False,1454,434,1534,665
56,47,0.3729,False,516,443,601,729
56,52,0.5859,False,1741,294,1919,908
57,1,0.57,False,117,409,248,787
57,2,0.5192,False,233,413,365,789
57,3,0.5862,False,1508,334,1714,872
57,6,0.4907,False,375,392,504,779
57,7,0.9211,True,897,355,1068,880
57,8,0.4972,False,716,422,851,790
57,10,0.4855,False,1236,412,1390,795
57,32,0.5161,False,1062,429,1157,730
57,34,0.4973,False,592,395,722,799
57,42,0.5457,False,1670,277,1838,894
57,44,0.4796,False,1445,432,1540,712
57,47,0.3681,False,514,440,601,728
57,52,0.5848,False,1731,289,1920,1021
58,1,0.5646,False,117,411,247,786
58,2,0.5196,False,235,414,365,788
58,3,0.5831,False,1499,336,1699,866
58,6,0.5096,False,375,392,505,778
58,7,0.9124,True,902,356,1070,879
58,8,0.5027,False,718,422,852,792
58,10,0.4669,False,1231,419,1383,794
58,32,0.5194,False,1069,434,1161,724
58,34,0.49,False,594,393,724,798
58,42,0.5355,False,1655,276,1824,885
58,44,0.5099,False,1442,431,1542,737
58,47,0.3801,False,515,436,604,729
58,52,0.5983,False,1723,222,1920,1060
58,57,0.5381,False,861,439,934,713
58,58,0.4544,False,1453,435,1529,647
59,1,0.5793,False,116,412,246,785
59,2,0.517,False,235,413,365,787
59,3,0.6154,False,1473,331,1676,863
59,6,0.5035,False,374,393,506,777
59,7,0.9219,True,905,358,1070,878
59,8,0.505,False,719,422,853,792
59,10,0.4602,False,1225,419,1378,795
59,32,0.5046,False,1075,436,1166,726
59,34,0.5014,False,595,390,726,798
59,42,0.5251,False,1633,285,1806,891
59,44,0.543,False,1441,431,1545,750
59,47,0.3619,False,515,434,605,730
59,52,0.5573,False,1711,109,1920,1076
59,57,0.5226,False,864,447,934,713
59,58,0.4925,False,1445,432,1536,687
60,1,0.5806,False,113,413,243,783
60,2,0.5207,False,236,413,365,786
60,3,0.601,False,1466,331,1667,858
60,6,0.4965,False,373,396,505,776
60,7,0.9174,True,908,358,1072,876
60,8,0.4998,False,720,421,853,793
60,10,0.4655,False,1222,418,1375,794
60,32,0.4499,False,1077,439,1170,737
60,34,0.4998,False,596,388,728,798
60,42,0.518,False,1623,285,1796,885
60,44,0.5954,False,1437,430,1551,785
60,47,0.3727,False,515,433,605,730
60,52,0.5819,False,1697,29,1920,1080
60,57,0.5182,False,866,445,937,713
60,58,0.5511,False,1435,430,1548,750
61,1,0.5693,False,111,413,242,781
61,2,0.5002,False,237,411,365,784
61,3,0.5977,False,1463,329,1659,843
61,6,0.5061,False,372,399,505,776
61,7,0.9206,True,919,357,1082,872
61,8,0.4991,False,720,420,853,793
61,10,0.4632,False,1218,418,1371,793
61,32,0.4924,False,1079,440,1174,741
61,34,0.5016,False,599,386,731,798
61,42,0.5225,False,1591,292,1763,880
61,44,0.5736,False,1433,429,1550,797
61,47,0.3665,False,515,434,605,730
61,52,0.5885,False,1685,0,1920,1080
61,57,0.4829,False,868,440,941,712
61,58,0.579,False,1432,428,1552,774
62,1,0.5867,False,109,413,240,780
62,2,0.5138,False,237,409,365,781
62,3,0.6108,False,1454,328,1651,843
62,6,0.5091,False,372,402,506,776
62,7,0.9179,True,924,358,1086,869
62,8,0.4977,False,722,419,855,794
62,10,0.4522,False,1216,418,1369,792
62,32,0.4841,False,1073,438,1170,743
62,34,0.4916,False,602,382,736,798
62,42,0.5295,False,1583,295,1749,872
62,44,0.5697,False,1433,424,1551,808
62,47,0.3701,False,516,437,605,729
62,52,0.5803,False,1675,0,1920,1080
62,57,0.475,False,868,438,942,715
62,58,0.5962,False,1427,419,1561,807
63,1,0.5897,False,109,412,240,778
63,2,0.5094,False,237,409,364,780
63,3,0.6169,False,1447,342,1636,837
63,6,0.5294,False,372,405,507,776
63,7,0.93,True,924,359,1082,862
63,8,0.502,False,723,418,856,794
63,10,0.4527,False,1215,419,1368,792
63,32,0.4979,False,1071,440,1170,744
63,34,0.4845,False,603,380,738,798
63,42,0.6249,False,1534,304,1703,871
63,44,0.5712,False,1439,408,1561,811
63,47,0.3755,False,518,445,605,729
63,52,0.5543,False,1661,0,1920,1080
63,57,0.4715,False,870,447,943,714
63,58,0.5696,False,1424,407,1566,816
63,38,0.5476,False,1575,307,1712,879
64,1,0.5908,False,108,411,239,774
64,2,0.5135,False,237,408,363,779
64,3,0.6109,False,1441,337,1634,834
64,6,0.5021,False,372,408,508,777
64,7,0.9301,True,930,357,1087,854
64,8,0.4998,False,727,416,859,794
64,10,0.4572,False,1214,419,1367,792
64,32,0.4937,False,1075,440,1175,745
64,34,0.49,False,603,379,740,801
64,42,0.6489,False,1504,316,1672,870
64,44,0.5927,False,1430,402,1561,854
64,47,0.3662,False,522,448,609,730
64,52,0.5356,False,1650,0,1920,1080
64,57,0.4531,False,872,467,941,716
64,58,0.5744,False,1417,403,1565,830
64,38,0.6362,False,1559,317,1689,869
65,1,0.5877,False,108,410,239,771
65,2,0.5177,False,237,408,363,777
65,3,0.6287,False,1430,335,1629,845
65,6,0.5138,False,371,409,507,777
65,7,0.9229,True,940,359,1096,851
65,8,0.4982,False,730,415,861,794
65,10,0.4707,False,1213,418,1363,788
65,32,0.4957,False,1080,442,1179,743
65,34,0.4965,False,603,379,741,804
65,42,0.6372,False,1483,328,1646,866
65,47,0.3666,False,520,452,607,731
65,52,0.531,False,1638,0,1920,1080
65,57,0.4213,False,875,486,941,717
65,58,0.5829,False,1419,384,1573,828
65,38,0.7015,True,1533,320,1672,857
66,1,0.5905,False,108,410,239,770
66,2,0.5128,False,236,408,362,776
66,6,0.5379,False,371,409,508,777
66,7,0.9233,True,940,358,1094,845
66,8,0.5181,False,732,415,863,794
66,10,0.4712,False,1212,417,1360,783
66,32,0.4904,False,1078,434,1182,744
66,34,0.4782,False,605,379,743,804
66,42,0.6187,False,1476,383,1623,868
66,47,0.3633,False,522,451,610,731
66,52,0.5145,False,1619,0,1908,1077
66,57,0.4367,False,878,492,943,718
66,58,0.5998,False,1417,385,1573,833
66,67,0.4513,False,535,443,640,737
67,1,0.5725,False,109,410,240,770
67,2,0.5134,False,235,408,361,776
67,6,0.5493,False,370,409,508,777
67,7,0.9327,True,937,357,1089,843
67,8,0.5091,False,733,415,864,795
67,10,0.463,False,1213,417,1357,779
67,32,0.4812,False,1084,441,1186,744
67,34,0.4838,False,606,380,745,806
67,47,0.3853,False,527,460,610,729
67,52,0.4857,False,1599,0,1894,1077
67,57,0.4363,False,880,496,945,717
67,58,0.651,False,1414,386,1572,841
67,67,0.4258,False,535,444,639,735
68,1,0.5691,False,108,408,241,772
68,2,0.5128,False,235,409,361,776
68,6,0.5484,False,371,409,507,776
68,7,0.9098,True,938,364,1087,844
68,8,0.5052,False,734,415,865,796
68,10,0.453,False,1212,418,1354,777
68,32,0.463,False,1089,444,1191,742
68,34,0.4795,False,606,381,747,808
68,47,0.4283,False,518,459,603,732
68,52,0.4552,False,1568,0,1873,1075
68,57,0.4289,False,880,491,948,717
68,58,0.5901,False,1402,386,1556,833
68,67,0.433,False,537,447,639,733
69,1,0.5609,False,107,408,239,773
69,2,0.5199,False,236,412,360,776
69,6,0.5288,False,371,409,508,776
69,7,0.9113,True,941,367,1089,844
69,8,0.5079,False,734,415,866,797
69,10,0.4464,False,1213,418,1353,778
69,32,0.4503,False,1105,442,1206,739
69,34,0.4894,False,607,381,748,810
69,47,0.4477,False,520,468,599,716
69,52,0.4306,False,1531,0,1851,1075
69,57,0.4357,False,879,483,951,717
69,58,0.6141,False,1389,387,1525,792
69,67,0.424,False,538,451,640,734
69,70,0.4646,False,507,479,558,673
70,1,0.548,False,106,408,238,772
70,2,0.5261,False,235,413,359,776
70,6,0.5418,False,371,409,507,775
70,7,0.9123,True,946,371,1092,846
70,8,0.5162,False,735,415,867,798
70,10,0.4147,False,1212,419,1350,778
70,32,0.4657,False,1110,438,1212,741
70,34,0.4876,False,607,381,750,815
70,47,0.4379,False,518,468,601,727
70,52,0.4457,False,1492,0,1830,1075
70,57,0.4611,False,879,480,952,718
70,67,0.4261,False,539,450,640,733
70,70,0.4872,False,508,481,558,670
70,75,0.451,False,1339,432,1399,650
71,1,0.5656,False,105,411,235,772
71,2,0.5263,False,235,416,358,776
71,6,0.5246,False,370,408,504,772
71,7,0.9033,True,949,374,1093,845
71,8,0.5243,False,736,415,868,799
71,10,0.4202,False,1211,418,1346,778
71,32,0.4517,False,1115,435,1218,740
71,34,0.4925,False,609,381,753,819
71,47,0.406,False,533,472,611,722
71,52,0.4631,False,1451,0,1812,1074
71,57,0.4501,False,877,467,954,717
71,67,0.4081,False,540,442,643,732
71,70,0.5038,False,510,482,557,659
71,75,0.4257,False,1341,433,1396,632
72,1,0.5668,False,107,414,234,771
72,2,0.5151,False,234,419,357,774
72,6,0.514,False,369,408,502,770
72,7,0.8983,True,955,377,1097,844
72,8,0.5226,False,737,415,869,800
72,10,0.4172,False,1206,419,1340,778
72,32,0.435,False,1111,435,1217,741
72,34,0.4959,False,609,380,754,820
72,52,0.4563,False,1412,0,1798,1073
72,57,0.4469,False,877,467,954,718
72,67,0.4189,False,539,438,641,729
72,70,0.5212,False,510,482,557,656
73,1,0.5808,False,109,417,234,770
73,2,0.5396,False,233,421,356,773
73,6,0.5029,False,368,407,500,769
73,7,0.8917,True,960,378,1101,844
73,8,0.5076,False,740,414,872,800
73,10,0.4301,False,1195,419,1325,774
73,32,0.4638,False,1111,436,1218,745
73,34,0.4969,False,609,378,755,820
73,52,0.4516,False,1378,0,1790,1072
73,57,0.4571,False,877,469,954,718
73,70,0.531,False,510,482,557,654
73,47,0.3661,False,542,455,624,724
74,1,0.5729,False,110,419,233,770
74,2,0.5372,False,232,422,355,774
74,6,0.515,False,367,407,498,767
74,7,0.8904,True,964,379,1107,842
74,8,0.5,False,743,413,875,802
74,10,0.4634,False,1184,416,1314,773
74,32,0.4588,False,1112,438,1221,746
74,34,0.4985,False,610,376,756,820
74,52,0.4512,False,1338,0,1779,1071
74,57,0.4799,False,877,473,954,718
74,70,0.5198,False,509,482,557,652
74,76,0.4333,False,1772,639,1910,1073
74,47,0.3674,False,546,450,628,724
75,1,0.5673,False,111,421,233,770
75,2,0.5327,False,230,423,353,772
75,6,0.5288,False,367,407,497,765
75,7,0.8883,True,967,380,1112,841
75,8,0.515,False,745,413,878,804
75,10,0.4462,False,1170,426,1294,769
75,32,0.4669,False,1114,436,1223,745
75,34,0.4893,False,610,374,756,820
75,52,0.4421,False,1310,0,1779,1071
75,57,0.4911,False,877,475,954,720
75,70,0.5177,False,508,482,556,649
75,76,0.4111,False,1761,630,1902,1074
75,47,0.3677,False,549,449,631,724
76,1,0.5648,False,111,421,232,771
76,2,0.5227,False,228,422,353,772
76,6,0.5253,False,366,407,495,765
76,7,0.8902,True,964,380,1109,838
76,8,0.5332,False,747,414,878,806
76,10,0.4334,False,1175,439,1299,769
76,32,0.4029,False,1107,440,1213,745
76,34,0.4815,False,610,373,757,821
76,52,0.4278,False,1280,0,1772,1072
76,57,0.4758,False,876,476,953,719
76,70,0.5062,False,507,483,554,648
76,76,0.403,False,1750,635,1892,1074
76,47,0.3871,False,552,454,628,712
77,1,0.5692,False,113,422,232,771
77,2,0.5305,False,227,421,352,772
77,6,0.5247,False,366,407,493,763
77,7,0.9044,True,966,377,1112,836
77,8,0.5233,False,749,413,881,806
77,10,0.4351,False,1180,487,1291,775
77,32,0.4059,False,1105,443,1209,745
77,34,0.508,False,611,372,758,822
77,52,0.4254,False,1245,0,1759,1072
77,57,0.4979,False,874,477,952,720
77,70,0.4927,False,505,483,553,648
77,76,0.4051,False,1736,623,1885,1075
77,47,0.3961,False,556,449,635,720
78,1,0.5695,False,114,421,233,771
78,2,0.5161,False,224,420,349,771
78,6,0.5304,False,364,408,491,762
78,7,0.9064,True,966,377,1111,831
78,8,0.5221,False,754,409,887,806
78,10,0.403,False,1171,473,1287,773
78,32,0.4345,False,1103,412,1217,748
78,34,0.5095,False,612,370,758,822
78,52,0.423,False,1212,0,1746,1071
78,57,0.4959,False,873,477,952,721
78,70,0.5078,False,504,483,553,650
78,47,0.4577,False,564,453,642,726
79,1,0.5842,False,116,421,234,769
79,2,0.5342,False,221,419,347,769
79,6,0.5325,False,362,410,487,761
79,7,0.9262,True,967,378,1110,825
79,8,0.5346,False,757,406,891,806
79,10,0.3853,False,1172,498,1279,769
79,32,0.3942,False,1118,489,1209,748
79,34,0.5141,False,613,369,760,821
79,52,0.4241,False,1182,1,1734,1072
79,57,0.5009,False,874,477,955,722
79,70,0.4929,False,503,483,553,651
79,47,0.5403,False,568,460,646,731
80,1,0.5728,False,118,420,236,769
80,2,0.5249,False,219,416,345,765
80,6,0.5232,False,361,411,485,760
80,7,0.9286,True,967,375,1110,820
80,8,0.5398,False,759,404,895,804
80,10,0.4404,False,1171,502,1275,767
80,32,0.388,False,1124,502,1213,749
80,34,0.5003,False,615,368,763,819
80,52,0.4091,False,1147,1,1712,1074
80,57,0.4854,False,881,476,962,722
80,70,0.4817,False,501,483,552,652
80,47,0.5994,False,573,462,650,732
80,81,0.5405,False,1832,327,1906,885
81,1,0.5802,False,119,419,237,766
81,2,0.5378,False,218,416,344,762
81,6,0.5366,False,360,412,483,759
81,7,0.923,True,968,377,1109,818
81,8,0.5319,False,762,401,899,803
81,10,0.4107,False,1161,518,1254,763
81,32,0.3776,False,1122,517,1208,752
81,34,0.4842,False,611,366,762,822
81,52,0.4139,False,1124,2,1700,1072
81,57,0.4757,False,885,473,967,721
81,70,0.4875,False,499,484,550,652
81,47,0.5846,False,575,464,651,733
81,81,0.5785,False,1822,329,1896,882
82,1,0.5626,False,120,417,238,764
82,2,0.5203,False,216,415,343,761
82,6,0.5196,False,361,415,482,760
82,7,0.9201,True,968,380,1108,816
82,8,0.5377,False,765,399,902,803
82,32,0.3921,False,1118,534,1197,746
82,34,0.4872,False,608,366,761,824
82,52,0.4064,False,1101,1,1686,1071
82,57,0.4634,False,885,469,968,721
82,70,0.487,False,499,485,550,650
82,47,0.5772,False,577,469,651,735
82,81,0.5875,False,1816,316,1893,882
83,1,0.5531,False,121,417,238,761
83,2,0.5242,False,217,415,343,761
83,6,0.5353,False,362,417,481,759
83,7,0.8944,True,970,382,1108,816
83,8,0.5386,False,766,398,904,805
83,32,0.3945,False,1117,548,1191,746
83,34,0.4779,False,611,364,766,826
83,52,0.4071,False,1082,2,1673,1070
83,57,0.4669,False,886,473,967,721
83,70,0.4787,False,499,487,550,651
83,47,0.5979,False,583,479,654,738
83,81,0.5554,False,1813,319,1892,883
84,1,0.5697,False,123,417,239,759
84,2,0.5165,False,217,415,344,759
84,6,0.5418,False,361,419,478,758
84,7,0.8788,True,970,383,1107,816
84,8,0.5372,False,767,398,906,808
84,32,0.3999,False,1123,556,1192,747
84,34,0.4792,False,612,364,769,827
84,52,0.4153,False,1061,2,1656,1069
84,57,0.4817,False,887,470,968,721
84,70,0.4969,False,498,487,550,651
84,81,0.5453,False,1812,332,1892,883
85,1,0.5722,False,123,417,239,759
85,2,0.5151,False,221,416,345,757
85,6,0.543,False,360,420,476,758
85,7,0.8568,True,974,383,1110,816
85,8,0.5391,False,767,397,908,811
85,32,0.4208,False,1112,563,1178,739
85,34,0.471,False,613,364,770,828
85,52,0.4304,False,1044,3,1641,1069
85,57,0.4829,False,889,472,968,718
85,70,0.4979,False,496,486,549,651
85,81,0.5472,False,1810,330,1893,882
85,86,0.5534,False,1631,352,1748,826
86,1,0.5622,False,124,418,239,758
86,2,0.5051,False,225,418,347,755
86,6,0.5224,False,358,420,473,758
86,7,0.8792,True,979,386,1115,815
86,8,0.5463,False,768,397,911,815
86,34,0.4634,False,613,365,771,830
86,52,0.4371,False,1030,4,1627,1070
86,57,0.4905,False,889,475,967,719
86,70,0.4873,False,495,486,549,652
86,81,0.5326,False,1806,326,1893,879
86,86,0.5668,False,1623,356,1741,832
87,1,0.5495,False,125,419,239,758
87,2,0.5018,False,228,422,348,755
87,6,0.5148,False,355,418,470,758
87,7,0.8931,True,982,381,1119,814
87,8,0.532,False,769,400,912,818
87,34,0.4773,False,617,367,774,831
87,52,0.4348,False,1020,2,1614,1069
87,57,0.4833,False,890,475,967,718
87,70,0.4881,False,493,487,549,654
87,81,0.5075,False,1802,325,1892,879
87,86,0.5745,False,1611,356,1732,837
88,1,0.5534,False,126,420,240,757
88,2,0.5021,False,228,424,346,755
88,6,0.5192,False,353,417,468,757
88,7,0.8669,True,985,380,1121,811
88,8,0.5289,False,770,401,913,820
88,34,0.4803,False,612,369,769,831
88,52,0.4278,False,1012,7,1597,1070
88,57,0.4739,False,893,475,967,710
88,70,0.4835,False,491,486,548,652
88,81,0.5298,False,1795,322,1890,882
88,86,0.5965,False,1602,358,1725,836
89,1,0.5603,False,128,419,242,755
89,2,0.506,False,228,428,343,755
89,6,0.5297,False,352,416,466,756
89,7,0.8563,True,986,377,1122,811
89,8,0.5322,False,770,400,915,823
89,34,0.484,False,618,371,774,832
89,52,0.4202,False,1013,12,1588,1072
89,57,0.468,False,894,473,968,711
89,70,0.4826,False,488,486,545,652
89,81,0.5416,False,1785,323,1886,886
89,86,0.6085,False,1599,360,1723,831
90,1,0.5567,False,130,420,244,756
90,2,0.5167,False,229,432,342,756
90,6,0.5225,False,349,416,463,754
90,7,0.8762,True,986,380,1121,810
90,8,0.5336,False,770,400,916,825
90,34,0.4892,False,622,370,780,836
90,52,0.4279,False,1017,18,1579,1073
90,57,0.4773,False,890,470,967,718
90,70,0.4664,False,483,486,539,650
90,81,0.5584,False,1776,317,1884,882
90,86,0.6071,False,1598,361,1724,830
91,1,0.5646,False,130,420,245,755
91,2,0.5333,False,230,432,342,756
91,6,0.523,False,348,416,462,754
91,7,0.8945,True,985,379,1119,809
91,8,0.5312,False,771,399,917,827
91,34,0.4943,False,625,367,784,839
91,52,0.4336,False,1017,27,1563,1072
91,57,0.4824,False,888,470,965,723
91,70,0.4593,False,481,485,538,649
91,81,0.5604,False,1769,313,1883,881
91,86,0.6272,False,1594,359,1725,832
91,89,0.4908,False,526,510,571,647
92,1,0.5507,False,131,422,246,754
92,2,0.5202,False,232,432,343,757
92,6,0.5175,False,347,415,462,754
92,7,0.9002,True,986,377,1121,809
92,8,0.5465,False,772,398,919,830
92,34,0.4968,False,626,364,785,840
92,52,0.4342,False,1022,39,1549,1072
92,57,0.4817,False,888,468,965,724
92,70,0.4676,False,478,485,534,650
92,81,0.5849,False,1751,311,1870,880
92,86,0.6333,False,1590,359,1723,833
92,89,0.5176,False,521,509,567,648
93,1,0.5556,False,130,422,245,754
93,2,0.5204,False,232,432,343,756
93,6,0.5324,False,347,416,463,753
93,7,0.8847,True,988,376,1122,806
93,8,0.5462,False,774,398,920,830
93,34,0.4894,False,629,362,790,840
93,52,0.4413,False,1026,51,1534,1073
93,57,0.4756,False,890,472,967,726
93,70,0.4699,False,476,485,532,650
93,81,0.6099,False,1748,309,1874,880
93,86,0.6303,False,1586,358,1720,826
93,89,0.5054,False,524,509,569,647
94,1,0.5468,False,129,423,245,754
94,2,0.5051,False,233,431,343,754
94,6,0.5476,False,347,416,463,752
94,7,0.8877,True,986,377,1116,801
94,8,0.5388,False,775,397,921,830
94,34,0.4869,False,632,359,793,841
94,52,0.4312,False,1018,60,1511,1075
94,57,0.44,False,892,474,968,726
94,70,0.4656,False,476,483,531,648
94,81,0.6184,False,1740,310,1874,879
94,86,0.6242,False,1582,358,1718,823
94,89,0.5112,False,527,512,570,643
94,92,0.5203,False,1443,376,1522,778
95,1,0.5491,False,128,423,244,754
95,2,0.4968,False,234,432,343,754
95,6,0.5374,False,347,416,464,752
95,8,0.5308,False,783,396,929,829
95,34,0.4978,False,635,358,796,842
95,52,0.428,False,995,66,1477,1074
95,57,0.4493,False,893,469,970,729
95,70,0.4674,False,476,483,531,648
95,81,0.6116,False,1715,314,1856,877
95,86,0.6192,False,1576,358,1713,822
95,89,0.5181,False,526,510,569,643
95,92,0.5516,False,1436,386,1514,780
96,1,0.5321,False,125,423,241,754
96,2,0.5117,False,234,431,343,753
96,6,0.5409,False,347,416,464,750
96,8,0.5353,False,788,395,933,828
96,34,0.4964,False,639,354,801,843
96,52,0.42,False,975,81,1447,1074
96,57,0.4605,False,898,478,973,731
96,70,0.4409,False,473,481,530,649
96,81,0.6235,False,1696,323,1846,876
96,86,0.6209,False,1572,357,1710,822
96,89,0.4834,False,525,509,569,643
96,92,0.5084,False,1440,386,1519,783
96,93,0.6976,False,993,406,1075,666
97,1,0.5312,False,125,424,240,753
97,2,0.5293,False,235,431,343,752
97,6,0.5175,False,347,416,464,750
97,8,0.5397,False,794,396,938,827
97,34,0.5008,False,643,350,805,845
97,52,0.425,False,954,93,1420,1074
97,57,0.437,False,901,479,976,732
97,70,0.4379,False,472,480,530,647
97,81,0.6548,False,1669,327,1827,877
97,86,0.6075,False,1565,358,1707,835
97,89,0.4305,False,524,508,569,642
97,92,0.5087,False,1448,408,1523,782
97,93,0.6243,False,987,428,1062,665
97,96,0.5052,False,1363,353,1453,807
98,1,0.5262,False,124,425,238,751
98,2,0.5337,False,237,430,345,751
98,6,0.5404,False,348,419,465,750
98,8,0.5418,False,798,392,943,826
98,34,0.4972,False,647,348,810,846
98,52,0.43,False,949,103,1410,1076
98,57,0.4503,False,903,481,977,732
98,70,0.4566,False,472,481,529,647
98,81,0.6521,False,1652,333,1818,877
98,86,0.6405,False,1570,355,1716,841
98,89,0.4491,False,525,508,570,642
98,92,0.4935,False,1450,426,1523,781
98,96,0.4851,False,1350,352,1442,818
98,97,0.51,False,1467,428,1541,780
99,1,0.5388,False,124,424,236,748
99,2,0.5382,False,238,431,345,749
99,6,0.53,False,349,421,467,749
99,8,0.5539,False,799,391,944,827
99,34,0.5091,False,653,350,815,847
99,52,0.4209,False,949,115,1402,1075
99,57,0.4602,False,906,477,979,730
99,70,0.4694,False,472,483,528,645
99,81,0.651,False,1639,335,1814,878
99,86,0.6434,False,1569,356,1717,843
99,89,0.4386,False,533,507,577,642
99,92,0.5172,False,1444,428,1518,779
99,96,0.5098,False,1337,353,1432,830
99,97,0.532,False,1465,429,1539,779
99,101,0.3976,False,594,424,686,727
100,1,0.5504,False,122,423,234,746
100,2,0.5388,False,238,431,346,749
100,6,0.5283,False,350,422,469,750
100,8,0.5474,False,804,392,947,828
100,34,0.4954,False,657,349,819,848
100,52,0.4165,False,945,117,1392,1074
100,57,0.5228,False,897,427,983,738
100,70,0.4752,False,470,485,526,645
100,81,0.6349,False,1631,338,1813,877
100,86,0.6344,False,1571,353,1723,848
100,89,0.4605,False,535,507,580,643
100,96,0.5165,False,1325,353,1421,827
100,97,0.5113,False,1451,430,1526,779
100,101,0.4106,False,594,423,689,735
100,103,0.6296,False,1859,452,1916,777
100,104,0.468,False,616,422,698,748
100,105,0.4598,False,520,507,558,641
101,1,0.532,False,120,423,233,746
101,2,0.5262,False,239,431,346,748
101,6,0.5466,False,351,424,470,751
101,8,0.545,False,808,392,951,830
101,34,0.501,False,662,347,826,851
101,52,0.4253,False,933,117,1374,1074
101,70,0.4749,False,469,486,526,648
101,81,0.6274,False,1621,342,1810,873
101,86,0.6198,False,1571,349,1727,851
101,89,0.4738,False,536,508,581,642
101,96,0.5322,False,1315,358,1412,822
101,97,0.5123,False,1449,430,1524,777
101,101,0.3908,False,596,418,693,737
101,103,0.6524,False,1861,473,1915,779
101,105,0.484,False,518,508,556,640
101,92,0.5211,False,1427,432,1504,777
102,1,0.5349,False,118,422,231,745
102,2,0.5269,False,238,431,345,747
102,6,0.5469,False,351,425,471,750
102,8,0.5458,False,808,390,952,830
102,34,0.4909,False,665,351,828,852
102,52,0.4224,False,912,117,1350,1075
102,70,0.4795,False,468,487,524,650
102,81,0.6584,False,1614,343,1809,870
102,86,0.6243,False,1572,350,1730,851
102,89,0.516,False,538,509,582,643
102,96,0.5566,False,1304,357,1400,798
102,97,0.5075,False,1451,430,1520,743
102,101,0.3735,False,598,419,695,741
102,103,0.6531,False,1858,466,1914,778
102,105,0.4746,False,517,508,555,641
102,92,0.5479,False,1418,431,1500,779
103,1,0.5619,False,117,422,231,745
103,2,0.5182,False,238,432,345,746
103,6,0.5381,False,351,426,472,750
103,8,0.5237,False,807,388,950,833
103,34,0.4809,False,668,352,831,850
103,52,0.4181,False,888,116,1325,1075
103,70,0.4703,False,468,488,525,650
103,81,0.668,False,1603,342,1807,869
103,86,0.6431,False,1569,345,1729,852
103,89,0.5267,False,542,505,587,644
103,96,0.5678,False,1295,356,1394,793
103,97,0.5137,False,1450,429,1525,765
103,101,0.3773,False,598,424,693,744
103,103,0.6353,False,1857,460,1914,780
103,105,0.4863,False,517,508,556,642
103,92,0.5337,False,1412,429,1499,779
103,110,0.4793,False,1447,438,1541,636
104,1,0.5607,False,117,422,231,745
104,2,0.5121,False,237,431,345,746
104,6,0.5371,False,352,429,472,749
104,8,0.5419,False,805,386,950,835
104,34,0.4733,False,672,353,834,846
104,52,0.4192,False,861,115,1295,1075
104,70,0.4581,False,468,488,525,650
104,81,0.6714,False,1595,343,1803,866
104,86,0.664,False,1567,344,1709,792
104,89,0.5337,False,544,506,587,645
104,96,0.5546,False,1283,354,1388,801
104,97,0.5489,False,1456,430,1530,755
104,101,0.3677,False,600,429,694,746
104,103,0.6211,False,1856,453,1915,781
104,105,0.4628,False,516,509,556,647
104,92,0.4859,False,1395,434,1485,782
104,110,0.4735,False,1450,437,1544,635
105,1,0.5487,False,118,422,232,745
105,2,0.5228,False,236,430,344,746
105,6,0.5381,False,352,428,473,748
105,8,0.526,False,791,382,932,831
105,34,0.486,False,673,352,836,846
105,52,0.4126,False,824,116,1256,1075
105,70,0.437,False,468,489,525,651
105,81,0.6754,False,1587,342,1799,862
105,89,0.5197,False,541,507,585,646
105,96,0.5459,False,1272,354,1382,804
105,101,0.3774,False,603,427,700,752
105,103,0.616,False,1855,438,1917,782
105,105,0.4453,False,515,511,554,644
105,92,0.4932,False,1380,448,1467,773
105,110,0.474,False,1451,437,1545,635
106,1,0.5435,False,119,423,232,744
106,2,0.5211,False,234,432,342,746
106,6,0.5416,False,352,429,473,748
106,8,0.5462,False,783,402,912,829
106,34,0.4833,False,670,352,834,854
106,52,0.4099,False,799,126,1227,1075
106,70,0.4506,False,468,490,524,651
106,81,0.6664,False,1582,342,1794,859
106,89,0.5324,False,542,511,584,645
106,96,0.5207,False,1262,352,1376,807
106,101,0.3704,False,606,427,703,758
106,103,0.6222,False,1852,434,1915,780
106,105,0.4452,False,515,512,553,642
106,110,0.4717,False,1451,437,1545,635
107,1,0.5399,False,120,424,232,743
107,2,0.5101,False,234,434,342,746
107,6,0.5344,False,353,430,473,747
107,34,0.4908,False,667,352,830,860
107,52,0.4256,False,773,127,1202,1074
107,70,0.4363,False,468,497,523,650
107,81,0.6705,False,1576,341,1787,853
107,89,0.5163,False,543,515,585,646
107,96,0.5246,False,1252,345,1372,809
107,103,0.6519,False,1848,418,1915,782
107,105,0.4079,False,514,512,552,645
107,110,0.475,False,1451,437,1544,635
107,104,0.378,False,611,443,686,743
108,1,0.5477,False,121,424,232,744
108,2,0.5024,False,233,434,341,746
108,6,0.5357,False,353,429,473,745
108,34,0.4776,False,670,348,832,864
108,52,0.4277,False,754,129,1184,1073
108,70,0.4469,False,468,498,522,649
108,81,0.6527,False,1572,358,1774,849
108,89,0.5121,False,545,517,586,647
108,96,0.5173,False,1245,345,1369,812
108,103,0.6508,False,1846,405,1916,786
108,110,0.4759,False,1451,437,1544,635
108,104,0.3877,False,614,459,683,732
108,101,0.3561,False,609,431,703,751
109,1,0.5402,False,122,426,233,744
109,2,0.5126,False,232,436,340,747
109,6,0.5245,False,353,428,472,741
109,34,0.4509,False,678,348,838,864
109,52,0.4179,False,738,133,1167,1074
109,70,0.4087,False,467,497,521,648
109,81,0.643,False,1559,346,1763,846
109,89,0.5212,False,545,518,586,647
109,96,0.5042,False,1238,345,1365,808
109,103,0.6207,False,1843,396,1917,798
109,110,0.4647,False,1451,437,1543,634
109,104,0.4186,False,618,467,682,723
109,117,0.4909,False,1176,411,1270,789
109,101,0.3381,False,613,437,703,746
110,1,0.5502,False,123,426,233,744
110,2,0.505,False,231,437,338,747
110,6,0.5135,False,352,427,471,740
110,34,0.4563,False,685,346,843,866
110,52,0.4298,False,718,137,1149,1074
110,70,0.4027,False,463,493,518,648
110,81,0.6299,False,1555,357,1753,845
110,89,0.5207,False,546,515,587,647
110,96,0.5208,False,1232,347,1361,806
110,103,0.605,False,1841,392,1917,802
110,110,0.4662,False,1451,438,1542,634
110,104,0.4243,False,624,467,687,717
110,117,0.5047,False,1170,410,1264,786
110,101,0.3599,False,620,433,713,749
111,1,0.5591,False,124,423,234,746
111,2,0.5082,False,231,436,337,746
111,6,0.5068,False,351,424,470,739
111,34,0.467,False,687,342,845,869
111,52,0.4302,False,704,144,1135,1075
111,70,0.4235,False,461,489,517,647
111,81,0.6365,False,1550,352,1748,843
111,89,0.516,False,547,515,589,647
111,96,0.5176,False,1227,350,1359,805
111,103,0.6169,False,1838,390,1916,802
111,110,0.4681,False,1452,437,1543,634
111,104,0.4069,False,629,468,691,713
111,117,0.5322,False,1160,411,1253,781
111,101,0.3377,False,619,435,708,736
112,1,0.5601,False,125,424,234,745
112,2,0.5012,False,229,436,335,745
112,6,0.5104,False,350,423,468,738
112,34,0.4797,False,688,330,849,870
112,52,0.4236,False,699,150,1130,1075
112,70,0.4275,False,460,486,516,647
112,81,0.6307,False,1546,347,1745,843
112,89,0.5306,False,548,514,591,647
112,96,0.5075,False,1224,353,1357,800
112,103,0.6284,False,1835,392,1914,805
112,110,0.4655,False,1452,438,1543,634
112,104,0.4139,False,631,465,694,711
112,117,0.5524,False,1153,414,1246,779
112,101,0.3492,False,619,437,707,734
113,1,0.5633,False,127,425,235,744
113,2,0.518,False,227,435,332,743
113,6,0.5061,False,349,422,466,738
113,34,0.4559,False,677,325,837,871
113,52,0.4157,False,686,155,1115,1073
113,70,0.4279,False,459,485,515,647
113,81,0.612,False,1545,350,1742,843
113,89,0.5338,False,548,514,591,648
113,96,0.5217,False,1220,354,1354,798
113,103,0.6275,False,1833,395,1912,805
113,110,0.4691,False,1453,438,1543,634
113,117,0.5708,False,1152,415,1247,780
113,101,0.3658,False,621,434,710,736
114,1,0.5789,False,129,428,236,743
114,2,0.5294,False,227,434,330,742
114,6,0.5199,False,348,422,465,738
114,34,0.4279,False,680,332,837,870
114,52,0.4202,False,676,161,1103,1071
114,70,0.4554,False,459,484,513,646
114,81,0.6184,False,1543,355,1739,843
114,89,0.5298,False,547,512,591,648
114,96,0.5148,False,1215,354,1352,801
114,103,0.6163,False,1829,395,1910,801
114,110,0.4686,False,1453,438,1543,634
114,117,0.5749,False,1151,417,1245,781
114,101,0.3697,False,621,431,711,739
114,123,0.3589,False,501,506,535,642
115,1,0.5579,False,131,429,236,741
115,2,0.5147,False,226,434,328,741
115,6,0.5358,False,347,422,463,738
115,34,0.4496,False,674,283,845,871
115,52,0.4286,False,663,172,1087,1070
115,70,0.441,False,458,485,511,645
115,81,0.6142,False,1540,357,1736,842
115,89,0.5447,False,550,511,593,647
115,96,0.5251,False,1211,356,1351,802
115,103,0.6048,False,1827,395,1910,805
115,110,0.4594,False,1453,438,1542,634
115,117,0.6179,False,1121,414,1217,770
115,101,0.3656,False,625,424,721,755
115,123,0.3786,False,501,506,535,642
116,1,0.5637,False,132,430,237,739
116,2,0.4991,False,227,433,327,739
116,6,0.5395,False,347,421,463,736
116,52,0.4364,False,654,181,1077,1071
116,70,0.4388,False,458,485,510,645
116,81,0.6253,False,1536,359,1733,843
116,89,0.5209,False,549,509,594,648
116,96,0.5275,False,1208,357,1349,799
116,103,0.5902,False,1825,395,1911,807
116,110,0.4758,False,1452,438,1542,635
116,117,0.813,True,1104,416,1203,771
116,101,0.3692,False,627,420,726,760
116,123,0.3597,False,503,507,536,641
116,86,0.6566,False,1525,349,1677,832
117,1,0.5653,False,132,429,237,737
117,2,0.5041,False,228,433,326,737
117,6,0.5417,False,346,421,461,736
117,52,0.4311,False,642,183,1065,1072
117,70,0.4403,False,458,488,510,646
117,81,0.6342,False,1534,362,1732,844
117,89,0.5199,False,550,508,595,648
117,96,0.5242,False,1207,358,1348,795
117,103,0.604,False,1812,396,1901,807
117,110,0.4567,False,1449,438,1538,635
117,117,0.8584,True,1078,413,1180,770
117,101,0.367,False,628,408,730,762
117,123,0.3607,False,503,506,537,641
117,128,0.4949,False,1363,451,1444,727
117,86,0.6434,False,1515,350,1652,804
118,1,0.5594,False,133,428,237,737
118,2,0.509,False,228,434,326,737
118,6,0.5222,False,346,422,460,736
118,52,0.4308,False,636,184,1058,1073
118,70,0.4265,False,457,489,508,645
118,81,0.6219,False,1531,362,1731,844
118,89,0.5469,False,550,509,595,648
118,96,0.5282,False,1204,359,1347,799
118,103,0.5989,False,1806,397,1900,807
118,110,0.4374,False,1445,438,1534,636
118,117,0.8617,True,1071,406,1175,772
118,101,0.3659,False,633,403,735,763
118,123,0.3497,False,503,507,538,642
118,128,0.4736,False,1352,454,1433,726
118,86,0.6595,False,1515,358,1653,819
119,1,0.5775,False,133,427,237,736
119,2,0.5102,False,228,436,325,737
119,6,0.5206,False,347,428,459,736
119,52,0.4455,False,629,186,1048,1074
119,70,0.4455,False,457,492,507,644
119,81,0.6208,False,1577,378,1752,809
119,89,0.5443,False,549,510,595,648
119,96,0.5177,False,1200,360,1345,802
119,103,0.598,False,1799,395,1897,805
119,110,0.4412,False,1445,436,1533,635
119,117,0.8621,True,1067,404,1174,773
119,101,0.3935,False,635,401,737,766
119,123,0.357,False,504,507,539,641
119,128,0.4945,False,1349,452,1431,725
119,86,0.6456,False,1514,356,1657,836
120,1,0.5691,False,133,428,238,737
120,2,0.5133,False,229,437,324,738
120,6,0.5299,False,347,432,457,736
120,52,0.456,False,625,187,1039,1068
120,70,0.4769,False,457,495,507,646
120,81,0.5596,False,1598,385,1759,793
120,89,0.5326,False,550,512,596,647
120,96,0.5165,False,1199,361,1343,798
120,103,0.5839,False,1799,395,1900,805
120,110,0.4538,False,1446,436,1531,634
120,117,0.843,True,1062,398,1175,779
120,101,0.4323,False,638,408,738,768
120,123,0.3609,False,506,507,540,641
120,128,0.4722,False,1369,449,1452,724
120,86,0.6575,False,1512,356,1657,841
121,1,0.5607,False,134,429,238,737
121,2,0.5268,False,230,440,323,738
121,6,0.523,False,347,434,455,735
121,52,0.4545,False,624,189,1030,1060
121,70,0.5171,False,457,498,507,648
121,81,0.573,False,1604,390,1759,789
121,89,0.5248,False,552,512,598,647
121,96,0.5314,False,1198,366,1340,794
121,103,0.5701,False,1796,394,1902,805
121,110,0.4512,False,1447,435,1529,634
121,117,0.8297,True,1057,400,1173,782
121,101,0.451,False,645,457,733,771
121,123,0.3599,False,507,507,543,642
121,128,0.4836,False,1380,446,1464,724
121,86,0.6516,False,1505,357,1651,844
121,133,0.6663,False,1137,416,1221,770
122,1,0.5663,False,134,428,238,736
122,2,0.5148,False,232,445,322,736
122,6,0.5057,False,345,435,453,736
122,52,0.4593,False,621,188,1019,1052
122,70,0.4952,False,456,501,506,648
122,81,0.588,False,1602,394,1755,788
122,89,0.5233,False,551,513,597,647
122,96,0.5384,False,1196,367,1338,794
122,103,0.5697,False,1791,395,1899,802
122,110,0.4777,False,1440,432,1539,681
122,117,0.8258,True,1053,404,1172,785
122,123,0.3596,False,507,507,543,643
122,128,0.4869,False,1383,446,1468,724
122,86,0.6451,False,1496,358,1641,843
122,133,0.7392,True,1135,419,1220,773
123,1,0.566,False,134,428,238,735
123,2,0.5237,False,233,447,323,736
123,6,0.505,False,344,436,451,736
123,52,0.4532,False,618,190,1013,1056
123,70,0.4893,False,455,501,505,649
123,81,0.5821,False,1599,396,1750,786
123,89,0.5298,False,554,513,600,649
123,96,0.5336,False,1193,366,1337,797
123,103,0.5905,False,1788,395,1899,800
123,117,0.8333,True,1052,403,1174,787
123,123,0.3655,False,507,506,545,645
123,128,0.5131,False,1377,444,1465,725
123,86,0.6613,False,1490,360,1634,843
123,133,0.7953,True,1136,419,1220,772
123,138,0.376,False,982,372,1056,687
124,1,0.5602,False,135,433,237,735
124,2,0.5503,False,234,446,324,736
124,6,0.4992,False,345,434,451,735
124,52,0.4504,False,619,196,1008,1060
124,70,0.4883,False,454,501,504,648
124,81,0.595,False,1598,397,1749,786
124,89,0.5196,False,556,512,604,649
124,96,0.531,False,1191,366,1335,796
124,103,0.5714,False,1784,396,1898,796
124,117,0.8555,True,1057,401,1182,788
124,123,0.3575,False,510,505,548,644
124,128,0.4955,False,1382,442,1472,726
124,86,0.6523,False,1485,355,1629,833
124,138,0.3734,False,984,373,1060,693
125,1,0.5546,False,134,435,236,733
125,2,0.5333,False,234,444,325,736
125,6,0.4975,False,345,433,450,734
125,52,0.4516,False,622,201,1004,1061
125,70,0.4857,False,455,499,505,647
125,81,0.6002,False,1594,397,1746,785
125,89,0.5079,False,558,511,607,649
125,96,0.5319,False,1190,366,1335,796
125,103,0.5841,False,1775,394,1896,798
125,117,0.8477,True,1062,402,1189,787
125,123,0.374,False,511,505,549,644
125,128,0.4871,False,1385,443,1476,726
125,86,0.6496,False,1482,355,1626,831
125,138,0.3977,False,981,372,1062,712
126,1,0.5609,False,135,436,235,732
126,2,0.5253,False,236,444,327,736
126,6,0.5101,False,344,430,449,732
126,52,0.4709,False,624,204,998,1062
126,70,0.4858,False,454,497,504,646
126,81,0.5911,False,1601,398,1752,783
126,89,0.5246,False,560,512,609,649
126,96,0.5433,False,1187,368,1332,796
126,103,0.5781,False,1769,393,1895,797
126,117,0.829,True,1067,400,1196,787
126,123,0.347,False,513,504,552,644
126,128,0.4662,False,1380,449,1469,726
126,86,0.6545,False,1482,358,1628,831
126,138,0.4804,False,969,370,1078,827
127,1,0.5574,False,134,438,235,733
127,2,0.4935,False,236,445,327,737
127,6,0.4923,False,343,428,449,731
127,52,0.4804,False,618,207,986,1063
127,70,0.4735,False,452,495,501,645
127,81,0.5928,False,1608,398,1755,778
127,89,0.5205,False,560,512,610,649
127,96,0.5354,False,1185,367,1331,797
127,103,0.5917,False,1765,395,1894,796
127,117,0.8339,True,1073,400,1202,786
127,123,0.3519,False,514,504,554,646
127,128,0.5079,False,1386,446,1477,725
127,86,0.6579,False,1479,357,1627,828
127,138,0.4927,False,964,370,1084,867
128,1,0.557,False,132,441,231,732
128,2,0.5146,False,235,442,327,734
128,6,0.5069,False,343,427,449,729
128,52,0.4696,False,612,214,974,1062
128,70,0.4374,False,451,497,498,642
128,81,0.5924,False,1611,395,1756,774
128,89,0.5156,False,560,512,610,650
128,96,0.5236,False,1182,365,1329,797
128,103,0.6099,False,1760,399,1892,796
128,117,0.8304,True,1074,398,1204,786
128,123,0.3525,False,516,502,556,644
128,128,0.5011,False,1386,447,1478,725
128,86,0.6502,False,1476,363,1623,825
128,138,0.5111,False,965,367,1090,881
129,1,0.5459,False,131,444,228,730
129,2,0.515,False,236,440,328,734
129,6,0.4993,False,343,426,449,729
129,52,0.4635,False,605,223,960,1062
129,70,0.4176,False,450,496,497,643
129,81,0.5893,False,1610,393,1754,772
129,89,0.5091,False,560,511,612,650
129,96,0.5309,False,1176,362,1325,796
129,103,0.6245,False,1752,409,1883,796
129,117,0.8688,True,1084,394,1213,790
129,123,0.354,False,517,503,557,645
129,128,0.4777,False,1388,447,1480,724
129,86,0.648,False,1471,363,1620,825
129,138,0.5145,False,970,364,1099,889
129,146,0.6589,False,1456,368,1580,818
130,1,0.5312,False,130,444,227,731
130,2,0.5083,False,236,439,328,732
130,6,0.508,False,344,425,450,730
130,52,0.4619,False,601,232,950,1060
130,70,0.4428,False,449,495,496,644
130,81,0.606,False,1611,391,1755,772
130,89,0.514,False,565,514,615,650
130,96,0.5351,False,1172,363,1318,794
130,103,0.6548,False,1748,413,1878,796
130,117,0.8642,True,1090,388,1218,788
130,123,0.3554,False,518,503,558,646
130,128,0.4969,False,1386,453,1475,723
130,86,0.6492,False,1463,363,1614,823
130,138,0.5364,False,975,361,1108,893
130,146,0.6626,False,1445,364,1569,815
131,1,0.5297,False,128,445,224,730
131,2,0.5217,False,237,438,330,731
131,6,0.5041,False,344,425,450,730
131,52,0.4578,False,602,238,945,1054
131,70,0.4749,False,448,494,496,644
131,81,0.5791,False,1610,393,1753,773
131,89,0.5167,False,567,514,616,651
131,96,0.5359,False,1170,365,1314,792
131,103,0.6473,False,1744,414,1874,796
131,117,0.8396,True,1095,382,1222,790
131,123,0.3429,False,518,502,559,644
131,128,0.4794,False,1386,456,1474,721
131,86,0.6535,False,1455,365,1608,823
131,138,0.5326,False,974,364,1110,891
131,146,0.6217,False,1439,377,1560,816
131,149,0.4794,False,1345,429,1404,656
132,1,0.5229,False,127,442,223,729
132,2,0.5281,False,238,438,331,729
132,6,0.5083,False,344,425,450,730
132,52,0.4541,False,601,244,936,1046
132,70,0.4603,False,447,494,495,643
132,81,0.5879,False,1608,394,1751,775
132,89,0.5397,False,569,515,617,651
132,96,0.5405,False,1167,368,1310,792
132,103,0.658,False,1741,413,1872,794
132,117,0.8103,True,1094,384,1219,791
132,123,0.3488,False,519,502,560,644
132,128,0.4998,False,1384,451,1473,720
132,86,0.658,False,1450,367,1604,823
132,138,0.5425,False,975,360,1115,887
132,149,0.4954,False,1346,427,1404,652
133,1,0.527,False,126,442,222,728
133,2,0.49,False,239,437,333,729
133,6,0.5083,False,345,427,449,728
133,52,0.4592,False,599,255,926,1040
133,70,0.4708,False,447,495,494,642
133,81,0.5946,False,1608,395,1749,775
133,89,0.5223,False,567,513,616,650
133,96,0.5369,False,1163,369,1305,794
133,103,0.6684,False,1737,414,1870,793
133,117,0.7524,True,1095,368,1222,791
133,123,0.3536,False,520,501,562,644
133,128,0.5215,False,1385,460,1470,721
133,86,0.6539,False,1446,369,1601,822
133,138,0.5397,False,976,357,1120,885
133,149,0.4997,False,1344,429,1406,670
133,153,0.5604,False,1879,463,1919,778
134,1,0.56,False,127,443,222,726
134,2,0.5076,False,240,438,335,728
134,6,0.4983,False,346,431,449,727
134,52,0.4666,False,593,248,918,1038
134,70,0.4878,False,448,494,495,640
134,81,0.6164,False,1610,394,1750,774
134,89,0.5203,False,569,509,619,649
134,96,0.5473,False,1158,370,1299,794
134,103,0.6692,False,1732,412,1865,790
134,123,0.3471,False,522,501,564,645
134,128,0.542,False,1384,460,1467,722
134,86,0.6507,False,1444,372,1599,822
134,138,0.5333,False,986,357,1133,884
134,149,0.4942,False,1345,430,1409,678
134,153,0.5706,False,1878,462,1918,777
134,154,0.3807,False,851,310,978,733
135,1,0.5229,False,123,442,219,727
135,2,0.5129,False,242,441,336,728
135,6,0.5135,False,345,434,448,727
135,52,0.4934,False,573,245,891,1021
135,70,0.4948,False,449,500,495,640
135,81,0.594,False,1611,398,1749,773
135,96,0.5417,False,1154,373,1295,794
135,103,0.6343,False,1729,407,1864,787
135,123,0.3375,False,524,501,566,643
135,128,0.5189,False,1381,449,1464,721
135,86,0.6635,False,1441,374,1595,822
135,138,0.5271,False,1005,352,1158,885
135,149,0.4935,False,1347,431,1410,674
135,153,0.6019,False,1875,468,1916,791
135,154,0.4139,False,852,306,985,745
135,105,0.447,False,491,516,527,638
136,1,0.5257,False,122,444,218,727
136,2,0.5009,False,242,443,337,727
136,6,0.519,False,345,438,446,727
136,52,0.5118,False,562,243,874,1001
136,70,0.4899,False,448,502,492,637
136,81,0.6062,False,1615,401,1751,772
136,96,0.5275,False,1151,375,1292,795
136,103,0.6122,False,1727,412,1860,784
136,123,0.354,False,524,494,572,653
136,128,0.502,False,1382,443,1463,719
136,86,0.6432,False,1437,378,1590,821
136,138,0.5466,False,1023,333,1185,888
136,149,0.4883,False,1348,429,1409,661
136,153,0.6152,False,1875,470,1917,802
136,154,0.4164,False,853,306,989,753
136,105,0.436,False,489,519,526,635
137,1,0.5293,False,122,445,218,725
137,2,0.4856,False,242,443,337,726
137,6,0.5105,False,343,440,445,728
137,52,0.4898,False,552,244,861,995
137,70,0.4606,False,448,504,492,638
137,81,0.6042,False,1619,406,1752,771
137,96,0.5377,False,1149,375,1289,792
137,103,0.5952,False,1723,416,1858,786
137,123,0.4345,False,525,496,572,654
137,86,0.6354,False,1436,379,1588,819
137,138,0.5094,False,1031,325,1199,890
137,149,0.4974,False,1348,429,1408,655
137,153,0.6393,False,1867,469,1913,825
137,154,0.4162,False,836,307,1009,878
137,105,0.4334,False,489,519,527,633
138,1,0.5299,False,122,446,218,725
138,2,0.5079,False,242,446,337,726
138,6,0.5103,False,343,442,444,728
138,52,0.4941,False,538,243,851,993
138,70,0.4549,False,448,505,492,639
138,81,0.6097,False,1626,409,1759,771
138,96,0.5533,False,1149,376,1288,791
138,103,0.5865,False,1722,414,1857,783
138,86,0.6483,False,1434,379,1585,814
138,138,0.5314,False,1035,344,1203,891
138,149,0.5047,False,1347,429,1407,652
138,153,0.6392,False,1862,460,1912,833
138,154,0.4269,False,835,308,1017,909
138,105,0.458,False,490,517,529,634
139,1,0.5096,False,122,446,218,724
139,2,0.5164,False,240,447,335,725
139,6,0.5156,False,343,444,444,727
139,52,0.4696,False,529,246,844,993
139,70,0.4785,False,446,504,491,641
139,81,0.6195,False,1629,409,1762,769
139,96,0.5298,False,1152,376,1287,787
139,103,0.5902,False,1720,418,1855,783
139,86,0.6476,False,1432,377,1581,809
139,138,0.5153,False,1035,347,1207,893
139,149,0.5049,False,1347,429,1407,652
139,153,0.6514,False,1858,445,1910,836
139,154,0.4395,False,833,304,1023,929
139,105,0.4711,False,486,516,527,636
140,1,0.514,False,121,443,219,725
140,2,0.5141,False,240,450,334,726
140,6,0.5103,False,343,445,443,726
140,52,0.4736,False,520,247,838,992
140,70,0.4888,False,446,506,492,640
140,81,0.6047,False,1637,413,1768,769
140,96,0.5664,False,1153,370,1287,782
140,103,0.5765,False,1717,419,1852,785
140,86,0.6346,False,1431,378,1577,803
140,138,0.5191,False,1037,350,1213,894
140,149,0.4914,False,1346,429,1406,650
140,153,0.6315,False,1853,431,1908,834
140,154,0.4463,False,834,304,1027,937
141,1,0.5171,False,121,444,219,725
141,2,0.5126,False,239,453,333,726
141,6,0.4997,False,342,446,443,726
141,52,0.4763,False,513,247,834,992
141,70,0.4453,False,447,505,492,640
141,81,0.5848,False,1646,421,1777,773
141,96,0.5499,False,1158,370,1288,780
141,103,0.5719,False,1717,423,1850,784
141,86,0.6243,False,1429,379,1575,802
141,138,0.5291,False,1040,351,1219,895
141,149,0.4858,False,1346,428,1406,650
141,153,0.613,False,1848,420,1907,832
141,154,0.4635,False,838,306,1033,947
142,1,0.5368,False,121,444,218,725
142,2,0.5175,False,238,454,332,726
142,6,0.4995,False,342,447,442,727
142,52,0.4761,False,505,249,829,996
142,70,0.4473,False,447,505,493,641
142,81,0.564,False,1651,421,1776,757
142,96,0.5546,False,1170,376,1294,778
142,103,0.5805,False,1715,422,1846,781
142,86,0.6373,False,1429,378,1575,801
142,138,0.5409,False,1043,351,1226,896
142,149,0.4877,False,1346,428,1407,650
142,153,0.5958,False,1844,406,1907,832
142,154,0.4767,False,843,303,1041,949
143,1,0.5272,False,123,449,218,723
143,2,0.5197,False,237,455,331,725
143,6,0.498,False,341,447,442,726
143,52,0.4688,False,498,252,822,995
143,70,0.438,False,447,505,493,640
143,81,0.5795,False,1653,422,1777,756
143,96,0.5731,False,1178,374,1299,776
143,103,0.5826,False,1706,421,1838,779
143,86,0.6523,False,1429,377,1576,801
143,138,0.5501,False,1053,349,1243,898
143,149,0.4878,False,1346,428,1407,650
143,153,0.6175,False,1839,397,1905,833
143,154,0.4849,False,848,299,1046,945
144,1,0.5406,False,125,450,219,723
144,2,0.4985,False,237,455,330,726
144,6,0.4991,False,341,446,441,724
144,52,0.456,False,495,257,819,995
144,70,0.4221,False,444,504,492,641
144,81,0.5841,False,1653,422,1776,757
144,96,0.5583,False,1186,371,1304,775
144,103,0.5976,False,1703,420,1835,781
144,86,0.6299,False,1425,376,1572,801
144,138,0.5361,False,1059,346,1252,899
144,149,0.469,False,1345,428,1406,650
144,153,0.6072,False,1833,400,1903,836
144,154,0.4892,False,854,295,1053,947
145,1,0.5502,False,125,452,220,724
145,2,0.5061,False,235,455,329,726
145,6,0.4978,False,341,445,441,722
145,52,0.4459,False,493,260,816,993
145,70,0.4146,False,443,504,492,641
145,81,0.5735,False,1657,427,1777,752
145,96,0.5992,False,1199,390,1308,772
145,103,0.5888,False,1701,420,1833,778
145,86,0.6289,False,1421,374,1568,802
145,138,0.5745,False,1068,345,1262,899
145,149,0.4751,False,1344,429,1405,651
145,153,0.5807,False,1827,399,1901,836
145,154,0.491,False,859,292,1058,949
146,1,0.562,False,126,452,220,726
146,2,0.5111,False,234,454,328,725
146,6,0.4959,False,341,443,441,721
146,52,0.4408,False,490,266,812,991
146,70,0.4082,False,442,501,491,641
146,81,0.5759,False,1661,419,1787,764
146,96,0.6777,False,1212,419,1309,766
146,103,0.608,False,1700,418,1832,780
146,86,0.6181,False,1419,374,1565,800
146,138,0.5677,False,1076,341,1270,898
146,149,0.4753,False,1344,428,1405,651
146,153,0.5023,False,1821,399,1899,837
146,154,0.4853,False,865,289,1065,951
147,1,0.5484,False,125,452,220,726
147,2,0.5079,False,233,454,326,723
147,6,0.498,False,341,443,441,721
147,52,0.4415,False,488,272,807,989
147,70,0.4283,False,442,499,490,640
147,81,0.5747,False,1669,415,1798,774
147,96,0.7465,True,1220,419,1315,766
147,103,0.6011,False,1698,417,1830,780
147,86,0.6174,False,1418,375,1563,798
147,138,0.5676,False,1090,338,1286,897
147,149,0.4756,False,1343,429,1403,651
147,153,0.5502,False,1816,400,1897,833
147,154,0.4686,False,874,284,1077,951
148,1,0.513,False,125,452,219,725
148,2,0.4893,False,234,452,326,721
148,6,0.4856,False,342,440,442,719
148,52,0.435,False,488,276,804,987
148,70,0.4276,False,444,497,494,640
148,81,0.5837,False,1684,414,1811,775
148,96,0.7229,True,1226,395,1326,766
148,103,0.6141,False,1701,419,1835,792
148,86,0.6209,False,1417,376,1561,799
148,138,0.6027,False,1108,333,1303,898
148,149,0.4887,False,1343,430,1404,653
148,153,0.6023,False,1807,399,1893,833
148,154,0.4831,False,880,279,1083,949
148,170,0.4565,False,789,450,883,745
149,1,0.527,False,126,452,219,722
149,2,0.4959,False,234,451,326,721
149,6,0.4894,False,341,438,441,718
149,52,0.4334,False,485,278,800,985
149,70,0.4174,False,444,496,494,640
149,81,0.6137,False,1693,415,1817,777
149,96,0.6725,False,1229,368,1335,762
149,103,0.609,False,1704,419,1841,808
149,86,0.6237,False,1417,378,1559,799
149,138,0.5874,False,1115,333,1313,901
149,149,0.4864,False,1344,430,1404,652
149,153,0.6002,False,1816,398,1904,828
149,154,0.4993,False,887,277,1089,948
149,170,0.4593,False,787,449,882,749
150,1,0.5198,False,127,453,219,719
150,2,0.4958,False,235,452,326,719
150,6,0.4857,False,340,437,439,717
150,52,0.4487,False,485,278,798,980
150,70,0.4729,False,444,498,492,637
150,81,0.601,False,1696,413,1817,768
150,96,0.6902,False,1240,399,1338,760
150,103,0.5981,False,1707,422,1839,807
150,86,0.6198,False,1417,380,1559,799
150,138,0.5849,False,1123,334,1324,907
150,149,0.471,False,1344,429,1404,651
150,153,0.6007,False,1789,403,1885,827
150,154,0.5002,False,892,275,1093,945
150,170,0.4356,False,784,448,881,754
150,173,0.4178,False,1557,457,1613,565
151,1,0.5368,False,127,452,219,718
151,2,0.4965,False,237,452,327,716
151,6,0.4928,False,337,436,436,717
151,52,0.4523,False,486,278,795,974
151,70,0.4925,False,446,502,494,639
151,81,0.5711,False,1696,415,1817,779
151,96,0.6804,False,1250,407,1344,759
151,103,0.5985,False,1733,417,1876,821
151,86,0.6256,False,1417,382,1558,799
151,138,0.5776,False,1128,334,1333,916
151,149,0.4783,False,1343,429,1403,651
151,153,0.573,False,1796,408,1894,826
151,154,0.4874,False,900,273,1101,945
151,170,0.4596,False,784,448,880,751
151,173,0.4303,False,1559,458,1615,564
151,175,0.493,False,1612,440,1700,691
152,1,0.5176,False,128,452,219,717
152,2,0.4786,False,238,453,327,715
152,6,0.4912,False,335,437,434,717
152,52,0.4617,False,490,278,792,958
152,70,0.4453,False,447,508,493,640
152,81,0.5576,False,1692,424,1809,785
152,96,0.6977,False,1255,424,1345,761
152,103,0.586,False,1737,418,1887,825
152,86,0.62,False,1418,383,1559,798
152,138,0.5645,False,1138,334,1340,913
152,149,0.4757,False,1344,430,1404,650
152,154,0.5062,False,910,270,1114,947
152,170,0.4509,False,782,447,880,757
152,173,0.4419,False,1565,456,1623,564
152,175,0.4892,False,1613,440,1701,690
153,1,0.5221,False,128,451,220,717
153,2,0.493,False,239,453,327,716
153,6,0.4943,False,333,439,432,717
153,52,0.4785,False,495,278,789,942
153,70,0.4279,False,446,510,492,640
153,81,0.53,False,1695,428,1814,800
153,96,0.6935,False,1260,422,1348,762
153,103,0.6133,False,1735,420,1891,826
153,86,0.6181,False,1418,383,1558,797
153,138,0.5532,False,1141,336,1342,912
153,149,0.4719,False,1344,430,1404,649
153,154,0.5227,False,923,267,1131,949
153,170,0.451,False,780,444,879,760
153,173,0.5111,False,1573,455,1631,563
153,175,0.5046,False,1615,440,1703,690
153,117,0.5522,False,1086,392,1196,771
154,1,0.5199,False,129,451,221,718
154,2,0.4885,False,239,454,326,715
154,6,0.491,False,332,441,430,716
154,52,0.4728,False,499,278,787,930
154,70,0.4463,False,445,511,491,638
154,81,0.541,False,1699,430,1819,806
154,96,0.6641,False,1265,402,1355,761
154,103,0.5768,False,1733,426,1892,827
154,86,0.6119,False,1417,382,1558,796
154,138,0.544,False,1148,337,1349,913
154,149,0.4842,False,1343,430,1404,651
154,154,0.5104,False,939,267,1152,949
154,170,0.4685,False,778,440,879,764
154,173,0.4811,False,1581,456,1640,565
154,175,0.5078,False,1617,440,1705,689
154,117,0.5998,False,1085,391,1191,768
155,1,0.5248,False,129,451,221,717
155,2,0.5016,False,240,455,327,715
155,6,0.4895,False,332,441,430,716
155,52,0.4689,False,501,280,785,927
155,70,0.4633,False,444,512,488,636
155,96,0.6358,False,1266,372,1361,760
155,103,0.5755,False,1730,423,1894,826
155,86,0.6199,False,1417,382,1558,795
155,138,0.5692,False,1153,338,1355,921
155,149,0.4812,False,1345,428,1407,651
155,154,0.4902,False,950,271,1167,949
155,170,0.4456,False,778,441,879,765
155,173,0.4824,False,1583,455,1642,564
155,175,0.5102,False,1617,438,1705,690
155,117,0.6176,False,1082,388,1189,778
156,1,0.5437,False,129,451,222,716
156,2,0.5049,False,242,456,328,716
156,6,0.4838,False,331,442,429,717
156,52,0.4747,False,503,282,784,927
156,70,0.4726,False,443,509,488,638
156,103,0.5492,False,1721,426,1883,820
156,86,0.6364,False,1418,382,1557,791
156,138,0.5635,False,1156,338,1358,924
156,149,0.4911,False,1346,426,1409,650
156,154,0.5062,False,956,273,1179,956
156,170,0.4653,False,781,440,881,766
156,175,0.5203,False,1611,440,1698,691
156,117,0.6172,False,1087,383,1195,777
157,1,0.549,False,131,452,222,714
157,2,0.5036,False,243,459,328,716
157,6,0.4806,False,330,444,427,717
157,52,0.4706,False,505,284,784,929
157,70,0.4812,False,442,508,487,639
157,103,0.5776,False,1717,423,1880,817
157,86,0.6296,False,1418,382,1556,789
157,138,0.5418,False,1159,338,1362,927
157,149,0.4735,False,1342,428,1406,651
157,154,0.5013,False,957,273,1185,962
157,170,0.4582,False,783,433,884,767
157,175,0.4769,False,1602,443,1689,687
157,105,0.3868,False,481,518,521,634
158,1,0.5468,False,131,454,222,713
158,2,0.4987,False,243,460,329,714
158,6,0.4743,False,329,446,424,718
158,52,0.4701,False,509,287,783,928
158,70,0.4975,False,441,507,487,640
158,103,0.5934,False,1714,421,1878,814
158,86,0.6242,False,1417,382,1555,789
158,138,0.5286,False,1163,336,1366,929
158,154,0.4755,False,958,271,1191,967
158,170,0.4478,False,786,431,887,767
158,175,0.4747,False,1601,443,1689,689
158,186,0.4673,False,742,388,820,775
158,187,0.544,False,1883,463,1917,773
158,105,0.4218,False,481,515,521,634
158,117,0.605,False,1098,386,1200,763
159,1,0.5523,False,133,456,222,712
159,2,0.5112,False,244,460,329,715
159,6,0.433,False,328,449,421,717
159,52,0.4696,False,513,290,783,930
159,70,0.4987,False,442,508,488,641
159,103,0.5983,False,1702,425,1866,810
159,86,0.6267,False,1416,382,1553,788
159,138,0.5385,False,1173,333,1376,928
159,154,0.4851,False,960,271,1196,974
159,170,0.446,False,790,434,889,768
159,175,0.5223,False,1599,443,1689,691
159,186,0.4701,False,737,389,818,782
159,187,0.5461,False,1884,466,1917,774
159,105,0.4343,False,481,516,520,634
159,188,0.4906,False,886,450,979,754
159,117,0.5985,False,1105,386,1205,766
159,81,0.578,False,1690,430,1811,808
160,1,0.5316,False,133,458,222,713
160,2,0.521,False,243,462,328,716
160,6,0.451,False,325,445,418,715
160,52,0.4542,False,519,297,782,929
160,70,0.5108,False,442,508,488,642
160,103,0.5627,False,1699,421,1866,809
160,86,0.6242,False,1416,383,1552,787
160,138,0.5578,False,1194,329,1398,928
160,154,0.4937,False,971,270,1207,978
160,170,0.4215,False,791,430,892,770
160,175,0.505,False,1601,441,1692,692
160,186,0.4645,False,734,388,817,788
160,187,0.5822,False,1877,458,1912,779
160,105,0.4354,False,479,514,519,637
160,188,0.4936,False,894,452,987,757
160,81,0.586,False,1689,421,1815,817
161,1,0.531,False,133,459,222,714
161,2,0.5066,False,243,462,329,716
161,6,0.4564,False,323,444,416,715
161,52,0.4575,False,521,303,780,931
161,70,0.5167,False,443,507,489,641
161,103,0.5338,False,1695,421,1864,807
161,86,0.6211,False,1416,383,1551,786
161,138,0.5409,False,1209,323,1412,930
161,154,0.4891,False,976,266,1213,983
161,170,0.4415,False,793,428,894,771
161,175,0.5093,False,1601,440,1693,693
161,186,0.4636,False,732,386,815,787
161,187,0.5839,False,1870,457,1907,781
161,105,0.4409,False,481,514,520,637
161,188,0.4733,False,901,453,995,760
161,190,0.5692,False,1879,464,1918,782
162,1,0.5379,False,133,459,222,714
162,2,0.52,False,242,462,328,713
162,6,0.4672,False,321,443,414,714
162,52,0.4656,False,527,334,772,932
162,70,0.5283,False,444,506,490,637
162,86,0.6188,False,1415,382,1550,786
162,138,0.5299,False,1222,320,1422,931
162,154,0.4806,False,979,260,1216,983
162,170,0.4434,False,795,427,895,771
162,175,0.5155,False,1602,441,1693,691
162,186,0.4463,False,730,384,816,793
162,187,0.5608,False,1867,446,1906,782
162,105,0.4272,False,481,514,520,636
162,188,0.4759,False,905,457,999,764
162,190,0.5673,False,1880,463,1918,781
162,192,0.4971,False,1563,465,1613,557
162,153,0.4832,False,1783,418,1867,761
162,81,0.5694,False,1691,418,1816,809
163,1,0.55,False,132,458,221,714
163,2,0.5117,False,240,460,328,713
163,6,0.4739,False,320,443,413,713
163,52,0.4725,False,524,323,771,932
163,70,0.5338,False,445,507,491,635
163,86,0.6331,False,1414,383,1549,786
163,138,0.5379,False,1223,316,1423,931
163,154,0.5002,False,983,258,1219,984
163,170,0.4469,False,796,428,895,771
163,175,0.5332,False,1606,440,1695,689
163,186,0.4433,False,728,383,817,801
163,187,0.5954,False,1869,449,1909,784
163,105,0.4357,False,483,514,521,636
163,188,0.4833,False,909,457,1004,766
163,190,0.5621,False,1881,462,1920,781
163,192,0.4325,False,1569,466,1618,556
163,153,0.489,False,1783,421,1870,763
163,81,0.5976,False,1691,416,1817,804
163,103,0.5925,False,1696,419,1864,800
164,1,0.5264,False,131,458,219,713
164,2,0.5012,False,240,459,329,713
164,6,0.4709,False,320,442,412,712
164,52,0.4581,False,523,324,765,927
164,70,0.5114,False,442,505,489,636
164,86,0.6309,False,1413,384,1547,786
164,138,0.5342,False,1228,314,1428,931
164,154,0.5002,False,990,254,1222,985
164,170,0.438,False,796,429,894,773
164,175,0.5124,False,1608,442,1696,690
164,186,0.4531,False,725,382,817,806
164,187,0.553,False,1866,437,1908,785
164,105,0.4136,False,484,512,524,637
164,188,0.4782,False,906,456,1003,768
164,190,0.557,False,1881,460,1920,782
164,192,0.4397,False,1575,466,1623,555
164,153,0.5146,False,1787,421,1876,766
164,81,0.5844,False,1687,417,1814,804
165,1,0.5383,False,130,458,218,711
165,2,0.5211,False,244,460,332,712
165,6,0.4702,False,320,441,412,713
165,52,0.4535,False,519,325,759,923
165,70,0.4923,False,442,504,488,636
165,86,0.6206,False,1412,386,1546,786
165,138,0.5559,False,1240,309,1441,932
165,154,0.5102,False,998,252,1227,985
165,170,0.4434,False,797,432,893,774
165,175,0.5161,False,1612,441,1698,690
165,186,0.4638,False,719,380,814,808
165,187,0.5851,False,1867,441,1910,786
165,105,0.4302,False,486,513,525,637
165,188,0.4839,False,904,455,1002,771
165,190,0.5755,False,1881,458,1920,781
165,192,0.4381,False,1580,466,1630,558
165,153,0.4835,False,1792,420,1881,764
165,81,0.5659,False,1687,423,1813,805
166,1,0.5356,False,131,457,219,711
166,2,0.5225,False,246,460,333,712
166,6,0.4705,False,321,441,413,713
166,52,0.467,False,514,324,752,920
166,70,0.4676,False,441,503,488,635
166,86,0.6147,False,1415,388,1547,786
166,138,0.5541,False,1246,308,1450,939
166,154,0.5104,False,1006,252,1230,983
166,170,0.4435,False,795,437,890,774
166,175,0.5451,False,1614,441,1699,690
166,186,0.4579,False,717,380,815,811
166,187,0.5717,False,1868,440,1912,784
166,188,0.4811,False,903,454,1004,772
166,190,0.5581,False,1881,457,1920,779
166,153,0.5085,False,1795,421,1884,760
166,81,0.5697,False,1683,427,1810,804
167,1,0.523,False,131,456,219,709
167,2,0.5156,False,246,460,333,712
167,6,0.4643,False,321,441,413,713
167,52,0.4805,False,510,326,745,914
167,70,0.4618,False,441,502,488,635
167,86,0.5996,False,1422,390,1551,788
167,138,0.5818,False,1263,306,1474,944
167,154,0.4887,False,1019,252,1240,982
167,170,0.4596,False,796,438,890,775
167,175,0.5134,False,1618,443,1700,689
167,186,0.4644,False,713,378,814,812
167,187,0.5573,False,1869,437,1914,783
167,188,0.4723,False,904,452,1007,772
167,190,0.5646,False,1881,454,1920,777
167,153,0.5079,False,1797,423,1887,760
167,81,0.5626,False,1678,431,1803,804
167,192,0.3897,False,1589,464,1642,560
168,1,0.5323,False,131,455,219,707
168,2,0.5263,False,248,460,333,708
168,6,0.4574,False,321,441,412,712
168,52,0.4814,False,505,327,740,910
168,70,0.4211,False,439,503,485,635
168,86,0.5895,False,1427,403,1549,786
168,138,0.5706,False,1279,306,1497,947
168,154,0.4837,False,1026,247,1248,985
168,170,0.4974,False,797,434,892,775
168,175,0.4837,False,1625,444,1704,687
168,186,0.4497,False,714,392,814,814
168,187,0.5675,False,1868,440,1914,783
168,188,0.484,False,908,451,1012,772
168,190,0.5546,False,1881,455,1919,777
168,153,0.5015,False,1796,425,1889,763
168,81,0.5882,False,1681,433,1809,804
168,192,0.3673,False,1595,464,1647,561
169,1,0.5436,False,129,454,218,707
169,2,0.4888,False,248,460,332,705
169,6,0.452,False,321,443,411,711
169,52,0.4794,False,503,333,734,903
169,70,0.4561,False,437,504,483,634
169,138,0.5648,False,1293,310,1518,949
169,154,0.4663,False,1038,246,1263,996
169,170,0.4671,False,797,427,894,776
169,175,0.5074,False,1638,451,1705,657
169,186,0.4336,False,723,382,825,812
169,187,0.5686,False,1866,440,1913,782
169,188,0.4749,False,914,450,1019,771
169,190,0.5525,False,1880,452,1919,777
169,153,0.5147,False,1793,428,1888,766
169,81,0.5635,False,1675,437,1806,804
169,192,0.3544,False,1599,464,1652,562
170,1,0.5319,False,128,454,217,707
170,2,0.488,False,248,462,330,703
170,6,0.4533,False,321,444,411,711
170,52,0.4706,False,502,342,730,898
170,70,0.4739,False,438,504,484,635
170,138,0.5616,False,1303,313,1535,952
170,154,0.463,False,1049,244,1278,1007
170,170,0.4878,False,806,431,899,770
170,186,0.4105,False,728,377,832,811
170,187,0.5681,False,1865,441,1913,781
170,188,0.4876,False,909,450,1016,773
170,190,0.5595,False,1880,452,1919,778
170,153,0.5254,False,1790,429,1887,766
170,81,0.5858,False,1671,440,1804,803
170,192,0.394,False,1603,464,1657,564
171,1,0.5358,False,126,454,217,708
171,2,0.4978,False,245,462,327,701
171,6,0.4602,False,321,445,410,711
171,52,0.4752,False,498,341,727,896
171,70,0.5015,False,440,505,485,635
171,138,0.5674,False,1309,310,1548,957
171,154,0.4952,False,1060,244,1292,1008
171,170,0.4649,False,814,432,900,748
171,186,0.4101,False,732,371,840,811
171,187,0.5662,False,1865,441,1913,781
171,188,0.4934,False,906,448,1015,774
171,190,0.5641,False,1879,453,1919,778
171,153,0.5365,False,1789,429,1888,765
171,81,0.5772,False,1666,440,1801,802
171,196,0.4538,False,401,507,446,635
171,197,0.5238,False,1779,435,1862,757
172,1,0.5357,False,126,454,217,708
172,2,0.5128,False,242,461,325,700
172,6,0.4789,False,320,445,410,712
172,52,0.492,False,496,353,723,895
172,70,0.4965,False,441,506,486,635
172,138,0.5819,False,1309,309,1555,962
172,154,0.5109,False,1068,242,1305,1014
172,170,0.469,False,816,432,901,749
172,186,0.4005,False,734,368,843,813
172,187,0.5582,False,1864,442,1913,782
172,188,0.4996,False,905,446,1015,775
172,190,0.5669,False,1879,450,1919,779
172,153,0.5314,False,1790,431,1889,762
172,81,0.5932,False,1662,437,1799,799
172,196,0.4485,False,401,507,447,636
172,197,0.5226,False,1777,435,1860,756
173,1,0.5407,False,126,454,217,708
173,2,0.5208,False,238,465,322,702
173,6,0.4752,False,320,446,409,713
173,52,0.4774,False,495,365,720,894
173,70,0.4702,False,442,506,487,635
173,138,0.5732,False,1308,306,1560,969
173,154,0.5063,False,1082,243,1321,1020
173,170,0.4745,False,816,432,904,763
173,186,0.4163,False,734,366,844,815
173,187,0.5445,False,1864,440,1914,781
173,188,0.5317,False,903,444,1013,777
173,190,0.5602,False,1878,447,1918,778
173,153,0.5426,False,1792,431,1891,761
173,81,0.5837,False,1664,435,1800,793
173,196,0.4514,False,401,507,447,636
173,197,0.5594,False,1777,435,1861,758
174,1,0.5376,False,124,455,215,708
174,2,0.5364,False,238,466,322,704
174,6,0.4574,False,320,449,408,712
174,52,0.4785,False,488,344,724,895
174,70,0.4489,False,441,506,487,637
174,138,0.5729,False,1309,306,1563,972
174,154,0.5071,False,1094,244,1336,1026
174,170,0.4525,False,823,430,906,745
174,186,0.4261,False,735,365,847,818
174,187,0.5395,False,1861,427,1915,781
174,188,0.5191,False,905,445,1016,778
174,190,0.5439,False,1877,443,1918,776
174,153,0.522,False,1792,431,1893,764
174,81,0.5829,False,1659,433,1797,792
174,196,0.4537,False,401,507,448,639
174,199,0.4982,False,1033,394,1105,751
175,1,0.55,False,123,456,213,708
175,2,0.5677,False,240,467,324,705
175,6,0.4752,False,319,450,407,711
175,52,0.4692,False,491,364,720,895
175,70,0.4446,False,441,505,487,638
175,138,0.5581,False,1311,304,1567,973
175,154,0.5205,False,1099,239,1348,1039
175,170,0.4754,False,829,430,908,730
175,186,0.4208,False,742,365,856,821
175,187,0.5593,False,1860,424,1915,781
175,188,0.5174,False,905,445,1016,778
175,190,0.5355,False,1876,440,1917,776
175,153,0.5347,False,1791,432,1893,764
175,81,0.5505,False,1652,432,1790,790
175,196,0.4462,False,402,507,448,639
175,199,0.5216,False,1034,401,1106,752
176,1,0.5487,False,123,457,213,709
176,2,0.5494,False,240,467,325,706
176,6,0.4872,False,320,451,407,710
176,52,0.4769,False,492,374,719,893
176,70,0.4458,False,440,505,486,638
176,138,0.5585,False,1319,302,1576,975
176,154,0.523,False,1106,236,1358,1045
176,170,0.4407,False,835,434,913,730
176,186,0.436,False,750,365,867,821
176,187,0.5377,False,1860,425,1915,781
176,188,0.5174,False,907,446,1018,780
176,190,0.5357,False,1876,439,1918,777
176,153,0.5398,False,1790,433,1893,764
176,81,0.5652,False,1646,432,1785,788
176,196,0.4408,False,401,507,447,639
176,199,0.5278,False,1035,403,1108,754
176,197,0.5804,False,1777,436,1860,760
177,1,0.5397,False,127,458,214,704
177,2,0.5405,False,242,464,327,703
177,6,0.4951,False,319,450,407,710
177,52,0.4701,False,486,346,726,895
177,70,0.4437,False,441,506,486,638
177,138,0.5698,False,1335,300,1591,976
177,154,0.5002,False,1113,234,1368,1052
177,170,0.4518,False,839,432,914,722
177,186,0.4425,False,754,366,874,823
177,187,0.5316,False,1860,437,1914,781
177,188,0.5181,False,909,445,1022,781
177,190,0.5318,False,1875,437,1918,778
177,153,0.5125,False,1794,434,1897,759
177,81,0.6089,False,1641,431,1781,786
177,196,0.433,False,401,507,448,638
177,199,0.5298,False,1036,399,1113,757
177,197,0.5934,False,1778,437,1860,759
178,1,0.526,False,128,460,214,706
178,2,0.5199,False,241,465,324,703
178,6,0.4653,False,318,450,406,709
178,52,0.4586,False,484,336,728,896
178,70,0.4486,False,441,506,486,637
178,138,0.5703,False,1351,295,1606,974
178,154,0.5055,False,1116,229,1372,1057
178,170,0.4655,False,843,434,916,718
178,186,0.4371,False,758,368,879,825
178,187,0.5168,False,1860,438,1915,782
178,188,0.5195,False,910,444,1025,782
178,190,0.5106,False,1875,438,1918,779
178,153,0.4904,False,1797,435,1900,755
178,81,0.6111,False,1637,430,1777,786
178,196,0.4609,False,400,505,447,639
178,199,0.5533,False,1034,401,1111,756
178,197,0.5939,False,1776,442,1856,759
179,1,0.543,False,129,461,214,708
179,2,0.5227,False,238,465,321,702
179,6,0.4902,False,318,449,406,710
179,52,0.4618,False,484,335,728,896
179,70,0.4683,False,442,506,487,637
179,138,0.5611,False,1375,292,1628,973
179,154,0.5078,False,1127,228,1380,1058
179,170,0.4664,False,848,439,922,731
179,186,0.4526,False,759,370,883,829
179,187,0.5077,False,1862,436,1917,782
179,188,0.5195,False,912,442,1029,783
179,190,0.5143,False,1879,433,1920,773
179,153,0.495,False,1805,435,1907,755
179,81,0.6043,False,1636,430,1778,788
179,196,0.4632,False,399,506,446,640
179,199,0.5416,False,1030,408,1108,755
180,1,0.5348,False,130,461,214,709
180,2,0.516,False,237,464,320,702
180,6,0.4709,False,318,449,405,707
180,52,0.4437,False,485,338,727,894
180,70,0.4558,False,442,506,487,636
180,138,0.5695,False,1397,290,1645,973
180,154,0.5004,False,1137,218,1392,1058
180,170,0.4855,False,850,438,925,735
180,186,0.4383,False,763,369,888,829
180,187,0.5228,False,1859,432,1916,783
180,188,0.4897,False,913,444,1030,786
180,190,0.5174,False,1878,436,1920,775
180,153,0.5737,False,1801,434,1908,764
180,81,0.6104,False,1635,429,1779,789
180,196,0.4423,False,398,507,445,639
180,199,0.544,False,1027,410,1106,754
181,1,0.5338,False,133,461,218,709
181,2,0.5335,False,236,463,320,703
181,6,0.4688,False,317,447,405,705
181,52,0.4391,False,488,344,727,893
181,70,0.4903,False,443,507,487,636
181,138,0.5448,False,1417,290,1661,976
181,154,0.4981,False,1146,212,1400,1057
181,170,0.4954,False,847,444,927,765
181,186,0.4316,False,764,369,892,832
181,187,0.5168,False,1858,436,1915,782
181,188,0.4935,False,915,445,1032,787
181,190,0.5213,False,1880,441,1920,774
181,153,0.5675,False,1801,433,1908,762
181,81,0.6176,False,1630,431,1773,788
181,196,0.4692,False,398,509,443,638
181,199,0.5336,False,1022,415,1102,751
181,96,0.5679,False,1381,392,1478,775
182,1,0.5397,False,135,461,220,709
182,2,0.5496,False,235,463,320,704
182,6,0.4696,False,317,446,406,704
182,52,0.4439,False,490,345,728,890
182,70,0.5079,False,443,508,487,636
182,138,0.561,False,1403,289,1651,989
182,154,0.4814,False,1154,212,1406,1057
182,186,0.3967,False,764,370,892,836
182,187,0.5357,False,1858,441,1915,781
182,188,0.4844,False,917,444,1035,786
182,190,0.5267,False,1882,444,1920,774
182,153,0.5592,False,1804,439,1911,763
182,81,0.6032,False,1631,434,1772,787
182,196,0.4672,False,397,510,442,637
182,199,0.5394,False,1018,419,1098,746
182,96,0.5668,False,1386,384,1486,775
183,1,0.5299,False,136,461,221,708
183,2,0.546,False,235,463,319,704
183,6,0.4828,False,318,445,406,704
183,52,0.4495,False,492,346,728,887
183,70,0.5442,False,443,508,488,635
183,138,0.569,False,1429,287,1675,1000
183,154,0.4852,False,1161,207,1413,1057
183,186,0.4005,False,764,369,894,839
183,187,0.5733,False,1853,443,1911,778
183,188,0.489,False,920,445,1038,786
183,153,0.5785,False,1809,444,1915,764
183,81,0.5905,False,1630,436,1770,786
183,196,0.4599,False,396,510,442,637
183,199,0.5365,False,1017,421,1096,742
183,96,0.5788,False,1390,392,1490,772
184,1,0.5292,False,136,462,220,705
184,2,0.5422,False,234,463,319,704
184,6,0.4605,False,317,446,407,706
184,52,0.4545,False,492,345,726,883
184,70,0.4978,False,443,507,488,635
184,138,0.5511,False,1449,286,1693,1006
184,154,0.4941,False,1170,200,1423,1056
184,186,0.4141,False,762,364,893,837
184,187,0.5939,False,1852,447,1911,776
184,188,0.5007,False,920,446,1039,786
184,153,0.595,False,1812,450,1917,765
184,81,0.585,False,1633,436,1772,785
184,196,0.4692,False,396,510,442,637
184,199,0.5141,False,1014,421,1094,738
184,96,0.5877,False,1396,421,1493,772
184,208,0.4732,False,1103,463,1152,702
185,1,0.5253,False,136,463,219,703
185,2,0.5329,False,235,463,319,703
185,6,0.4574,False,318,450,406,706
185,52,0.4599,False,493,343,725,875
185,70,0.5192,False,442,507,488,635
185,138,0.5593,False,1470,287,1713,1005
185,154,0.5207,False,1180,196,1433,1055
185,186,0.4137,False,766,359,899,840
185,187,0.5589,False,1857,449,1916,780
185,188,0.487,False,920,442,1041,786
185,153,0.5891,False,1812,449,1916,761
185,81,0.5616,False,1635,437,1772,786
185,196,0.4708,False,396,510,442,637
185,199,0.5378,False,1013,423,1094,741
185,96,0.625,False,1401,408,1506,772
185,208,0.4412,False,1105,467,1154,703
186,1,0.5293,False,135,462,218,703
186,2,0.5398,False,234,464,317,702
186,6,0.453,False,317,449,405,704
186,52,0.4692,False,495,344,722,866
186,70,0.501,False,442,507,487,635
186,138,0.5652,False,1481,288,1729,1011
186,154,0.5133,False,1189,195,1443,1057
186,186,0.4166,False,773,356,908,839
186,187,0.5434,False,1857,444,1918,782
186,188,0.496,False,921,439,1044,786
186,153,0.6034,False,1812,443,1918,761
186,81,0.5373,False,1638,436,1773,785
186,196,0.4661,False,396,510,442,637
186,199,0.5563,False,1013,424,1093,736
186,96,0.5898,False,1401,409,1507,773
186,208,0.4376,False,1105,471,1153,703
187,1,0.529,False,135,462,218,703
187,2,0.5572,False,234,464,317,702
187,6,0.4491,False,317,449,405,703
187,52,0.4729,False,497,344,721,860
187,70,0.5061,False,441,507,486,634
187,138,0.5754,False,1490,288,1743,1018
187,154,0.5227,False,1205,193,1465,1065
187,186,0.4113,False,778,356,914,841
187,187,0.5493,False,1856,440,1918,782
187,188,0.5144,False,920,435,1044,785
187,153,0.6135,False,1813,439,1920,772
187,81,0.4881,False,1642,438,1774,785
187,196,0.4759,False,396,510,443,637
187,199,0.5827,False,1012,427,1092,735
187,96,0.5879,False,1399,409,1505,773
187,208,0.4517,False,1105,479,1151,701
187,209,0.4685,False,1734,437,1823,714
188,1,0.5291,False,135,462,218,703
188,2,0.5595,False,234,464,316,702
188,6,0.4573,False,317,451,405,704
188,52,0.4697,False,498,344,720,857
188,70,0.4907,False,440,507,485,635
188,138,0.5923,False,1492,287,1751,1026
188,154,0.5197,False,1225,190,1493,1070
188,186,0.4205,False,787,352,923,839
188,187,0.555,False,1856,437,1918,782
188,188,0.5125,False,919,433,1044,786
188,153,0.6151,False,1814,436,1920,775
188,81,0.4799,False,1647,433,1776,780
188,196,0.4717,False,396,509,443,638
188,199,0.5811,False,1011,430,1088,728
188,96,0.5468,False,1402,409,1499,749
188,208,0.4397,False,1105,484,1151,701
188,209,0.4646,False,1736,441,1824,715
189,1,0.5216,False,135,461,219,704
189,2,0.5537,False,234,466,315,702
189,6,0.4673,False,318,454,405,705
189,52,0.4734,False,500,345,721,857
189,70,0.479,False,440,507,485,635
189,138,0.6052,False,1494,286,1758,1035
189,154,0.5224,False,1246,187,1525,1072
189,186,0.4276,False,791,347,928,838
189,187,0.5683,False,1855,435,1918,782
189,188,0.5155,False,919,432,1044,788
189,153,0.6047,False,1817,436,1920,777
189,81,0.485,False,1650,404,1783,774
189,196,0.465,False,396,509,443,637
189,199,0.5855,False,1009,431,1089,739
189,96,0.5955,False,1412,409,1502,728
189,208,0.4674,False,1105,487,1151,701
189,209,0.4733,False,1741,442,1830,718
190,1,0.5325,False,136,462,220,703
190,2,0.5573,False,234,468,314,702
190,6,0.4725,False,318,456,405,705
190,52,0.4549,False,503,348,722,856
190,70,0.4502,False,440,507,485,635
190,138,0.5866,False,1497,286,1764,1038
190,154,0.4931,False,1264,186,1554,1076
190,186,0.4274,False,796,345,933,838
190,187,0.6037,False,1850,438,1914,781
190,188,0.5312,False,919,431,1045,789
190,81,0.4704,False,1668,421,1784,754
190,196,0.4756,False,396,509,443,637
190,199,0.5739,False,1009,432,1089,744
190,96,0.5531,False,1423,411,1506,703
190,208,0.4622,False,1104,487,1150,700
190,209,0.4614,False,1746,442,1835,719
191,1,0.514,False,136,462,220,702
191,2,0.5664,False,234,471,313,702
191,6,0.4736,False,318,458,405,705
191,52,0.4437,False,506,350,722,856
191,70,0.4317,False,440,507,485,636
191,138,0.5735,False,1512,284,1779,1039
191,154,0.4847,False,1274,186,1574,1078
191,186,0.4217,False,799,346,936,838
191,187,0.6142,False,1848,439,1913,779
191,188,0.514,False,919,432,1045,789
191,196,0.4681,False,396,509,443,638
191,208,0.4479,False,1104,481,1151,700
191,209,0.45,False,1753,443,1841,718
192,1,0.52,False,137,463,220,701
192,2,0.5846,False,233,473,312,703
192,6,0.4901,False,319,460,405,705
192,52,0.4409,False,509,351,723,856
192,70,0.4308,False,439,506,485,636
192,138,0.5633,False,1529,279,1796,1040
192,154,0.4894,False,1268,188,1572,1075
192,186,0.4257,False,802,347,940,843
192,187,0.6061,False,1853,443,1917,780
192,188,0.4814,False,922,430,1051,791
192,196,0.4695,False,396,509,443,637
192,208,0.4491,False,1104,480,1152,700
192,209,0.4784,False,1757,437,1847,718
192,212,0.4946,False,488,523,523,640
192,214,0.5058,False,755,461,829,722
193,1,0.5196,False,137,464,220,699
193,2,0.5605,False,233,475,312,704
193,6,0.4862,False,318,460,405,705
193,52,0.4475,False,513,353,724,856
193,70,0.4666,False,439,506,486,637
193,138,0.5608,False,1541,275,1807,1040
193,154,0.499,False,1261,189,1566,1076
193,186,0.4244,False,805,346,944,846
193,187,0.627,False,1851,444,1915,779
193,188,0.4972,False,923,428,1055,792
193,196,0.4873,False,396,509,443,637
193,208,0.4532,False,1104,480,1152,700
193,209,0.4976,False,1759,443,1846,717
193,212,0.4965,False,487,514,524,636
193,214,0.5501,False,759,462,833,722
193,105,0.45,False,493,519,530,640
194,1,0.5138,False,137,464,219,699
194,2,0.5624,False,233,476,311,704
194,6,0.5129,False,319,463,405,705
194,52,0.4506,False,515,353,723,855
194,70,0.468,False,439,506,486,638
194,138,0.5677,False,1549,267,1817,1039
194,154,0.4766,False,1264,187,1567,1075
194,186,0.4358,False,808,346,948,851
194,187,0.6215,False,1847,447,1913,780
194,188,0.495,False,922,432,1056,794
194,196,0.4928,False,396,509,443,637
194,208,0.4487,False,1105,480,1153,701
194,209,0.4839,False,1768,450,1853,718
194,212,0.5036,False,488,513,525,635
194,214,0.5131,False,761,460,836,722
194,105,0.467,False,494,521,530,640
195,1,0.5171,False,137,465,219,699
195,2,0.5741,False,232,474,312,704
195,6,0.5003,False,318,463,405,705
195,52,0.4559,False,517,357,722,855
195,70,0.4676,False,439,506,486,637
195,138,0.583,False,1562,262,1835,1038
195,154,0.5134,False,1268,186,1569,1075
195,186,0.4337,False,811,345,951,850
195,187,0.6142,False,1857,449,1920,780
195,188,0.4742,False,928,433,1062,796
195,196,0.4776,False,397,510,444,638
195,208,0.4461,False,1104,480,1153,701
195,212,0.4731,False,489,513,526,634
195,214,0.5335,False,759,459,835,724
195,105,0.4533,False,495,523,530,639
196,1,0.5213,False,137,466,219,699
196,2,0.5535,False,232,472,312,703
196,6,0.4941,False,317,461,405,705
196,52,0.4516,False,518,362,719,854
196,70,0.4808,False,439,506,486,638
196,138,0.5659,False,1568,259,1845,1037
196,154,0.5095,False,1286,174,1587,1076
196,186,0.4361,False,813,346,953,849
196,187,0.5799,False,1864,452,1920,775
196,188,0.4816,False,932,436,1066,797
196,196,0.4946,False,398,509,444,637
196,208,0.4457,False,1104,477,1154,701
196,212,0.4819,False,489,517,524,631
196,214,0.5252,False,754,459,831,725
196,105,0.4527,False,495,530,529,639
197,1,0.5228,False,136,468,217,699
197,2,0.5401,False,232,470,312,701
197,6,0.4832,False,316,458,405,704
197,52,0.449,False,516,361,715,852
197,70,0.4628,False,440,505,486,637
197,138,0.5636,False,1578,259,1859,1040
197,154,0.5191,False,1288,173,1589,1074
197,186,0.4325,False,815,348,954,852
197,187,0.5696,False,1867,449,1920,774
197,188,0.4802,False,932,438,1066,797
197,196,0.484,False,397,509,443,637
197,208,0.4591,False,1102,476,1153,702
197,212,0.4557,False,489,521,522,629
197,214,0.5745,False,747,458,825,727
197,105,0.433,False,494,533,526,637
198,1,0.5229,False,137,469,217,699
198,2,0.5452,False,231,469,311,700
198,6,0.4929,False,316,458,404,704
198,52,0.463,False,515,363,711,850
198,70,0.4544,False,440,505,487,637
198,138,0.5855,False,1596,258,1884,1052
198,154,0.4935,False,1310,165,1610,1077
198,186,0.4311,False,818,349,957,852
198,188,0.4731,False,932,437,1067,797
198,196,0.4937,False,397,509,443,638
198,208,0.4645,False,1100,476,1152,703
198,212,0.4584,False,489,531,521,636
198,214,0.5753,False,741,455,822,728
198,190,0.5508,False,1882,453,1920,773
199,1,0.5132,False,137,469,217,698
199,2,0.5456,False,230,468,311,699
199,6,0.4701,False,315,457,404,702
199,52,0.4732,False,512,364,707,849
199,70,0.4712,False,440,505,487,637
199,138,0.5855,False,1610,256,1903,1057
199,154,0.4867,False,1325,160,1623,1077
199,186,0.4169,False,820,349,961,860
199,188,0.4992,False,939,435,1074,794
199,196,0.4899,False,397,509,443,637
199,208,0.4608,False,1100,476,1152,702
199,212,0.4678,False,487,525,523,641
199,214,0.5526,False,737,452,821,728
199,190,0.5613,False,1881,430,1920,776
200,1,0.5293,False,137,467,217,697
200,2,0.5505,False,230,468,311,697
200,6,0.4727,False,316,456,404,701
200,52,0.4948,False,509,364,703,846
200,70,0.5132,False,441,505,486,634
200,138,0.5833,False,1618,255,1915,1062
200,154,0.4834,False,1340,157,1637,1077
200,186,0.4049,False,823,348,964,857
200,188,0.4816,False,946,434,1080,794
200,196,0.498,False,397,511,442,636
200,208,0.4424,False,1099,475,1152,703
200,212,0.4841,False,489,518,526,642
200,214,0.5576,False,735,453,819,727
201,1,0.5234,False,138,467,216,695
201,2,0.5459,False,230,468,311,695
201,6,0.4799,False,316,456,404,699
201,52,0.4966,False,504,365,697,846
201,70,0.4775,False,440,506,486,634
201,138,0.549,False,1628,257,1919,1047
201,154,0.4978,False,1356,154,1651,1076
201,186,0.4188,False,824,347,967,864
201,188,0.45,False,953,433,1089,795
201,196,0.4813,False,398,511,443,635
201,208,0.4341,False,1098,475,1153,704
201,214,0.5591,False,732,456,816,725
201,215,0.5378,False,1300,461,1383,713
202,1,0.5159,False,137,467,215,693
202,2,0.5475,False,230,469,311,695
202,6,0.4862,False,316,455,405,699
202,52,0.4925,False,502,365,694,842
202,70,0.47,False,440,507,486,635
202,138,0.5471,False,1635,257,1920,1040
202,154,0.4974,False,1371,149,1664,1077
202,186,0.4367,False,824,344,969,868
202,188,0.4722,False,959,433,1094,794
202,196,0.5037,False,398,512,442,635
202,208,0.4476,False,1099,479,1154,703
202,214,0.5631,False,730,459,815,724
202,215,0.5428,False,1296,459,1380,714
203,1,0.5134,False,137,465,215,693
203,2,0.5311,False,230,469,311,693
203,6,0.4877,False,316,455,405,699
203,52,0.487,False,500,366,691,834
203,70,0.4794,False,440,506,487,634
203,138,0.5442,False,1641,255,1920,1038
203,154,0.499,False,1389,147,1682,1074
203,186,0.4223,False,826,338,974,870
203,188,0.4726,False,962,431,1098,795
203,196,0.4981,False,397,513,441,635
203,208,0.4258,False,1099,480,1154,703
203,214,0.5593,False,726,461,813,722
203,215,0.5368,False,1293,461,1376,713
204,1,0.5228,False,136,464,214,693
204,2,0.5182,False,230,470,311,690
204,6,0.4832,False,315,455,405,700
204,52,0.4801,False,499,366,689,830
204,70,0.4988,False,441,506,487,635
204,138,0.5644,False,1647,253,1920,1037
204,154,0.5001,False,1412,138,1709,1076
204,186,0.4456,False,826,330,977,873
204,188,0.4797,False,967,429,1104,797
204,196,0.4975,False,397,513,441,634
204,208,0.4222,False,1098,481,1153,703
204,214,0.5555,False,720,464,807,722
204,215,0.5386,False,1291,459,1375,713
205,1,0.5142,False,136,463,213,693
205,2,0.5105,False,231,471,311,688
205,6,0.4834,False,314,455,403,698
205,52,0.4886,False,497,365,688,828
205,70,0.4938,False,441,506,488,635
205,138,0.6029,False,1653,249,1920,1037
205,154,0.5035,False,1433,129,1734,1076
205,186,0.4418,False,826,327,980,875
205,188,0.5047,False,971,427,1110,801
205,196,0.4852,False,398,512,441,634
205,208,0.44,False,1098,480,1154,703
205,214,0.5412,False,712,466,802,720
205,215,0.5231,False,1289,456,1373,713
206,1,0.5114,False,135,463,213,693
206,2,0.5131,False,230,471,311,688
206,6,0.4744,False,315,456,403,696
206,52,0.4832,False,494,365,686,828
206,70,0.4655,False,441,505,489,635
206,138,0.6141,False,1663,243,1920,1037
206,154,0.5333,False,1452,128,1755,1076
206,186,0.4348,False,834,323,989,877
206,188,0.5029,False,974,425,1113,800
206,196,0.5076,False,398,511,441,633
206,208,0.4498,False,1099,480,1155,703
206,214,0.5743,False,707,464,799,718
206,215,0.5342,False,1285,455,1369,713
207,1,0.5067,False,135,463,213,693
207,2,0.4892,False,228,469,310,690
207,6,0.4732,False,315,456,403,694
207,52,0.488,False,492,364,685,827
207,70,0.4796,False,441,504,489,636
207,138,0.6045,False,1677,238,1920,1032
207,154,0.5567,False,1461,128,1765,1077
207,186,0.4194,False,840,322,994,874
207,188,0.4971,False,978,422,1117,800
207,196,0.501,False,397,509,441,634
207,208,0.457,False,1099,480,1156,704
207,214,0.6122,False,705,463,798,716
207,215,0.5195,False,1280,456,1364,713
207,217,0.4812,False,808,486,864,713
207,218,0.6638,False,1395,441,1477,737
208,1,0.4931,False,136,463,213,691
208,2,0.4844,False,227,469,309,690
208,6,0.495,False,314,458,401,693
208,52,0.4886,False,491,363,685,826
208,70,0.4299,False,440,503,490,637
208,138,0.6586,False,1680,158,1920,1036
208,154,0.5687,False,1471,128,1776,1078
208,186,0.4027,False,844,322,997,871
208,188,0.4993,False,984,423,1123,803
208,196,0.4693,False,398,508,442,634
208,208,0.4535,False,1100,478,1158,703
208,214,0.6216,False,704,461,798,714
208,215,0.5098,False,1276,456,1359,712
208,217,0.5101,False,810,486,867,715
208,218,0.6417,False,1399,439,1484,745
208,220,0.5476,False,1343,435,1403,656
209,1,0.4998,False,137,464,213,691
209,2,0.4902,False,226,469,308,692
209,6,0.4972,False,313,459,400,694
209,52,0.4795,False,490,363,684,824
209,70,0.467,False,440,505,489,637
209,138,0.6702,False,1687,77,1920,1040
209,154,0.5493,False,1478,120,1788,1076
209,186,0.406,False,846,320,999,874
209,188,0.5035,False,989,425,1125,806
209,196,0.4766,False,399,509,442,634
209,208,0.4656,False,1101,475,1160,703
209,214,0.6155,False,701,459,796,713
209,215,0.5126,False,1273,455,1355,711
209,217,0.5232,False,808,485,866,713
209,218,0.6104,False,1406,440,1494,752
209,220,0.5099,False,1341,435,1401,657
210,1,0.5026,False,137,465,213,691
210,2,0.5018,False,224,470,307,694
210,6,0.466,False,314,461,400,694
210,52,0.4679,False,489,365,682,822
210,70,0.4732,False,440,506,489,636
210,138,0.6174,False,1678,28,1920,1050
210,154,0.521,False,1504,117,1812,1073
210,186,0.4109,False,850,320,1004,876
210,188,0.4993,False,994,426,1129,808
210,196,0.4657,False,400,509,442,634
210,208,0.4288,False,1102,471,1161,703
210,214,0.6072,False,696,458,792,714
210,215,0.5019,False,1271,455,1353,712
210,217,0.5113,False,805,497,860,711
210,218,0.6114,False,1412,441,1501,753
210,220,0.5114,False,1341,436,1400,654
211,1,0.5187,False,137,467,212,691
211,2,0.5014,False,224,469,307,695
211,6,0.4693,False,313,465,396,692
211,52,0.4628,False,488,367,680,821
211,70,0.4888,False,441,506,489,637
211,138,0.5404,False,1664,6,1920,1059
211,154,0.5435,False,1517,113,1822,1070
211,186,0.4198,False,855,319,1011,880
211,188,0.5063,False,999,427,1132,810
211,196,0.4648,False,400,509,442,633
211,208,0.4434,False,1102,467,1162,703
211,214,0.5999,False,695,459,790,714
211,215,0.5117,False,1268,455,1350,712
211,217,0.5271,False,806,500,861,713
211,218,0.6097,False,1412,436,1505,752
211,220,0.4846,False,1341,436,1399,652
212,1,0.4933,False,137,469,211,691
212,2,0.5025,False,223,469,306,695
212,6,0.4755,False,312,467,394,692
212,52,0.451,False,487,370,679,822
212,70,0.4853,False,440,507,489,637
212,138,0.5336,False,1643,0,1920,1059
212,154,0.5787,False,1514,111,1809,1057
212,186,0.4206,False,859,319,1017,881
212,188,0.5252,False,1006,426,1140,815
212,196,0.4814,False,401,509,441,631
212,208,0.4692,False,1099,457,1162,703
212,214,0.5709,False,694,461,788,713
212,215,0.4949,False,1265,456,1347,712
212,218,0.6258,False,1415,433,1511,751
212,220,0.4932,False,1342,434,1401,653
213,1,0.4846,False,137,470,211,691
213,2,0.5077,False,224,470,306,695
213,6,0.4933,False,313,468,395,692
213,52,0.4557,False,487,374,678,822
213,70,0.5057,False,440,507,489,638
213,138,0.5588,False,1604,0,1920,1063
213,186,0.4169,False,866,319,1027,884
213,188,0.5179,False,1012,428,1145,815
213,196,0.4801,False,397,509,438,633
213,208,0.4635,False,1097,455,1159,701
213,214,0.5896,False,692,462,785,712
213,215,0.5027,False,1262,457,1344,712
213,218,0.6151,False,1415,435,1513,751
213,220,0.5015,False,1343,433,1403,654
213,217,0.5586,False,795,450,865,715
214,1,0.4773,False,137,470,211,693
214,2,0.5121,False,223,470,304,694
214,6,0.4912,False,314,468,395,693
214,52,0.4621,False,487,377,677,823
214,70,0.5117,False,441,507,489,638
214,138,0.5203,False,1580,0,1903,1064
214,186,0.4172,False,872,319,1035,890
214,188,0.5256,False,1014,427,1148,817
214,196,0.4792,False,398,512,439,634
214,214,0.5547,False,690,466,781,709
214,215,0.4938,False,1257,457,1339,713
214,218,0.6139,False,1415,437,1514,750
214,220,0.4911,False,1343,434,1402,650
214,217,0.5275,False,792,441,865,716
215,1,0.5048,False,138,470,212,693
215,2,0.5083,False,221,471,302,692
215,6,0.4956,False,314,467,395,694
215,52,0.4548,False,486,380,676,823
215,70,0.519,False,441,508,489,638
215,138,0.5224,False,1564,0,1894,1066
215,186,0.4327,False,874,319,1041,896
215,188,0.519,False,1016,424,1151,818
215,196,0.4713,False,398,513,438,634
215,214,0.5643,False,685,468,776,711
215,215,0.4772,False,1250,458,1333,711
215,218,0.59,False,1416,437,1518,749
215,220,0.4898,False,1345,434,1404,651
215,217,0.5285,False,788,438,863,716
216,1,0.5033,False,138,470,212,693
216,2,0.5067,False,220,471,300,692
216,6,0.4836,False,314,468,395,693
216,52,0.4438,False,484,381,675,824
216,70,0.5276,False,441,508,489,638
216,138,0.5374,False,1547,0,1885,1065
216,186,0.4263,False,875,318,1044,899
216,188,0.5206,False,1019,421,1154,819
216,196,0.4597,False,396,511,437,634
216,214,0.5675,False,682,476,772,711
216,215,0.4826,False,1246,459,1329,711
216,218,0.6088,False,1416,435,1521,749
216,220,0.4961,False,1345,434,1405,650
216,217,0.5186,False,781,441,858,717
217,1,0.4784,False,139,470,213,693
217,2,0.5337,False,219,471,298,692
217,6,0.4832,False,316,469,395,691
217,52,0.4663,False,481,381,672,825
217,70,0.5081,False,441,508,489,638
217,138,0.5502,False,1529,0,1876,1064
217,186,0.4206,False,876,317,1048,904
217,188,0.5135,False,1025,423,1162,822
217,196,0.4621,False,398,512,438,633
217,214,0.5839,False,680,482,769,711
217,215,0.4758,False,1241,458,1327,713
217,218,0.6094,False,1418,432,1523,747
217,220,0.4841,False,1344,434,1404,651
217,217,0.5107,False,778,458,851,716
218,1,0.4711,False,140,470,213,692
218,2,0.5099,False,219,469,298,691
218,6,0.472,False,317,469,395,688
218,52,0.4712,False,483,381,673,821
218,70,0.4965,False,442,509,489,638
218,138,0.5541,False,1511,0,1869,1066
218,186,0.4204,False,876,317,1051,908
218,188,0.5416,False,1029,422,1168,824
218,196,0.4333,False,399,512,439,632
218,214,0.5658,False,676,486,765,713
218,215,0.483,False,1238,459,1326,714
218,218,0.6425,False,1412,425,1520,747
218,220,0.4998,False,1344,433,1405,652
218,217,0.4963,False,778,470,849,715
219,1,0.4759,False,141,472,214,691
219,2,0.5177,False,219,469,298,689
219,6,0.4568,False,317,469,395,687
219,52,0.4782,False,484,381,673,817
219,70,0.5073,False,443,508,489,637
219,138,0.5545,False,1492,0,1863,1066
219,186,0.4177,False,879,318,1054,911
219,188,0.5463,False,1036,421,1177,823
219,196,0.4755,False,399,513,439,632
219,214,0.5502,False,672,486,762,714
219,215,0.4852,False,1235,459,1322,713
219,220,0.4928,False,1344,434,1404,652
219,217,0.4948,False,772,463,846,715
220,1,0.4717,False,142,473,215,690
220,2,0.5015,False,220,470,298,688
220,6,0.4488,False,318,468,396,686
220,52,0.4829,False,484,381,671,812
220,70,0.5001,False,443,508,489,637
220,138,0.543,False,1476,1,1860,1066
220,186,0.4081,False,884,317,1060,913
220,188,0.5393,False,1042,422,1184,821
220,196,0.4507,False,400,512,440,634
220,214,0.5719,False,670,484,761,713
220,215,0.4812,False,1232,460,1319,711
220,220,0.4918,False,1344,435,1405,653
220,217,0.4864,False,768,458,845,714
220,231,0.5056,False,851,422,914,715
221,1,0.4661,False,142,471,215,688
221,2,0.5026,False,220,470,298,686
221,6,0.4449,False,319,469,397,684
221,52,0.4811,False,484,381,669,808
221,70,0.4784,False,444,508,491,637
221,138,0.5455,False,1458,1,1856,1066
221,186,0.4017,False,889,313,1065,913
221,188,0.5296,False,1047,420,1192,819
221,196,0.4423,False,401,513,441,634
221,214,0.5831,False,668,483,760,713
221,215,0.4731,False,1230,461,1316,711
221,220,0.4877,False,1344,435,1406,655
221,217,0.4846,False,766,452,846,714
221,231,0.5598,False,853,416,918,721
222,1,0.4637,False,142,471,216,688
222,2,0.497,False,222,471,299,685
222,6,0.4648,False,317,468,396,684
222,52,0.481,False,483,380,667,807
222,70,0.5033,False,445,507,491,637
222,138,0.5414,False,1438,0,1851,1066
222,186,0.4016,False,895,309,1073,914
222,188,0.5259,False,1050,420,1197,819
222,196,0.4259,False,403,514,443,635
222,214,0.5605,False,664,481,757,712
222,215,0.4917,False,1227,461,1313,711
222,220,0.4717,False,1342,435,1404,658
222,217,0.5117,False,762,442,845,713
222,231,0.5493,False,855,422,921,725
223,1,0.4622,False,142,470,217,688
223,2,0.4955,False,222,471,299,686
223,6,0.4756,False,317,467,397,686
223,52,0.4802,False,483,380,666,805
223,70,0.4738,False,446,507,492,636
223,138,0.5182,False,1416,2,1845,1066
223,186,0.3914,False,902,308,1080,914
223,188,0.5183,False,1053,419,1199,819
223,196,0.4558,False,405,515,443,634
223,214,0.5516,False,662,482,754,711
223,215,0.4904,False,1225,460,1310,710
223,217,0.4866,False,760,443,843,712
223,231,0.5635,False,854,425,921,726
224,1,0.4619,False,142,471,218,688
224,2,0.4866,False,223,473,299,686
224,6,0.4643,False,317,468,397,686
224,52,0.4767,False,483,381,665,804
224,70,0.4839,False,447,508,492,635
224,138,0.498,False,1382,2,1827,1066
224,186,0.4027,False,907,304,1085,913
224,188,0.4984,False,1052,417,1199,821
224,196,0.4429,False,406,518,444,632
224,214,0.544,False,660,482,751,708
224,215,0.4967,False,1221,460,1306,710
224,217,0.4839,False,758,441,841,712
224,231,0.4746,False,854,426,921,725
224,233,0.5082,False,1830,51,1892,772
224,154,0.4923,False,1714,45,1920,1063
225,1,0.4588,False,142,471,218,688
225,2,0.501,False,223,474,300,688
225,6,0.4694,False,319,467,400,686
225,52,0.4743,False,485,381,665,804
225,70,0.4827,False,447,508,493,634
225,138,0.507,False,1347,1,1809,1066
225,186,0.3968,False,913,299,1092,913
225,188,0.4998,False,1056,414,1205,823
225,196,0.4544,False,408,520,444,629
225,214,0.5444,False,655,482,745,708
225,215,0.4849,False,1220,459,1304,708
225,217,0.5093,False,752,441,833,712
225,231,0.4854,False,851,431,919,726
225,233,0.5129,False,1817,56,1882,797
226,1,0.4786,False,144,472,220,689
226,2,0.518,False,223,475,300,691
226,6,0.4672,False,320,468,401,685
226,52,0.476,False,486,382,664,804
226,70,0.522,False,448,508,494,633
226,138,0.5082,False,1307,3,1783,1067
226,186,0.3997,False,919,296,1098,914
226,188,0.5008,False,1064,413,1214,826
226,196,0.4029,False,410,527,444,632
226,214,0.5361,False,651,481,741,707
226,215,0.4675,False,1222,460,1301,693
226,217,0.5238,False,751,469,824,710
226,231,0.5052,False,847,434,915,721
226,233,0.5417,False,1827,64,1894,819
226,234,0.4462,False,97,535,133,636
227,1,0.4734,False,145,473,220,686
227,2,0.5349,False,223,475,300,691
227,6,0.4596,False,319,467,402,685
227,52,0.489,False,487,383,663,803
227,70,0.5299,False,448,508,494,633
227,138,0.5428,False,1262,4,1749,1066
227,186,0.3975,False,925,293,1104,915
227,188,0.5184,False,1073,415,1224,829
227,214,0.5342,False,646,479,736,707
227,217,0.5277,False,746,475,817,712
227,231,0.5145,False,843,437,912,724
227,233,0.5329,False,1838,171,1898,824
227,234,0.4377,False,95,534,131,636
227,235,0.5766,False,1715,447,1832,743
228,1,0.4627,False,144,473,220,685
228,2,0.4989,False,223,475,300,692
228,6,0.4905,False,319,467,402,685
228,52,0.4822,False,488,386,661,803
228,70,0.5167,False,447,509,493,633
228,138,0.5403,False,1215,5,1714,1067
228,186,0.4061,False,931,291,1111,919
228,188,0.5397,False,1067,416,1214,825
228,214,0.546,False,642,479,730,705
228,217,0.5392,False,744,486,812,711
228,231,0.5178,False,839,436,910,725
228,233,0.6039,False,1853,238,1905,791
228,234,0.4769,False,94,535,130,637
228,235,0.5704,False,1714,439,1835,743
228,236,0.5816,False,1829,236,1920,1068
229,1,0.4513,False,143,473,219,684
229,2,0.46,False,224,475,301,691
229,6,0.501,False,317,468,401,685
229,52,0.4855,False,489,391,659,802
229,70,0.4908,False,447,510,492,634
229,138,0.5329,False,1175,6,1680,1068
229,186,0.4009,False,937,291,1117,924
229,188,0.552,False,1070,418,1213,821
229,214,0.5636,False,640,479,727,706
229,217,0.5516,False,735,490,802,709
229,231,0.5139,False,834,437,907,726
229,233,0.5778,False,1867,376,1907,782
229,234,0.4166,False,93,532,131,638
229,235,0.5636,False,1713,437,1835,743
229,238,0.5364,False,370,513,432,683
230,1,0.4853,False,144,475,220,685
230,2,0.4557,False,224,474,300,692
230,6,0.5146,False,317,469,401,685
230,52,0.4801,False,489,393,657,802
230,70,0.4922,False,446,509,492,634
230,138,0.5133,False,1134,6,1642,1068
230,186,0.3987,False,943,291,1126,934
230,188,0.5577,False,1072,419,1211,821
230,214,0.5434,False,638,478,727,709
230,217,0.5217,False,722,491,789,706
230,231,0.5193,False,829,438,903,727
230,234,0.4049,False,92,531,131,638
230,235,0.524,False,1717,456,1832,743
230,238,0.5489,False,368,508,432,684
231,1,0.4727,False,143,475,219,684
231,2,0.4705,False,223,475,299,691
231,6,0.4682,False,311,470,395,686
231,52,0.4716,False,489,396,655,802
231,70,0.4733,False,446,509,492,635
231,138,0.5388,False,1099,5,1609,1069
231,186,0.4014,False,950,291,1132,937
231,214,0.5232,False,637,480,725,708
231,217,0.5311,False,715,489,781,704
231,231,0.4936,False,826,439,901,727
231,234,0.3937,False,93,530,131,637
231,235,0.4997,False,1717,456,1832,742
231,238,0.5154,False,366,491,437,687
231,190,0.5052,False,1858,376,1915,841
232,1,0.4684,False,142,475,219,685
232,2,0.5206,False,225,477,299,688
232,6,0.4845,False,307,469,390,687
232,52,0.4599,False,488,399,652,802
232,70,0.5042,False,446,510,492,635
232,138,0.5449,False,1069,5,1578,1069
232,186,0.4114,False,955,291,1136,937
232,214,0.5511,False,635,481,723,710
232,217,0.5335,False,710,494,773,698
232,231,0.4729,False,818,438,895,726
232,234,0.4009,False,91,528,130,637
232,235,0.5319,False,1718,453,1834,743
232,238,0.4778,False,367,485,440,687
232,190,0.5105,False,1856,363,1916,844
233,1,0.4913,False,141,475,218,686
233,2,0.5086,False,225,475,300,687
233,6,0.479,False,305,468,388,687
233,52,0.4766,False,485,399,647,798
233,70,0.4954,False,446,510,492,636
233,138,0.5264,False,1052,5,1559,1069
233,186,0.4012,False,964,292,1145,940
233,214,0.5605,False,630,483,717,710
233,217,0.5621,False,707,483,773,703
233,231,0.4353,False,806,438,886,723
233,234,0.4047,False,89,528,129,637
233,235,0.5256,False,1718,443,1838,741
233,238,0.4818,False,369,485,442,687
233,190,0.5013,False,1843,357,1911,844
233,243,0.3864,False,911,478,979,668
233,244,0.5446,False,743,453,811,708
234,1,0.4803,False,142,476,219,687
234,2,0.5389,False,225,475,300,687
234,6,0.4834,False,305,468,388,688
234,52,0.4788,False,481,398,642,795
234,70,0.4776,False,445,510,491,636
234,138,0.5228,False,1040,6,1543,1069
234,186,0.4105,False,962,291,1143,942
234,214,0.5689,False,630,484,716,707
234,217,0.5418,False,705,485,771,702
234,231,0.4511,False,802,440,885,724
234,234,0.4442,False,88,527,129,637
234,235,0.5267,False,1715,438,1837,739
234,238,0.5076,False,376,485,446,685
234,190,0.5525,False,1820,347,1901,846
234,243,0.4099,False,910,472,990,698
234,244,0.5714,False,726,457,793,707
234,249,0.4788,False,1626,443,1704,683
235,1,0.4717,False,142,476,219,688
235,2,0.5189,False,224,474,301,688
235,6,0.4788,False,304,466,387,687
235,52,0.4929,False,476,398,637,795
235,70,0.4435,False,442,509,486,635
235,138,0.5192,False,1029,5,1529,1072
235,186,0.3882,False,963,291,1143,948
235,214,0.5776,False,626,483,711,707
235,217,0.5439,False,700,480,767,702
235,231,0.47,False,797,442,882,725
235,234,0.4673,False,92,529,132,637
235,235,0.5679,False,1710,436,1832,737
235,238,0.4981,False,378,496,445,686
235,190,0.5357,False,1811,350,1899,844
235,243,0.4051,False,911,466,993,700
235,244,0.5526,False,716,457,783,706
235,249,0.4896,False,1624,442,1703,683
235,218,0.5601,False,1464,434,1561,742
236,1,0.4749,False,141,474,218,688
236,2,0.5179,False,225,473,302,688
236,6,0.4583,False,303,466,385,687
236,52,0.4949,False,470,398,632,793
236,138,0.5134,False,1016,6,1511,1071
236,186,0.4477,False,963,289,1143,952
236,214,0.5378,False,624,484,708,705
236,217,0.5515,False,697,478,763,702
236,231,0.4621,False,794,443,882,726
236,235,0.5589,False,1702,435,1824,734
236,238,0.4955,False,382,496,448,687
236,190,0.5111,False,1804,354,1899,843
236,243,0.4065,False,910,466,992,699
236,244,0.5562,False,711,457,779,706
236,249,0.5004,False,1622,441,1701,685
236,252,0.4631,False,1539,454,1633,565
236,218,0.5095,False,1463,438,1559,744
237,1,0.4505,False,142,473,218,686
237,2,0.5145,False,225,473,302,688
237,6,0.4425,False,302,467,383,686
237,52,0.4972,False,465,397,627,790
237,138,0.5113,False,1002,5,1490,1069
237,186,0.4286,False,964,354,1107,875
237,214,0.543,False,621,486,704,704
237,231,0.4646,False,786,441,877,725
237,235,0.5781,False,1696,434,1817,732
237,238,0.4688,False,384,504,447,688
237,190,0.4864,False,1801,355,1900,841
237,243,0.4203,False,907,464,989,694
237,244,0.5398,False,711,460,779,708
237,249,0.502,False,1622,440,1701,684
237,252,0.4713,False,1542,452,1638,565
237,218,0.4867,False,1452,436,1550,744
238,1,0.4753,False,143,473,218,684
238,2,0.5173,False,225,473,303,687
238,6,0.4382,False,302,469,381,684
238,52,0.5058,False,462,397,623,785
238,138,0.5116,False,992,5,1475,1069
238,186,0.4551,False,963,374,1095,858
238,214,0.5356,False,618,485,701,704
238,231,0.4769,False,786,443,877,724
238,235,0.5531,False,1692,433,1812,729
238,238,0.4692,False,383,512,443,688
238,190,0.4599,False,1799,357,1902,839
238,243,0.4255,False,904,462,987,697
238,244,0.5562,False,708,459,778,707
238,249,0.5074,False,1620,439,1700,686
238,252,0.4672,False,1546,451,1641,565
238,218,0.4938,False,1442,434,1545,745
239,1,0.4692,False,144,472,218,684
239,2,0.5058,False,226,474,303,685
239,6,0.4364,False,302,471,380,683
239,52,0.5065,False,457,397,620,782
239,138,0.5207,False,978,4,1456,1070
239,186,0.5096,False,966,375,1099,859
239,214,0.5163,False,616,484,698,703
239,231,0.4771,False,781,441,875,725
239,235,0.5755,False,1690,438,1804,723
239,238,0.4523,False,381,502,444,689
239,190,0.4574,False,1797,360,1904,839
239,243,0.4052,False,902,462,985,696
239,244,0.5551,False,706,469,774,705
239,249,0.5129,False,1620,439,1700,685
239,252,0.466,False,1551,449,1647,564
239,218,0.48,False,1437,434,1544,747
240,1,0.4905,False,145,471,219,684
240,2,0.5092,False,226,476,302,684
240,6,0.4395,False,302,469,380,683
240,52,0.5023,False,454,397,618,782
240,138,0.5093,False,965,6,1438,1069
240,214,0.5226,False,614,482,697,702
240,231,0.4799,False,778,439,872,723
240,235,0.563,False,1680,437,1788,714
240,238,0.4778,False,382,490,448,689
240,190,0.4981,False,1795,359,1906,841
240,243,0.4234,False,899,466,982,699
240,244,0.5588,False,704,464,772,704
240,252,0.4364,False,1558,449,1654,563
240,218,0.4807,False,1435,434,1543,748
241,1,0.5026,False,146,471,219,684
241,2,0.4956,False,225,477,301,682
241,6,0.445,False,302,469,379,684
241,52,0.5014,False,450,398,615,781
241,138,0.5049,False,959,6,1426,1067
241,214,0.5214,False,609,478,695,705
241,231,0.492,False,775,436,870,720
241,235,0.5054,False,1669,437,1775,710
241,238,0.4572,False,383,486,450,689
241,190,0.537,False,1788,358,1903,839
241,243,0.4252,False,898,470,980,700
241,244,0.5505,False,703,459,773,702
241,252,0.445,False,1563,448,1658,563
241,218,0.4784,False,1432,434,1543,749
242,1,0.4866,False,146,470,219,683
242,2,0.5091,False,226,478,301,682
242,6,0.4424,False,301,469,379,686
242,52,0.503,False,447,398,612,780
242,138,0.5126,False,955,5,1416,1067
242,214,0.5023,False,606,473,692,705
242,231,0.4964,False,768,439,862,719
242,235,0.4839,False,1664,439,1768,709
242,238,0.4752,False,383,485,449,690
242,190,0.5351,False,1776,363,1896,839
242,243,0.4271,False,895,470,977,700
242,244,0.5653,False,702,453,774,701
242,252,0.4609,False,1566,448,1662,564
242,218,0.4759,False,1431,433,1543,749
243,1,0.4733,False,146,470,219,682
243,2,0.5225,False,226,476,303,682
243,6,0.4557,False,300,469,377,686
243,52,0.5026,False,442,398,609,781
243,138,0.5108,False,945,4,1400,1068
243,214,0.4871,False,603,469,690,704
243,231,0.4962,False,762,436,855,718
243,235,0.4989,False,1662,441,1762,709
243,238,0.4707,False,384,484,449,689
243,190,0.5315,False,1761,363,1888,840
243,243,0.4342,False,894,473,974,700
243,244,0.5614,False,699,449,772,699
243,252,0.4718,False,1570,447,1675,577
243,218,0.4746,False,1429,433,1543,749
243,220,0.4829,False,1348,431,1409,646
243,249,0.6222,False,1591,444,1675,700
244,1,0.4583,False,146,471,218,681
244,2,0.5106,False,226,477,304,685
244,6,0.4603,False,299,470,376,685
244,52,0.4856,False,438,397,606,782
244,138,0.5061,False,935,3,1383,1068
244,214,0.4974,False,601,470,686,703
244,231,0.4772,False,759,436,850,715
244,235,0.5108,False,1659,443,1758,710
244,238,0.4662,False,383,487,448,689
244,190,0.5173,False,1748,366,1881,835
244,243,0.4247,False,895,472,975,699
244,244,0.561,False,697,450,770,700
244,252,0.4976,False,1573,446,1681,581
244,218,0.4843,False,1428,432,1543,749
244,261,0.4777,False,819,474,892,694
244,220,0.4707,False,1348,435,1411,647
244,249,0.5843,False,1585,443,1675,712
245,1,0.4921,False,147,473,218,683
245,2,0.5053,False,227,478,304,684
245,6,0.4544,False,300,473,375,683
245,52,0.474,False,435,398,604,783
245,138,0.5158,False,924,4,1368,1069
245,214,0.5127,False,598,471,684,703
245,231,0.4736,False,756,437,846,714
245,235,0.5093,False,1659,446,1757,711
245,238,0.4689,False,384,487,449,690
245,190,0.5309,False,1742,370,1879,835
245,243,0.4152,False,895,473,973,693
245,244,0.5283,False,695,452,766,699
245,252,0.4928,False,1575,447,1684,586
245,218,0.4887,False,1428,432,1544,749
245,261,0.4759,False,818,479,889,691
245,220,0.4773,False,1348,440,1411,647
245,249,0.5762,False,1585,443,1676,717
246,1,0.4699,False,146,474,218,682
246,2,0.4911,False,227,479,304,684
246,6,0.4618,False,300,475,374,681
246,52,0.4739,False,433,400,601,783
246,138,0.51,False,914,4,1352,1070
246,214,0.5276,False,597,475,681,703
246,231,0.4601,False,754,435,844,714
246,235,0.4983,False,1654,443,1750,706
246,238,0.4816,False,388,487,452,691
246,190,0.5422,False,1738,376,1879,835
246,243,0.4163,False,892,472,970,691
246,244,0.5372,False,690,457,759,699
246,218,0.4839,False,1428,431,1544,749
246,261,0.4594,False,819,480,890,695
246,220,0.4638,False,1349,451,1410,646
246,249,0.5681,False,1590,443,1682,721
247,1,0.4965,False,148,476,218,679
247,2,0.481,False,226,479,304,684
247,6,0.4681,False,300,476,375,683
247,52,0.4698,False,432,401,600,783
247,138,0.5083,False,908,2,1343,1069
247,214,0.5255,False,596,479,679,705
247,231,0.4681,False,751,435,840,715
247,235,0.5146,False,1648,440,1744,709
247,238,0.4792,False,389,487,454,692
247,190,0.5568,False,1730,370,1877,834
247,243,0.3933,False,889,472,966,690
247,244,0.5196,False,688,473,753,700
247,218,0.485,False,1428,431,1545,749
247,261,0.4636,False,819,480,890,694
247,220,0.4378,False,1349,456,1411,645
247,249,0.5906,False,1603,443,1698,721
248,1,0.4954,False,149,477,218,677
248,2,0.486,False,226,479,303,683
248,6,0.4655,False,300,477,374,685
248,52,0.4732,False,431,402,600,784
248,138,0.5066,False,898,2,1329,1071
248,214,0.5123,False,595,483,677,703
248,231,0.4684,False,748,439,836,715
248,238,0.4868,False,391,489,454,692
248,190,0.5553,False,1728,378,1875,832
248,243,0.3993,False,884,471,962,692
248,244,0.5412,False,686,484,747,698
248,218,0.4851,False,1428,432,1545,749
248,261,0.4348,False,818,478,890,695
248,220,0.4732,False,1347,455,1410,647
248,249,0.556,False,1611,442,1709,720
249,1,0.4826,False,149,477,219,678
249,2,0.4991,False,225,478,302,682
249,6,0.4863,False,301,476,375,684
249,52,0.4655,False,431,403,599,783
249,138,0.4971,False,898,3,1325,1071
249,214,0.5269,False,593,483,675,703
249,231,0.4984,False,744,446,831,717
249,238,0.4816,False,392,491,455,692
249,190,0.5576,False,1721,382,1870,830
249,243,0.3965,False,882,473,959,692
249,244,0.5363,False,682,474,747,698
249,218,0.4961,False,1428,432,1545,749
249,261,0.4243,False,815,478,887,695
249,249,0.5509,False,1616,440,1715,718
249,263,0.5598,False,1873,456,1919,774
250,1,0.481,False,150,477,220,678
250,2,0.494,False,224,477,301,681
250,6,0.4918,False,299,476,374,685
250,52,0.4728,False,430,403,598,781
250,138,0.4904,False,891,3,1317,1071
250,214,0.5401,False,590,484,671,701
250,231,0.4876,False,740,447,827,715
250,238,0.5073,False,393,488,456,693
250,190,0.5486,False,1711,381,1861,825
250,243,0.4012,False,880,477,956,692
250,244,0.5401,False,681,466,747,699
250,218,0.4987,False,1428,432,1545,749
250,261,0.4075,False,814,479,884,694
250,249,0.5941,False,1617,439,1716,718
250,263,0.5457,False,1873,462,1918,776
250,264,0.542,False,669,482,739,699
251,1,0.4873,False,150,478,221,681
251,2,0.4866,False,224,477,300,679
251,6,0.4943,False,299,475,374,685
251,52,0.4728,False,427,402,596,782
251,138,0.4756,False,891,4,1317,1070
251,214,0.5361,False,585,486,663,696
251,231,0.4906,False,737,448,825,717
251,238,0.4976,False,394,483,459,693
251,190,0.5404,False,1701,382,1850,820
251,243,0.4304,False,875,474,950,689
251,244,0.5544,False,679,476,742,698
251,218,0.5023,False,1427,432,1545,750
251,261,0.4038,False,812,480,883,694
251,249,0.5764,False,1618,439,1716,719
251,263,0.5522,False,1874,463,1919,777
251,264,0.5239,False,661,485,730,700
251,266,0.4635,False,1215,386,1387,974
252,1,0.482,False,150,476,221,681
252,2,0.4858,False,223,475,300,679
252,6,0.5082,False,299,475,374,685
252,52,0.4719,False,425,402,594,782
252,138,0.4557,False,876,6,1299,1071
252,214,0.5342,False,582,485,658,695
252,231,0.4763,False,734,449,822,716
252,238,0.4894,False,395,485,459,691
252,190,0.5416,False,1687,383,1834,816
252,243,0.4472,False,872,469,943,670
252,244,0.5371,False,675,476,738,698
252,218,0.5059,False,1427,432,1545,750
252,261,0.4072,False,811,481,880,693
252,249,0.5972,False,1615,439,1711,717
252,263,0.5462,False,1875,466,1920,781
252,264,0.5029,False,655,485,725,703
252,266,0.4756,False,1208,377,1390,999
253,1,0.4806,False,151,476,222,681
253,2,0.4945,False,224,474,301,679
253,6,0.4992,False,299,476,373,684
253,52,0.4907,False,424,402,592,781
253,138,0.4571,False,870,6,1289,1071
253,214,0.5489,False,579,482,658,699
253,231,0.4553,False,732,448,819,715
253,238,0.4798,False,396,485,459,691
253,190,0.5383,False,1676,386,1822,814
253,243,0.4643,False,865,474,937,679
253,244,0.515,False,671,469,736,697
253,218,0.507,False,1427,432,1545,750
253,261,0.3919,False,811,481,879,692
253,249,0.5764,False,1611,439,1706,718
253,263,0.5438,False,1876,464,1920,772
253,264,0.5242,False,656,481,727,700
253,266,0.4458,False,1206,391,1388,1012
253,270,0.5888,False,1859,453,1918,781
253,272,0.5819,False,1809,454,1893,731
253,220,0.4825,False,1345,438,1411,642
254,1,0.4452,False,152,474,224,681
254,2,0.4974,False,224,474,300,678
254,6,0.4975,False,299,476,373,684
254,52,0.4895,False,420,403,587,778
254,138,0.4633,False,864,7,1277,1069
254,214,0.5454,False,576,483,653,698
254,231,0.4734,False,729,451,815,714
254,238,0.4606,False,399,481,464,693
254,190,0.5252,False,1670,385,1816,814
254,243,0.466,False,860,474,932,681
254,244,0.5287,False,669,473,733,696
254,218,0.5159,False,1426,432,1545,750
254,261,0.4057,False,808,481,876,692
254,249,0.5612,False,1607,438,1701,719
254,263,0.5407,False,1878,463,1920,759
254,264,0.498,False,654,481,724,698
254,266,0.4471,False,1195,364,1387,1023
254,270,0.5888,False,1859,456,1918,782
254,272,0.5893,False,1808,454,1891,731
254,220,0.4518,False,1345,434,1413,643
255,1,0.4227,False,152,473,224,680
255,2,0.4976,False,226,476,300,676
255,6,0.4794,False,298,475,373,683
255,52,0.4883,False,417,404,582,775
255,138,0.455,False,856,9,1262,1068
255,214,0.5331,False,573,483,650,696
255,231,0.4797,False,726,452,812,713
255,238,0.4599,False,401,477,468,692
255,190,0.5301,False,1654,384,1802,815
255,243,0.4486,False,858,472,929,680
255,244,0.4983,False,666,483,728,696
255,218,0.5016,False,1425,431,1545,750
255,261,0.4046,False,807,481,874,692
255,249,0.5401,False,1603,438,1695,718
255,263,0.5384,False,1878,463,1920,758
255,264,0.4803,False,647,486,711,687
255,266,0.4231,False,1176,283,1393,1035
255,270,0.5816,False,1859,455,1918,782
255,272,0.5943,False,1808,453,1892,733
255,220,0.4342,False,1344,436,1413,644
256,1,0.4273,False,153,472,225,678
256,2,0.4751,False,227,477,300,673
256,6,0.4749,False,299,474,373,683
256,52,0.4912,False,416,405,580,772
256,138,0.4484,False,850,11,1251,1068
256,214,0.5046,False,570,482,647,696
256,231,0.4995,False,725,453,809,709
256,238,0.4694,False,402,474,471,691
256,190,0.5306,False,1646,382,1797,814
256,243,0.4404,False,859,478,925,671
256,244,0.5117,False,662,487,724,694
256,218,0.493,False,1425,430,1545,750
256,261,0.4021,False,805,483,872,692
256,249,0.5349,False,1603,438,1694,718
256,263,0.5496,False,1878,462,1920,756
256,266,0.4227,False,1167,251,1394,1041
256,270,0.5804,False,1858,453,1918,782
256,272,0.6017,False,1809,452,1893,732
256,220,0.4877,False,1339,437,1412,661
257,1,0.4165,False,153,473,225,680
257,2,0.4709,False,228,477,300,672
257,6,0.4779,False,299,474,373,683
257,52,0.5048,False,416,406,578,770
257,138,0.4556,False,847,19,1240,1068
257,214,0.4901,False,567,479,645,695
257,231,0.5061,False,723,453,807,709
257,238,0.4815,False,400,475,468,691
257,190,0.527,False,1648,383,1800,814
257,244,0.5058,False,658,489,720,694
257,218,0.4989,False,1426,430,1546,750
257,261,0.3947,False,804,487,869,692
257,249,0.5306,False,1599,438,1690,721
257,263,0.5349,False,1877,462,1920,769
257,266,0.4187,False,1158,235,1388,1042
257,270,0.5847,False,1858,453,1918,782
257,272,0.598,False,1808,451,1893,732
257,220,0.4514,False,1332,431,1409,667
258,1,0.4327,False,154,473,226,680
258,2,0.4562,False,229,477,300,672
258,6,0.4672,False,299,474,373,683
258,52,0.4906,False,415,405,578,772
258,138,0.4682,False,838,28,1223,1067
258,214,0.471,False,566,479,643,693
258,231,0.4872,False,720,453,805,707
258,238,0.4848,False,401,472,469,693
258,190,0.5507,False,1649,385,1800,812
258,244,0.5082,False,658,494,718,695
258,218,0.4939,False,1425,428,1546,749
258,261,0.3977,False,802,485,866,691
258,249,0.5474,False,1598,437,1685,716
258,263,0.5161,False,1878,462,1920,759
258,266,0.4059,False,1153,223,1387,1047
258,270,0.5781,False,1858,454,1918,782
258,272,0.608,False,1809,455,1892,732
258,220,0.5711,False,1312,425,1425,789
259,1,0.4542,False,155,474,228,680
259,2,0.4578,False,229,478,300,672
259,6,0.4519,False,299,474,372,682
259,52,0.4773,False,416,404,578,772
259,138,0.4729,False,833,34,1210,1068
259,214,0.4717,False,562,478,638,691
259,231,0.4952,False,717,452,802,709
259,238,0.4823,False,403,471,472,697
259,190,0.5455,False,1650,386,1801,812
259,244,0.5087,False,657,501,716,693
259,218,0.4909,False,1424,427,1546,748
259,261,0.4157,False,799,484,864,692
259,249,0.5251,False,1596,436,1683,713
259,263,0.5286,False,1877,463,1920,768
259,266,0.405,False,1148,216,1383,1046
259,270,0.5782,False,1858,456,1918,782
259,272,0.6013,False,1811,459,1892,729
260,1,0.4681,False,156,475,229,681
260,2,0.4548,False,232,481,301,673
260,6,0.4546,False,299,474,372,681
260,52,0.4946,False,415,405,577,773
260,138,0.4677,False,831,40,1203,1068
260,214,0.4798,False,560,479,635,690
260,231,0.469,False,713,450,799,710
260,238,0.5068,False,403,468,473,702
260,190,0.5708,False,1638,388,1790,812
260,244,0.5061,False,654,497,714,694
260,218,0.5252,False,1423,427,1545,748
260,261,0.4248,False,798,486,862,690
260,249,0.5408,False,1592,437,1679,717
260,263,0.5338,False,1878,463,1920,763
260,266,0.4002,False,1149,211,1387,1045
260,270,0.5807,False,1858,456,1918,782
260,272,0.6006,False,1816,458,1898,728
260,275,0.3888,False,109,537,144,638
261,1,0.4577,False,157,475,229,680
261,2,0.4636,False,233,484,301,673
261,6,0.4593,False,300,473,373,681
261,52,0.4904,False,415,410,573,770
261,138,0.4636,False,820,40,1189,1071
261,214,0.4742,False,554,477,631,693
261,231,0.4568,False,709,449,795,710
261,238,0.4686,False,401,470,470,706
261,190,0.5543,False,1631,403,1778,809
261,244,0.5232,False,650,487,715,692
261,218,0.5042,False,1422,427,1544,745
261,261,0.4267,False,795,484,861,691
261,249,0.543,False,1587,439,1674,720
261,263,0.5335,False,1877,463,1920,769
261,266,0.4015,False,1160,206,1399,1043
261,270,0.5668,False,1859,460,1918,781
261,272,0.6086,False,1821,472,1899,728
261,275,0.4247,False,110,538,144,639
262,1,0.4613,False,158,476,230,679
262,2,0.4901,False,234,485,301,673
262,6,0.4628,False,300,473,372,681
262,52,0.4838,False,415,413,571,769
262,138,0.4638,False,814,48,1177,1072
262,214,0.4795,False,551,477,628,695
262,231,0.471,False,706,447,792,709
262,190,0.56,False,1627,402,1773,808
262,244,0.5263,False,647,477,714,690
262,218,0.504,False,1422,427,1544,744
262,261,0.422,False,791,484,857,690
262,249,0.5608,False,1580,442,1664,714
262,263,0.5293,False,1878,462,1919,760
262,266,0.4047,False,1181,201,1422,1043
262,270,0.5736,False,1859,462,1918,781
262,272,0.6052,False,1824,474,1902,729
262,275,0.452,False,110,538,144,639
263,1,0.4398,False,159,476,230,679
263,2,0.4746,False,234,485,301,672
263,6,0.4682,False,300,472,372,681
263,52,0.4743,False,415,414,569,769
263,138,0.4647,False,807,58,1165,1071
263,214,0.4749,False,548,476,625,695
263,231,0.4802,False,703,448,790,711
263,190,0.5611,False,1628,401,1773,808
263,244,0.5106,False,647,473,715,688
263,218,0.5063,False,1423,427,1545,742
263,261,0.4241,False,787,483,854,690
263,249,0.5815,False,1574,442,1655,705
263,263,0.5427,False,1876,461,1919,771
263,266,0.4089,False,1199,198,1440,1042
263,270,0.587,False,1858,462,1917,781
263,272,0.6024,False,1828,477,1905,729
263,275,0.4558,False,109,538,144,639
263,264,0.4466,False,607,478,674,682
264,1,0.4518,False,162,478,232,677
264,2,0.4607,False,234,484,301,672
264,6,0.469,False,300,473,372,681
264,52,0.4694,False,414,415,568,770
264,138,0.472,False,796,70,1149,1073
264,214,0.4945,False,547,478,622,694
264,231,0.4772,False,700,452,786,711
264,190,0.5762,False,1621,395,1766,807
264,244,0.5323,False,645,466,716,690
264,218,0.5243,False,1424,428,1545,742
264,261,0.4132,False,784,482,850,689
264,263,0.5437,False,1875,460,1919,773
264,266,0.4144,False,1208,195,1451,1045
264,270,0.5805,False,1858,459,1918,781
264,272,0.6024,False,1831,474,1909,728
264,275,0.446,False,109,538,145,639
264,279,0.5275,False,1120,358,1247,877
264,264,0.4221,False,605,476,672,684
265,1,0.4591,False,162,479,232,676
265,2,0.4763,False,236,483,303,671
265,6,0.4764,False,300,474,371,679
265,52,0.4749,False,413,414,566,770
265,138,0.4688,False,789,83,1139,1073
265,214,0.5161,False,546,480,620,696
265,231,0.4659,False,694,455,780,712
265,190,0.5712,False,1620,398,1761,801
265,244,0.5131,False,646,459,718,692
265,218,0.5331,False,1422,429,1543,741
265,261,0.4173,False,784,486,845,677
265,263,0.5516,False,1878,456,1920,778
265,266,0.4003,False,1216,193,1461,1057
265,270,0.6028,False,1857,458,1917,781
265,272,0.6098,False,1834,471,1913,727
265,275,0.4424,False,109,538,144,639
265,279,0.5105,False,1137,361,1266,886
265,264,0.3952,False,605,476,672,685
266,1,0.4556,False,162,480,231,676
266,2,0.4654,False,238,482,305,672
266,6,0.4617,False,300,476,370,678
266,52,0.4857,False,412,416,563,770
266,138,0.4673,False,785,91,1133,1073
266,214,0.5377,False,545,482,618,694
266,231,0.4657,False,688,453,776,712
266,190,0.5702,False,1619,394,1759,796
266,244,0.5098,False,650,469,717,691
266,218,0.5491,False,1422,430,1544,741
266,261,0.4833,False,783,491,838,665
266,263,0.5486,False,1880,455,1920,781
266,266,0.415,False,1221,190,1467,1073
266,270,0.6052,False,1855,458,1916,780
266,275,0.4493,False,108,536,144,638
266,279,0.5016,False,1139,365,1271,890
266,264,0.4223,False,605,478,672,688
267,1,0.4442,False,162,480,231,677
267,2,0.4597,False,238,482,306,673
267,6,0.4626,False,301,476,370,677
267,52,0.4892,False,410,417,560,771
267,138,0.4613,False,779,94,1125,1072
267,214,0.5453,False,543,482,616,694
267,231,0.4713,False,683,456,770,712
267,190,0.5856,False,1618,394,1755,791
267,244,0.504,False,653,475,716,689
267,218,0.5716,False,1425,432,1546,741
267,263,0.5501,False,1881,452,1920,783
267,266,0.4104,False,1230,192,1476,1080
267,270,0.5865,False,1854,458,1915,780
267,275,0.384,False,108,537,144,638
267,279,0.4664,False,1141,393,1269,892
267,264,0.4172,False,603,478,671,689
268,1,0.4622,False,161,481,230,676
268,2,0.4416,False,238,480,306,673
268,6,0.4916,False,301,476,370,677
268,52,0.4863,False,406,415,555,770
268,138,0.4581,False,774,100,1118,1073
268,214,0.5622,False,541,482,614,693
268,231,0.4626,False,680,459,767,711
268,190,0.5818,False,1617,392,1754,792
268,244,0.531,False,655,477,714,687
268,218,0.527,False,1429,433,1547,740
268,263,0.5424,False,1882,456,1920,782
268,266,0.4014,False,1255,191,1502,1079
268,270,0.5916,False,1852,458,1915,780
268,275,0.4001,False,108,537,144,638
268,279,0.4708,False,1139,372,1275,895
268,264,0.4057,False,603,478,670,689
269,1,0.4699,False,160,481,230,678
269,2,0.4624,False,237,481,306,676
269,6,0.4844,False,301,476,370,677
269,52,0.4852,False,402,413,552,770
269,138,0.4588,False,767,102,1110,1072
269,214,0.5679,False,538,480,612,693
269,231,0.4685,False,677,459,764,711
269,190,0.5771,False,1616,391,1753,792
269,244,0.5148,False,650,468,712,691
269,218,0.5072,False,1434,435,1549,741
269,263,0.5449,False,1883,458,1920,782
269,266,0.4005,False,1278,193,1530,1080
269,270,0.5752,False,1851,460,1914,781
269,275,0.3948,False,107,536,145,638
269,279,0.4534,False,1138,371,1278,897
269,264,0.4482,False,604,466,676,692
269,283,0.5379,False,1722,426,1829,716
270,1,0.449,False,160,480,229,679
270,2,0.4532,False,237,479,305,674
270,6,0.4759,False,299,476,369,677
270,52,0.486,False,399,414,546,765
270,138,0.4738,False,759,101,1102,1072
270,214,0.5277,False,536,479,610,693
270,231,0.4672,False,675,461,761,710
270,190,0.5703,False,1618,390,1755,788
270,244,0.484,False,645,464,708,694
270,218,0.4862,False,1440,445,1551,743
270,263,0.5397,False,1884,457,1920,781
270,266,0.3984,False,1292,191,1550,1078
270,270,0.5679,False,1855,460,1918,781
270,275,0.3795,False,107,536,144,638
270,279,0.4311,False,1141,368,1286,898
270,264,0.4512,False,606,461,680,695
270,283,0.5237,False,1724,422,1832,717
270,284,0.4754,False,1083,467,1170,699
271,1,0.4352,False,160,479,229,679
271,2,0.4609,False,238,479,306,676
271,6,0.4682,False,298,475,368,677
271,52,0.4834,False,395,414,542,761
271,138,0.473,False,753,103,1095,1072
271,214,0.5277,False,534,478,608,691
271,231,0.4833,False,673,459,760,709
271,190,0.5743,False,1617,389,1756,789
271,218,0.4894,False,1449,455,1552,744
271,263,0.5404,False,1884,458,1920,782
271,266,0.3953,False,1302,192,1565,1074
271,270,0.5751,False,1854,459,1918,780
271,275,0.381,False,105,537,143,638
271,279,0.4423,False,1144,361,1295,898
271,264,0.4475,False,609,459,684,695
271,283,0.5254,False,1725,415,1836,716
271,284,0.483,False,1079,459,1170,701
271,285,0.4209,False,608,465,661,690
272,1,0.4451,False,159,479,229,678
272,2,0.4737,False,238,480,305,676
272,6,0.4644,False,297,477,366,677
272,52,0.489,False,392,414,539,759
272,138,0.4742,False,744,102,1087,1071
272,214,0.538,False,533,479,606,691
272,231,0.4813,False,672,458,758,708
272,190,0.5622,False,1615,393,1753,790
272,263,0.5433,False,1884,457,1920,780
272,266,0.4043,False,1304,192,1571,1074
272,270,0.5953,False,1853,458,1917,780
272,275,0.3685,False,104,537,142,638
272,279,0.4594,False,1150,358,1304,898
272,264,0.4707,False,610,459,684,693
272,283,0.5078,False,1730,428,1837,719
272,284,0.4615,False,1076,456,1169,707
272,285,0.4267,False,605,466,659,689
273,1,0.4494,False,161,478,229,674
273,2,0.4689,False,238,483,303,673
273,6,0.4604,False,297,478,366,677
273,52,0.4966,False,388,413,536,758
273,138,0.4884,False,738,102,1079,1070
273,214,0.5398,False,530,477,605,691
273,231,0.4852,False,669,461,753,706
273,190,0.5416,False,1607,397,1742,791
273,263,0.5462,False,1880,458,1919,785
273,266,0.4175,False,1302,189,1573,1074
273,270,0.5944,False,1854,456,1918,780
273,275,0.3699,False,104,536,141,638
273,279,0.4836,False,1155,358,1313,900
273,264,0.4494,False,608,459,682,693
273,283,0.522,False,1735,434,1839,717
273,284,0.4917,False,1074,456,1168,712
273,285,0.4457,False,609,475,660,687
274,1,0.4558,False,161,477,229,673
274,2,0.4658,False,238,480,303,672
274,6,0.4539,False,297,478,365,675
274,52,0.4869,False,384,413,533,758
274,138,0.4857,False,729,104,1068,1070
274,214,0.548,False,528,479,603,691
274,231,0.4939,False,665,458,749,706
274,190,0.5241,False,1607,399,1739,790
274,263,0.546,False,1879,459,1918,786
274,266,0.4014,False,1305,186,1579,1075
274,270,0.5914,False,1855,455,1919,780
274,275,0.3785,False,104,537,141,638
274,279,0.4997,False,1155,353,1316,901
274,264,0.4779,False,611,463,682,693
274,283,0.5088,False,1737,434,1840,715
274,284,0.5101,False,1071,460,1165,718
274,285,0.4342,False,601,482,650,689
275,1,0.4686,False,162,476,230,672
275,2,0.4648,False,238,483,302,671
275,6,0.4654,False,296,478,364,675
275,52,0.481,False,381,412,530,757
275,138,0.4926,False,719,111,1052,1070
275,214,0.553,False,526,479,601,690
275,231,0.4769,False,662,458,746,705
275,190,0.5226,False,1605,401,1735,791
275,263,0.5328,False,1877,460,1917,785
275,266,0.4029,False,1313,184,1588,1075
275,270,0.5826,False,1855,455,1920,780
275,275,0.4188,False,102,536,138,635
275,279,0.5194,False,1163,349,1326,902
275,264,0.4629,False,610,459,682,694
275,283,0.5254,False,1740,434,1843,715
275,284,0.5327,False,1070,461,1164,717
275,285,0.4308,False,599,485,647,685
276,1,0.4622,False,163,477,231,672
276,2,0.4732,False,238,484,303,671
276,6,0.4519,False,297,478,364,674
276,52,0.4875,False,376,412,526,759
276,138,0.4807,False,710,116,1038,1072
276,214,0.5648,False,523,479,599,690
276,231,0.4691,False,659,456,743,704
276,190,0.5195,False,1604,401,1732,789
276,263,0.532,False,1882,458,1920,779
276,266,0.4044,False,1328,178,1603,1075
276,270,0.5712,False,1857,458,1920,780
276,275,0.3867,False,108,535,144,632
276,279,0.4804,False,1175,343,1341,905
276,264,0.4398,False,604,456,677,691
276,283,0.5078,False,1749,441,1850,718
276,284,0.5286,False,1068,460,1160,715
276,285,0.4127,False,602,476,648,666
277,1,0.4533,False,161,477,229,672
277,2,0.4862,False,239,485,303,670
277,6,0.4427,False,298,477,365,674
277,52,0.4868,False,373,412,525,759
277,138,0.4723,False,706,116,1028,1070
277,214,0.5517,False,521,479,597,690
277,231,0.4612,False,653,457,737,706
277,190,0.5103,False,1602,402,1728,789
277,263,0.5308,False,1883,456,1920,779
277,266,0.4177,False,1344,170,1618,1076
277,270,0.5671,False,1857,458,1920,780
277,275,0.385,False,111,535,146,631
277,279,0.4856,False,1186,340,1352,908
277,264,0.446,False,600,456,672,691
277,283,0.5058,False,1753,438,1855,716
277,284,0.524,False,1060,459,1153,714
277,285,0.399,False,601,484,645,662
278,1,0.4542,False,163,477,230,673
278,2,0.5032,False,239,485,304,670
278,6,0.4512,False,298,477,366,674
278,52,0.4743,False,369,412,522,760
278,138,0.4673,False,704,122,1020,1070
278,214,0.5621,False,520,478,596,687
278,231,0.4778,False,650,456,734,704
278,190,0.4943,False,1599,396,1725,785
278,263,0.5289,False,1884,459,1917,729
278,266,0.4166,False,1362,160,1637,1077
278,270,0.5597,False,1858,458,1920,779
278,275,0.4017,False,113,535,146,630
278,279,0.4752,False,1197,338,1364,911
278,264,0.4561,False,597,456,669,689
278,283,0.5214,False,1755,431,1859,717
278,284,0.5142,False,1055,454,1150,714
278,285,0.4435,False,598,486,641,662
279,1,0.4493,False,164,478,231,672
279,2,0.4963,False,239,486,304,671
279,6,0.4543,False,299,477,367,674
279,52,0.4768,False,366,414,519,759
279,138,0.4799,False,701,125,1013,1069
279,214,0.5286,False,517,476,594,690
279,231,0.4508,False,647,453,730,700
279,190,0.4541,False,1604,392,1730,783
279,263,0.5177,False,1884,461,1919,755
279,266,0.414,False,1380,153,1655,1079
279,270,0.5567,False,1858,458,1920,779
279,275,0.4124,False,112,535,145,630
279,279,0.4722,False,1201,335,1367,915
279,264,0.4164,False,598,453,669,689
279,283,0.5166,False,1760,435,1863,717
279,284,0.5091,False,1053,452,1148,714
280,1,0.4716,False,163,478,230,672
280,2,0.5268,False,239,486,305,674
280,6,0.456,False,299,476,368,674
280,52,0.4684,False,365,417,518,759
280,138,0.4835,False,698,128,1006,1071
280,214,0.5375,False,516,479,592,688
280,231,0.4667,False,644,454,726,699
280,263,0.5385,False,1881,464,1917,765
280,266,0.4154,False,1406,137,1686,1080
280,270,0.5608,False,1859,464,1920,779
280,275,0.4338,False,113,535,146,631
280,279,0.5035,False,1207,336,1374,920
280,264,0.4516,False,600,462,668,688
280,283,0.5125,False,1764,435,1867,717
280,284,0.5135,False,1050,453,1146,715
281,1,0.4669,False,164,480,231,672
281,2,0.5045,False,239,486,305,675
281,6,0.4645,False,299,476,368,674
281,52,0.4632,False,364,419,517,759
281,138,0.4932,False,696,133,999,1072
281,214,0.5594,False,515,482,589,687
281,231,0.4627,False,642,454,724,698
281,263,0.5478,False,1879,465,1917,769
281,266,0.4057,False,1427,131,1708,1077
281,270,0.5612,False,1859,464,1920,780
281,275,0.4132,False,113,535,146,631
281,279,0.5089,False,1215,336,1382,924
281,264,0.4294,False,599,458,667,688
281,283,0.5213,False,1766,431,1871,717
281,284,0.5183,False,1048,453,1144,715
282,1,0.4634,False,165,481,231,671
282,2,0.4863,False,239,486,305,675
282,6,0.4639,False,299,476,368,673
282,52,0.4647,False,363,420,516,758
282,138,0.4864,False,694,139,992,1072
282,214,0.5385,False,512,480,588,688
282,231,0.4517,False,641,454,723,697
282,263,0.5361,False,1879,465,1917,769
282,266,0.4128,False,1441,125,1725,1077
282,270,0.5565,False,1858,460,1920,780
282,275,0.4064,False,111,534,145,632
282,279,0.5279,False,1221,338,1386,921
282,264,0.4233,False,596,454,666,689
282,283,0.5395,False,1772,445,1874,717
282,284,0.5152,False,1047,452,1144,715
283,1,0.48,False,166,482,233,671
283,2,0.502,False,239,485,305,674
283,6,0.4842,False,300,476,369,673
283,52,0.4585,False,363,421,516,757
283,138,0.4822,False,692,146,984,1071
283,214,0.5356,False,509,480,586,689
283,231,0.4575,False,639,455,721,698
283,263,0.5205,False,1879,465,1917,768
283,266,0.4148,False,1460,120,1747,1079
283,270,0.5574,False,1858,459,1920,781
283,275,0.4106,False,111,534,145,633
283,279,0.5266,False,1227,341,1391,921
283,264,0.4215,False,596,470,660,690
283,283,0.5316,False,1775,454,1874,717
283,284,0.5047,False,1046,452,1144,715
284,1,0.4807,False,168,483,234,671
284,2,0.5013,False,239,484,305,674
284,6,0.489,False,300,476,369,673
284,52,0.4572,False,363,424,516,757
284,138,0.4742,False,689,154,976,1072
284,214,0.4883,False,507,482,584,689
284,231,0.4556,False,635,456,718,700
284,263,0.5196,False,1879,465,1918,767
284,266,0.4071,False,1473,115,1763,1078
284,270,0.5723,False,1857,457,1919,781
284,275,0.4026,False,112,536,146,634
284,279,0.5476,False,1231,344,1394,922
284,264,0.3987,False,595,471,659,691
284,283,0.5181,False,1778,459,1878,718
284,284,0.5247,False,1045,453,1144,715
284,288,0.5134,False,1387,335,1512,904
285,1,0.4843,False,168,485,235,673
285,2,0.5003,False,239,483,304,674
285,6,0.4907,False,300,476,369,673
285,52,0.4578,False,362,424,515,758
285,138,0.4735,False,687,160,969,1072
285,214,0.4919,False,505,482,582,690
285,231,0.447,False,631,456,714,700
285,263,0.5229,False,1879,465,1918,769
285,266,0.4076,False,1491,113,1785,1077
285,270,0.5764,False,1857,457,1919,781
285,275,0.3964,False,113,536,146,633
285,279,0.5403,False,1238,344,1403,928
285,264,0.4561,False,594,476,655,688
285,283,0.5364,False,1779,460,1879,722
285,284,0.5293,False,1044,453,1144,715
285,288,0.5108,False,1391,338,1517,907
286,1,0.4741,False,168,483,236,673
286,2,0.4933,False,239,483,304,673
286,6,0.4897,False,299,477,368,673
286,52,0.4806,False,359,424,513,758
286,138,0.4708,False,685,166,963,1071
286,214,0.4928,False,503,482,580,689
286,231,0.4464,False,629,456,711,700
286,263,0.5274,False,1878,466,1918,776
286,266,0.4055,False,1510,111,1812,1079
286,270,0.5724,False,1857,459,1919,781
286,275,0.3855,False,113,536,146,635
286,279,0.5299,False,1247,346,1414,939
286,264,0.4961,False,590,485,649,686
286,283,0.5225,False,1793,460,1884,700
286,284,0.5094,False,1041,453,1141,714
287,1,0.499,False,170,483,238,672
287,2,0.4966,False,239,483,303,672
287,6,0.4939,False,298,478,367,673
287,52,0.4807,False,359,425,510,755
287,138,0.4802,False,684,176,956,1070
287,214,0.4969,False,501,481,578,689
287,231,0.4494,False,628,456,710,699
287,263,0.5175,False,1877,469,1918,779
287,266,0.3943,False,1525,111,1832,1076
287,270,0.5696,False,1858,463,1919,780
287,275,0.3954,False,113,537,146,635
287,279,0.5193,False,1253,347,1422,946
287,264,0.4763,False,590,488,647,684
287,283,0.5118,False,1806,455,1893,687
287,284,0.5005,False,1040,454,1139,714
287,288,0.5483,False,1404,366,1527,918
288,1,0.4946,False,171,484,240,673
288,2,0.4673,False,240,483,303,671
288,6,0.4781,False,298,480,367,673
288,52,0.4852,False,360,425,508,748
288,138,0.4743,False,682,180,950,1069
288,214,0.4786,False,500,481,576,686
288,231,0.4428,False,625,455,707,699
288,263,0.5222,False,1877,471,1917,781
288,266,0.3919,False,1531,113,1845,1073
288,270,0.5717,False,1858,472,1918,781
288,275,0.3953,False,114,536,146,633
288,279,0.5253,False,1261,342,1432,947
288,264,0.4597,False,584,475,644,684
288,284,0.5122,False,1037,456,1135,713
288,291,0.4894,False,1105,489,1152,707
288,288,0.4967,False,1418,361,1545,928
289,1,0.4729,False,172,484,240,673
289,2,0.4578,False,240,483,302,670
289,6,0.4774,False,300,482,369,677
289,52,0.481,False,360,425,506,744
289,138,0.4742,False,679,183,944,1069
289,214,0.4675,False,498,478,574,684
289,231,0.4438,False,623,456,705,700
289,263,0.4815,False,1883,502,1919,774
289,266,0.4028,False,1542,111,1863,1073
289,275,0.4102,False,115,536,146,633
289,279,0.503,False,1264,343,1437,956
289,264,0.4685,False,585,483,643,683
289,284,0.5274,False,1034,457,1130,714
289,291,0.4798,False,1105,484,1153,707
289,288,0.5017,False,1423,358,1552,918
290,1,0.4707,False,173,483,242,673
290,2,0.4419,False,240,482,302,669
290,6,0.4814,False,302,481,371,678
290,52,0.4735,False,360,425,506,742
290,138,0.4756,False,675,185,938,1070
290,214,0.4431,False,495,477,570,683
290,231,0.4487,False,621,456,702,697
290,266,0.3866,False,1548,108,1876,1074
290,275,0.3912,False,114,536,146,635
290,279,0.539,False,1272,333,1445,947
290,264,0.4799,False,578,475,639,686
290,284,0.518,False,1032,456,1126,714
290,291,0.4714,False,1105,487,1153,706
290,288,0.4989,False,1430,350,1564,927
290,293,0.4763,False,913,486,961,677
291,1,0.4595,False,173,482,242,672
291,2,0.4589,False,240,482,301,669
291,6,0.4854,False,303,480,372,675
291,52,0.4862,False,360,424,506,743
291,138,0.462,False,672,185,933,1072
291,214,0.4748,False,494,477,568,684
291,231,0.4463,False,618,454,700,698
291,266,0.3836,False,1552,105,1889,1076
291,275,0.3875,False,113,537,145,636
291,279,0.5198,False,1279,336,1454,951
291,264,0.4954,False,574,460,639,685
291,284,0.5155,False,1031,455,1124,713
291,291,0.4509,False,1104,474,1154,705
291,288,0.5187,False,1442,354,1581,933
291,293,0.4805,False,912,487,959,677
292,1,0.4406,False,174,481,243,672
292,2,0.4481,False,240,483,301,668
292,6,0.4944,False,306,480,374,673
292,52,0.4775,False,360,424,506,744
292,138,0.4556,False,670,185,930,1074
292,214,0.4931,False,495,481,566,682
292,231,0.4456,False,616,454,697,700
292,266,0.3881,False,1551,98,1896,1074
292,275,0.4069,False,111,537,144,635
292,279,0.5259,False,1290,334,1467,953
292,264,0.5171,False,575,474,634,683
292,284,0.5116,False,1029,451,1122,714
292,291,0.4809,False,1102,464,1154,703
292,288,0.5129,False,1453,351,1596,937
292,293,0.4815,False,911,488,959,678
293,1,0.4389,False,175,481,243,671
293,2,0.4528,False,241,483,302,668
293,6,0.5093,False,308,480,377,671
293,52,0.4748,False,361,428,505,744
293,138,0.4694,False,668,187,927,1073
293,214,0.4967,False,495,484,564,683
293,231,0.4457,False,615,453,695,697
293,266,0.4088,False,1548,90,1900,1073
293,275,0.4025,False,111,537,144,635
293,279,0.5383,False,1299,330,1478,954
293,264,0.4954,False,573,482,630,681
293,284,0.517,False,1029,461,1117,715
293,291,0.4587,False,1102,467,1153,701
293,288,0.5093,False,1461,344,1611,943
293,293,0.4669,False,910,490,958,678
294,1,0.4355,False,176,482,244,671
294,2,0.4641,False,242,485,301,667
294,6,0.492,False,309,480,378,672
294,52,0.4855,False,362,426,506,744
294,138,0.4733,False,667,187,924,1071
294,214,0.4451,False,492,480,562,682
294,231,0.4488,False,611,453,692,697
294,266,0.4144,False,1558,84,1914,1073
294,275,0.4182,False,110,539,143,637
294,279,0.4977,False,1301,328,1479,954
294,264,0.4669,False,570,485,626,682
294,284,0.5136,False,1028,464,1114,715
294,291,0.4452,False,1102,473,1152,701
294,288,0.5345,False,1470,342,1627,950
294,293,0.4742,False,909,489,958,677
295,1,0.4469,False,177,483,244,671
295,2,0.4519,False,242,487,301,669
295,6,0.4927,False,309,480,379,672
295,52,0.4735,False,366,429,507,743
295,138,0.4751,False,667,190,922,1070
295,214,0.4128,False,494,486,557,671
295,231,0.4598,False,609,453,689,697
295,266,0.4047,False,1571,70,1920,1072
295,275,0.4069,False,109,538,142,636
295,279,0.4898,False,1303,326,1480,952
295,264,0.5072,False,566,485,621,680
295,284,0.52,False,1027,476,1109,715
295,291,0.4551,False,1103,479,1151,700
295,288,0.517,False,1483,340,1649,957
295,293,0.4748,False,908,489,958,677
296,1,0.4338,False,177,482,245,670
296,2,0.4656,False,244,488,303,670
296,6,0.4979,False,309,479,380,671
296,52,0.4729,False,368,432,507,743
296,138,0.4763,False,668,191,919,1064
296,214,0.4062,False,495,488,554,662
296,231,0.4634,False,609,455,689,698
296,266,0.4014,False,1614,60,1920,1070
296,275,0.4094,False,110,538,143,635
296,279,0.4874,False,1314,327,1491,953
296,264,0.4781,False,566,494,619,682
296,284,0.5245,False,1023,466,1108,715
296,291,0.4668,False,1101,480,1151,701
296,288,0.527,False,1498,341,1673,962
296,293,0.477,False,908,487,958,677
296,298,0.5295,False,1643,334,1739,757
297,1,0.4602,False,178,483,244,668
297,2,0.4633,False,244,488,303,671
297,6,0.4906,False,308,478,379,671
297,52,0.485,False,370,433,506,742
297,138,0.4812,False,669,192,916,1057
297,214,0.4159,False,498,492,553,657
297,231,0.4491,False,607,456,687,699
297,266,0.4043,False,1624,50,1920,1070
297,275,0.4094,False,108,539,142,637
297,279,0.5082,False,1322,327,1501,955
297,264,0.5052,False,565,485,620,681
297,284,0.5251,False,1017,459,1105,715
297,291,0.4607,False,1101,480,1151,701
297,288,0.5275,False,1511,343,1697,971
297,293,0.4699,False,908,488,958,678
297,298,0.5434,False,1654,329,1752,758
298,1,0.4594,False,179,484,245,667
298,2,0.4709,False,244,488,304,671
298,6,0.4843,False,307,479,379,671
298,52,0.4906,False,368,434,502,743
298,138,0.4985,False,667,195,912,1055
298,214,0.407,False,500,494,554,656
298,231,0.4466,False,605,457,686,699
298,266,0.4122,False,1666,37,1920,974
298,275,0.4268,False,109,537,142,634
298,279,0.494,False,1331,325,1512,959
298,264,0.4663,False,564,487,619,681
298,284,0.521,False,1011,456,1102,716
298,291,0.452,False,1101,478,1151,702
298,288,0.5191,False,1515,347,1709,973
298,293,0.4733,False,907,486,959,678
298,298,0.5773,False,1657,350,1750,758
299,1,0.4659,False,180,484,246,667
299,2,0.4514,False,246,487,306,671
299,6,0.4872,False,308,478,379,670
299,52,0.4942,False,367,435,500,743
299,138,0.4977,False,665,196,908,1053
299,214,0.4386,False,505,505,555,654
299,231,0.4441,False,604,459,684,699
299,266,0.4276,False,1691,27,1920,948
299,275,0.4268,False,110,537,142,632
299,279,0.477,False,1341,325,1524,961
299,264,0.4557,False,565,497,617,681
299,284,0.5361,False,1006,456,1099,716
299,291,0.4552,False,1098,471,1151,703
299,288,0.5437,False,1508,351,1712,982
299,293,0.4625,False,907,486,960,679
299,298,0.5845,False,1662,378,1749,757
299,299,0.4286,False,477,468,519,618
