timestamp,track_id,raw_score,smoothed_val,voting_ready,bbox_x1,bbox_y1,bbox_x2,bbox_y2
1786539050.0298486,1000,0.6325,0.6325,True,128,205,360,475
1786539050.3389335,1000,0.6346,0.6331,True,120,204,360,475
1786539050.3389335,1001,0.523,0.523,True,400,312,469,356
1786539050.6074939,1000,0.8293,0.692,True,0,154,107,471
1786539050.6074939,1001,0.6172,0.5513,True,136,205,360,476
1786539050.8265357,1000,0.8621,0.743,True,0,5,203,472
1786539051.1045806,1000,0.8654,0.7797,True,3,1,317,474
1786539051.2948277,1000,0.8908,0.8131,True,4,0,352,476
1786539051.2948277,1001,0.677,0.677,True,590,88,639,471
1786539051.2948277,1002,0.8416,0.8416,True,441,104,639,474
1786539051.6326723,7,0.874,0.874,True,41,8,329,464
1786539051.8201606,7,0.8727,0.8736,True,43,3,282,474
1786539052.0172894,7,0.8766,0.8745,True,56,4,447,475
1786539052.201036,7,0.8769,0.8752,True,89,1,398,478
1786539052.4163013,7,0.8654,0.8723,True,131,10,451,480
1786539052.610141,7,0.8418,0.8631,True,144,5,586,480
1786539052.8169267,7,0.8641,0.8634,True,171,5,499,479
1786539053.0227592,7,0.8536,0.8605,True,161,12,448,471
1786539053.2171478,7,0.8687,0.863,True,97,13,342,476
1786539053.4105275,7,0.9111,0.8774,True,12,6,273,472
1786539053.617815,7,0.8611,0.8725,True,0,2,213,469
1786539053.617815,10,0.7166,0.7166,True,120,53,604,443
1786539053.8420699,7,0.9226,0.8875,True,2,2,181,473
1786539053.8420699,10,0.7045,0.7129,True,166,73,635,471
1786539054.0788789,7,0.9215,0.8977,True,0,0,181,474
1786539054.0788789,10,0.6983,0.7085,True,223,75,640,474
1786539054.305569,7,0.8908,0.8956,True,4,1,216,473
1786539054.305569,10,0.7074,0.7082,True,256,75,640,474
1786539054.5274909,7,0.9056,0.8986,True,0,0,249,473
1786539054.5274909,10,0.6996,0.7056,True,244,76,639,474
1786539054.7530363,7,0.9052,0.9006,True,0,1,276,477
1786539054.7530363,10,0.6933,0.7019,True,164,84,640,480
1786539054.977397,7,0.907,0.9025,True,0,2,278,477
1786539054.977397,10,0.7197,0.7073,True,226,82,581,475
1786539055.2019746,7,0.9024,0.9025,True,0,2,270,476
1786539055.2019746,10,0.7418,0.7176,True,230,75,509,475
1786539055.42556,7,0.8709,0.893,True,0,0,274,476
1786539055.42556,10,0.7399,0.7243,True,201,74,456,475
1786539055.6499898,7,0.8237,0.8722,True,0,2,320,473
1786539055.6499898,10,0.8482,0.7615,True,189,77,383,474
1786539055.8733475,7,0.7794,0.8444,True,0,0,403,474
1786539056.0610867,7,0.8133,0.8351,True,3,0,478,473
1786539056.242076,7,0.7921,0.8222,True,0,0,510,475
1786539056.4331071,7,0.7142,0.7898,True,0,1,468,476
1786539056.6267004,7,0.8407,0.8051,True,1,0,372,474
1786539056.8336124,7,0.8628,0.8224,True,0,1,249,474
1786539057.0258436,1000,0.6893,0.6893,True,130,81,525,473
1786539057.0258436,1001,0.8386,0.8386,True,0,114,168,472
1786539057.2489407,1000,0.6985,0.6921,True,112,85,531,474
1786539057.2489407,1001,0.8053,0.8286,True,0,181,81,473
1786539057.4739885,12,0.6892,0.6892,True,90,87,528,479
1786539057.6655917,12,0.6839,0.6876,True,49,68,509,473
1786539057.856395,12,0.6863,0.6872,True,28,62,496,473
1786539058.0640843,12,0.6746,0.6834,True,18,58,459,472
1786539058.255552,12,0.6896,0.6853,True,32,57,477,472
1786539058.450455,12,0.685,0.6852,True,45,60,475,472
1786539058.641789,12,0.6883,0.6861,True,43,64,529,474
1786539058.8474648,12,0.6832,0.6853,True,102,68,562,473
1786539059.0419104,12,0.6683,0.6802,True,126,72,586,474
1786539059.2497928,12,0.6787,0.6797,True,154,78,633,474
1786539059.4423206,12,0.7081,0.6882,True,212,77,640,473
1786539059.6330194,12,0.7128,0.6956,True,149,79,631,474
1786539059.8259463,12,0.728,0.7053,True,279,76,638,473
1786539060.0177472,12,0.7221,0.7103,True,335,63,639,473
1786539060.1943927,12,0.732,0.7168,True,358,58,639,473
1786539060.3858094,12,0.7759,0.7346,True,386,60,638,473
1786539060.5647318,12,0.8038,0.7553,True,412,63,639,474
1786539060.767446,12,0.7413,0.7511,True,444,65,639,475
1786539060.9617565,12,0.6544,0.7221,True,469,79,639,473
1786539060.9617565,14,0.6517,0.6517,True,121,205,359,474
1786539061.1851077,12,0.6953,0.714,True,532,103,639,473
1786539061.1851077,14,0.65,0.6512,True,121,204,360,475
1786539061.4088218,14,0.645,0.6494,True,121,205,360,475
1786539061.5859928,14,0.6486,0.6491,True,120,205,359,475
1786539061.7791214,14,0.6444,0.6477,True,120,205,360,475
1786539061.953899,14,0.6409,0.6457,True,121,205,359,475
1786539062.1294558,14,0.6467,0.646,True,120,205,360,474
1786539062.321645,14,0.6504,0.6473,True,120,205,359,475
1786539062.4994543,14,0.6453,0.6467,True,120,204,360,475
1786539062.7078183,14,0.6434,0.6457,True,121,205,360,475
1786539062.898246,14,0.6452,0.6456,True,121,204,360,475
1786539063.0894153,14,0.6446,0.6453,True,121,205,360,475
1786539063.2662203,14,0.6437,0.6448,True,121,204,360,475
1786539063.442632,14,0.65,0.6463,True,122,204,360,475
1786539063.6329608,14,0.6444,0.6458,True,121,205,359,475
1786539063.8254688,14,0.6481,0.6465,True,121,204,360,475
1786539064.0158517,14,0.6488,0.6472,True,120,204,360,475
1786539064.1967244,14,0.6461,0.6469,True,121,204,359,475
1786539064.386374,14,0.6407,0.645,True,121,205,359,475
1786539064.578712,14,0.6444,0.6448,True,120,205,360,475
1786539064.7684345,14,0.6449,0.6449,True,123,204,360,475
1786539064.960255,1000,0.7251,0.7251,True,1,39,373,473
1786539065.185149,1000,0.8088,0.7502,True,112,46,558,473
1786539065.3917744,15,0.7764,0.7764,True,188,45,543,470
1786539065.6026938,15,0.7702,0.7746,True,62,19,627,473
1786539065.8002486,15,0.7959,0.781,True,120,15,639,474
1786539066.0018547,15,0.7941,0.7849,True,173,17,640,473
1786539066.1953163,15,0.7847,0.7848,True,398,15,640,475
1786539066.3819315,15,0.8056,0.7911,True,498,62,640,474
1786539066.578249,1000,0.6181,0.6181,True,120,204,359,475
1786539066.578249,1001,0.5058,0.5058,True,400,312,468,355
1786539066.8029537,1000,0.6101,0.6157,True,122,204,359,475
1786539066.9783652,1000,0.6166,0.616,True,121,204,360,475
1786539067.1676779,1000,0.6102,0.6142,True,123,204,359,475
1786539067.1676779,1001,0.6355,0.6355,True,604,310,639,459
1786539067.3783574,1000,0.6031,0.6109,True,121,204,359,475
1786539067.3783574,1001,0.6702,0.6459,True,573,272,639,476
1786539067.3783574,1002,0.6917,0.6917,True,573,130,639,475
1786539067.6340728,17,0.6191,0.6191,True,122,204,359,475
1786539067.8197029,17,0.6037,0.6145,True,121,204,360,475
1786539068.0018413,17,0.6209,0.6164,True,120,204,359,474
1786539068.1933837,17,0.6386,0.6231,True,121,204,359,475
1786539068.373053,17,0.6472,0.6303,True,123,204,354,475
1786539068.5591,17,0.6472,0.6354,True,122,204,355,474
1786539068.5591,18,0.7115,0.7115,True,316,72,638,472
1786539068.7720878,17,0.6148,0.6292,True,123,203,357,475
1786539068.7720878,18,0.7255,0.7157,True,331,66,639,473
1786539068.9944978,17,0.6112,0.6238,True,122,204,358,475
1786539068.9944978,18,0.742,0.7236,True,352,69,638,473
1786539069.2133849,17,0.6172,0.6218,True,121,204,359,475
1786539069.2133849,18,0.7545,0.7329,True,388,61,639,473
1786539069.4274764,17,0.6028,0.6161,True,121,204,359,474
1786539069.4274764,18,0.7207,0.7292,True,451,77,639,472
1786539069.6456635,17,0.6105,0.6144,True,120,205,360,474
1786539069.6456635,18,0.7304,0.7296,True,544,81,639,474
1786539069.871822,17,0.6151,0.6146,True,121,204,359,475
1786539069.871822,18,0.6709,0.712,True,594,81,639,474
1786539070.0810921,17,0.6279,0.6186,True,125,204,359,475
1786539070.2761185,17,0.6103,0.6161,True,121,204,360,475
1786539070.4819934,17,0.6261,0.6191,True,120,204,360,474
1786539070.6730404,17,0.618,0.6188,True,123,204,359,475
1786539070.8964717,17,0.6161,0.618,True,124,205,359,475
1786539071.0909393,17,0.6545,0.6289,True,122,204,353,475
1786539071.0909393,21,0.7374,0.7374,True,334,73,638,474
1786539071.3295374,21,0.7321,0.7358,True,174,68,638,474
1786539071.5537884,21,0.6664,0.715,True,117,57,629,473
1786539071.761238,21,0.6382,0.6919,True,73,55,628,472
1786539071.9682238,21,0.6655,0.684,True,71,54,635,472
1786539072.1592534,21,0.6597,0.6767,True,81,54,632,472
1786539072.3544135,21,0.6688,0.6743,True,97,57,617,473
1786539072.5459373,21,0.6544,0.6683,True,106,57,598,473
1786539072.7369106,21,0.6272,0.656,True,92,63,575,473
1786539072.9281213,21,0.6595,0.6571,True,89,68,524,473
1786539073.1198425,21,0.6778,0.6633,True,42,77,486,473
1786539073.3101327,21,0.6167,0.6493,True,0,80,423,472
1786539073.5060956,21,0.596,0.6333,True,0,64,387,473
1786539073.6956964,21,0.5966,0.6223,True,0,59,364,474
1786539073.8884206,21,0.6181,0.621,True,0,59,358,474
1786539074.0650265,21,0.6366,0.6257,True,0,60,307,474
1786539074.2574944,21,0.6307,0.6272,True,0,62,239,474
1786539074.4497104,21,0.6005,0.6192,True,0,58,195,474
1786539074.631985,21,0.6279,0.6218,True,0,59,162,473
1786539074.8162558,21,0.6014,0.6157,True,0,59,139,472
1786539075.0094643,21,0.6053,0.6126,True,0,59,107,473
1786539075.2114923,21,0.6091,0.6115,True,0,59,79,475
1786539075.3935168,21,0.5661,0.5979,True,0,68,53,473
1786539075.585117,21,0.5436,0.5816,True,0,135,46,468
1786539075.585117,22,0.6155,0.6155,True,119,205,359,474
1786539075.809607,21,0.5982,0.5866,True,0,167,52,465
1786539075.809607,22,0.6128,0.6147,True,122,204,360,475
1786539076.0325627,21,0.6465,0.6046,True,0,176,76,456
1786539076.0325627,22,0.6196,0.6162,True,123,204,360,475
1786539076.259601,21,0.7217,0.6397,True,0,172,120,445
1786539076.259601,22,0.6168,0.6164,True,121,204,359,474
1786539076.480278,21,0.8021,0.6884,True,0,72,159,450
1786539076.480278,22,0.6337,0.6215,True,125,204,360,475
1786539076.7016475,21,0.6924,0.6896,True,0,55,199,469
1786539076.7016475,22,0.642,0.6277,True,127,203,360,475
1786539076.9312592,21,0.6607,0.6809,True,0,61,255,472
1786539077.122223,21,0.6699,0.6776,True,0,60,293,467
1786539077.122223,22,0.6468,0.6468,True,149,186,360,474
1786539077.3458483,21,0.6323,0.664,True,0,60,293,469
1786539077.3458483,22,0.6202,0.6388,True,154,197,360,474
1786539077.5693,21,0.6208,0.6511,True,0,61,327,472
1786539077.7620916,21,0.6377,0.6471,True,0,53,303,473
1786539078.0026839,21,0.6384,0.6445,True,0,53,319,473
1786539078.0026839,22,0.6629,0.6629,True,185,139,360,473
1786539078.224121,21,0.6227,0.6379,True,0,54,349,473
1786539078.224121,22,0.6561,0.6609,True,203,167,360,473
1786539078.4514155,21,0.6418,0.6391,True,0,63,372,473
1786539078.6393795,21,0.6249,0.6348,True,29,68,437,473
1786539078.8337843,21,0.6304,0.6335,True,77,72,488,475
1786539079.0387533,21,0.6374,0.6347,True,100,76,539,473
1786539079.2359295,21,0.6453,0.6379,True,108,76,557,474
1786539079.4240506,21,0.6418,0.639,True,104,75,557,473
1786539079.617959,21,0.6359,0.6381,True,90,68,557,472
1786539079.8108585,21,0.6457,0.6404,True,71,64,543,473
1786539079.9998076,21,0.6888,0.6549,True,38,59,537,473
1786539080.1920314,21,0.6981,0.6679,True,5,57,527,472
1786539080.386633,21,0.6872,0.6737,True,3,57,550,473
1786539080.5782208,21,0.693,0.6795,True,5,59,539,474
1786539080.7766364,21,0.6745,0.678,True,10,62,572,475
1786539080.9735265,21,0.6412,0.667,True,63,61,622,473
1786539081.1757965,21,0.621,0.6532,True,152,63,640,474
1786539081.3863292,21,0.6749,0.6597,True,187,65,640,472
1786539081.5769112,21,0.7122,0.6755,True,215,66,639,475
1786539081.777603,21,0.6954,0.6815,True,157,69,638,472
1786539081.9849448,21,0.7061,0.6888,True,156,57,640,473
1786539082.1785443,21,0.6894,0.689,True,105,48,638,472
1786539082.370301,21,0.6904,0.6894,True,74,41,635,476
1786539082.5643525,21,0.6478,0.6769,True,48,47,638,475
1786539082.754033,21,0.6719,0.6754,True,8,48,635,472
1786539082.959684,21,0.6598,0.6707,True,7,52,640,472
1786539083.14986,21,0.6809,0.6738,True,4,51,631,475
1786539083.3456137,21,0.6781,0.6751,True,87,57,637,473
1786539083.537483,21,0.6405,0.6647,True,116,55,631,474
1786539083.7269957,21,0.6562,0.6622,True,120,53,638,474
1786539083.9215355,21,0.6676,0.6638,True,147,49,639,473
1786539084.1279519,21,0.7207,0.6809,True,195,50,638,472
1786539084.3179874,21,0.7213,0.693,True,206,52,638,475
1786539084.5140595,21,0.7176,0.7004,True,212,45,626,477
1786539084.7066567,21,0.7227,0.7071,True,199,39,635,475
1786539084.911666,21,0.7204,0.7111,True,185,40,612,475
1786539085.1056192,21,0.625,0.6852,True,149,41,601,474
1786539085.311765,21,0.6878,0.686,True,131,5,620,474
1786539085.521989,21,0.6781,0.6836,True,170,3,634,475
1786539085.7138636,21,0.6798,0.6825,True,185,30,633,476
1786539085.9040842,21,0.7056,0.6894,True,149,26,639,474
1786539086.0920317,21,0.6709,0.6839,True,172,25,638,474
1786539086.2884114,21,0.6526,0.6745,True,166,29,637,473
1786539086.4976854,21,0.6827,0.677,True,162,30,639,475
1786539086.6901028,21,0.6735,0.6759,True,81,24,639,474
1786539086.882962,21,0.6572,0.6703,True,18,33,638,478
1786539087.0900722,21,0.701,0.6795,True,51,43,636,474
1786539087.312365,21,0.7299,0.6946,True,110,60,638,474
1786539087.5048263,21,0.6999,0.6962,True,144,68,638,473
1786539087.713096,21,0.6801,0.6914,True,156,60,640,472
1786539087.9021652,21,0.7054,0.6956,True,222,59,640,472
1786539088.0940833,21,0.6358,0.6776,True,236,58,595,472
1786539088.2891114,21,0.7033,0.6853,True,215,44,531,473
1786539088.4967682,21,0.7045,0.6911,True,133,41,448,473
1786539088.7061489,21,0.6818,0.6883,True,63,37,401,473
1786539088.895384,21,0.7526,0.7076,True,15,26,374,471
1786539089.0890894,21,0.7619,0.7239,True,10,54,355,473
1786539089.2943802,21,0.6932,0.7147,True,0,37,335,474
1786539089.490208,21,0.6732,0.7022,True,0,39,363,472
1786539089.6970072,21,0.6528,0.6874,True,0,44,401,473
1786539089.8907714,21,0.6328,0.671,True,0,53,434,473
1786539090.0953052,21,0.6377,0.661,True,0,69,486,475
1786539090.2896295,21,0.6283,0.6512,True,38,61,517,473
1786539090.497144,21,0.6107,0.6391,True,73,76,544,473
1786539090.689892,21,0.606,0.6291,True,87,83,548,474
1786539090.8795178,21,0.6502,0.6355,True,105,84,543,473
1786539091.072503,21,0.6884,0.6514,True,129,76,511,473
1786539091.2662134,21,0.6951,0.6645,True,126,75,466,473
1786539091.4713354,21,0.6743,0.6674,True,122,71,417,473
1786539091.6636415,21,0.6747,0.6696,True,124,70,400,474
1786539091.854326,21,0.8177,0.714,True,14,10,413,475
1786539092.0656922,1000,0.7528,0.7528,True,75,1,546,473
1786539092.2728972,21,0.6645,0.6645,True,124,0,343,466
1786539092.4816105,21,0.6831,0.6701,True,123,3,379,471
1786539092.6728015,1000,0.8259,0.8259,True,315,1,619,474
1786539092.6728015,1001,0.7359,0.7359,True,119,209,277,474
1786539092.6728015,1002,0.7706,0.7706,True,256,31,406,475
1786539092.946467,1000,0.8572,0.8353,True,281,1,604,474
1786539092.946467,1001,0.7037,0.7262,True,117,205,308,472
1786539093.2262604,1000,0.8794,0.8486,True,229,2,533,474
1786539093.2262604,1001,0.7385,0.7299,True,118,204,307,475
1786539093.5029964,21,0.943,0.943,True,140,1,421,473
1786539093.7083073,21,0.9227,0.9369,True,119,2,372,476
1786539093.9051554,21,0.9013,0.9262,True,124,1,354,476
1786539094.1117778,21,0.9224,0.9251,True,127,1,347,476
1786539094.1117778,28,0.7397,0.7397,True,359,105,527,474
1786539094.3374364,21,0.9498,0.9325,True,123,7,371,476
1786539094.3374364,28,0.7394,0.7396,True,393,114,572,474
1786539094.55788,21,0.9626,0.9415,True,120,13,418,477
1786539094.55788,28,0.7016,0.7282,True,432,114,598,473
1786539094.7814589,21,0.9492,0.9438,True,140,24,462,475
1786539094.7814589,28,0.6916,0.7172,True,477,114,638,473
1786539095.025454,21,0.9575,0.9479,True,189,25,461,477
1786539095.025454,28,0.6449,0.6955,True,521,121,640,473
1786539095.2500248,21,0.9648,0.953,True,208,28,450,476
1786539095.2500248,28,0.6004,0.667,True,543,153,640,468
1786539095.4725862,21,0.9652,0.9567,True,218,26,436,476
1786539095.4725862,28,0.6265,0.6549,True,566,169,640,465
1786539095.7138488,21,0.9345,0.95,True,228,29,406,477
1786539095.8889327,21,0.9331,0.9449,True,238,31,417,477
1786539096.0807881,21,0.9521,0.9471,True,276,39,460,476
1786539096.2749484,21,0.9566,0.9499,True,306,44,509,475
1786539096.480494,21,0.9447,0.9484,True,325,44,605,474
1786539096.6731164,21,0.9592,0.9516,True,321,48,570,473
1786539096.864881,21,0.9692,0.9569,True,301,49,558,473
1786539096.864881,29,0.6409,0.6409,True,125,206,335,472
1786539097.1066937,21,0.9725,0.9616,True,299,50,542,474
1786539097.1066937,29,0.6415,0.6411,True,125,205,343,475
1786539097.3250751,21,0.9625,0.9619,True,307,51,504,474
1786539097.3250751,29,0.6252,0.6363,True,124,204,345,475
1786539097.3250751,30,0.687,0.687,True,514,111,639,471
1786539097.5887713,21,0.9092,0.9461,True,325,50,466,473
1786539097.5887713,29,0.6295,0.6343,True,124,204,345,475
1786539097.5887713,30,0.6734,0.6829,True,523,113,639,471
1786539097.8568957,21,0.9318,0.9418,True,271,54,410,473
1786539097.8568957,29,0.6468,0.638,True,130,203,320,475
1786539097.8568957,30,0.6614,0.6765,True,509,107,639,473
1786539098.128923,21,0.9307,0.9385,True,188,48,361,475
1786539098.128923,29,0.7624,0.6753,True,121,210,266,475
1786539098.128923,30,0.6485,0.6681,True,504,109,639,473
1786539098.4017746,21,0.9427,0.9397,True,130,42,319,473
1786539098.4017746,30,0.6195,0.6535,True,493,111,639,474
1786539098.6367917,21,0.9522,0.9435,True,94,39,292,474
1786539098.6367917,30,0.6748,0.6599,True,457,111,639,474
1786539098.8620582,21,0.9363,0.9413,True,40,35,256,473
1786539098.8620582,30,0.6204,0.6481,True,413,101,610,475
1786539099.104054,21,0.9329,0.9388,True,1,24,211,473
1786539099.104054,30,0.6931,0.6616,True,377,96,570,473
1786539099.344526,21,0.95,0.9422,True,0,19,190,473
1786539099.344526,30,0.7052,0.6747,True,348,94,561,472
1786539099.5686855,21,0.953,0.9454,True,0,19,184,473
1786539099.5686855,30,0.6733,0.6742,True,327,94,536,473
1786539099.7921228,21,0.9595,0.9496,True,0,18,184,474
1786539099.7921228,30,0.6598,0.6699,True,304,93,514,473
1786539100.0167649,21,0.9574,0.952,True,0,16,181,474
1786539100.0167649,30,0.7289,0.6876,True,284,88,503,473
1786539100.241028,21,0.9416,0.9489,True,0,11,176,475
1786539100.241028,30,0.6592,0.6791,True,264,88,484,473
1786539100.4614103,21,0.9288,0.9429,True,0,4,169,473
1786539100.4614103,30,0.6908,0.6826,True,269,83,467,473
1786539100.688517,21,0.9133,0.934,True,0,7,145,474
1786539100.688517,30,0.6618,0.6764,True,233,80,460,474
1786539100.9291966,21,0.8818,0.9183,True,0,16,90,472
1786539100.9291966,30,0.6837,0.6786,True,202,75,458,474
1786539101.1687899,21,0.7959,0.8816,True,0,114,62,470
1786539101.1687899,30,0.6926,0.6828,True,186,71,492,472
1786539101.3899548,21,0.7973,0.8563,True,0,136,53,466
1786539101.3899548,30,0.6674,0.6782,True,202,75,471,473
1786539101.6176634,21,0.8178,0.8448,True,0,140,60,470
1786539101.6176634,30,0.6891,0.6814,True,230,78,468,474
1786539101.8576748,30,0.6125,0.6608,True,235,89,466,474
1786539102.0776808,30,0.6771,0.6657,True,229,88,469,472
1786539102.288027,30,0.6179,0.6513,True,262,87,476,474
1786539102.4970782,30,0.6512,0.6513,True,282,93,508,474
1786539102.4970782,33,0.8971,0.8971,True,0,3,151,472
1786539102.7374148,30,0.6189,0.6416,True,282,93,535,473
1786539102.7374148,33,0.9184,0.9035,True,0,2,182,472
1786539102.9564245,30,0.6318,0.6387,True,259,92,531,473
1786539102.9564245,33,0.9126,0.9062,True,0,3,189,473
1786539103.1867008,30,0.6171,0.6322,True,255,94,500,475
1786539103.1867008,33,0.8968,0.9034,True,0,4,197,476
1786539103.4255667,30,0.6682,0.643,True,291,94,465,474
1786539103.4255667,33,0.8851,0.8979,True,0,5,226,474
1786539103.665188,30,0.7311,0.6694,True,259,93,618,476
1786539103.665188,33,0.914,0.9027,True,0,3,274,476
1786539103.8939607,30,0.7174,0.6838,True,241,93,637,475
1786539103.8939607,33,0.8906,0.8991,True,0,3,289,473
1786539104.1137931,30,0.7512,0.704,True,208,90,638,475
1786539104.1137931,33,0.8747,0.8918,True,0,3,271,475
1786539104.3327591,30,0.6936,0.7009,True,155,78,545,474
1786539104.3327591,33,0.8508,0.8795,True,0,5,219,472
1786539104.562264,30,0.6164,0.6756,True,74,75,459,473
1786539104.7545667,30,0.6183,0.6584,True,49,73,402,473
1786539104.9612558,30,0.6304,0.65,True,84,77,402,474
1786539105.1535451,30,0.6543,0.6513,True,121,79,433,473
1786539105.361789,30,0.6649,0.6554,True,150,80,462,473
1786539105.5533288,30,0.6406,0.6509,True,211,83,469,473
1786539105.7451057,30,0.633,0.6456,True,256,87,438,473
1786539105.9360862,30,0.7158,0.6666,True,268,88,437,473
1786539106.1286135,30,0.709,0.6793,True,275,92,452,473
1786539106.3228035,30,0.7089,0.6882,True,278,94,475,474
1786539106.510089,30,0.6904,0.6889,True,300,96,520,474
1786539106.7210968,30,0.6724,0.6839,True,349,94,549,473
1786539106.7210968,33,0.7401,0.7401,True,0,0,206,474
1786539106.9602308,30,0.707,0.6908,True,393,92,582,473
1786539106.9602308,33,0.7961,0.7569,True,0,5,272,475
1786539107.2175713,30,0.7074,0.6958,True,427,96,639,474
1786539107.2175713,33,0.8528,0.7857,True,7,3,302,475
1786539107.451961,30,0.6733,0.6891,True,445,99,635,473
1786539107.451961,33,0.8832,0.8149,True,6,3,303,473
1786539107.6776614,30,0.6676,0.6826,True,446,100,640,475
1786539107.6776614,33,0.8989,0.8401,True,27,0,316,476
1786539107.9046946,30,0.6638,0.677,True,455,107,639,474
1786539107.9046946,33,0.8769,0.8511,True,43,1,320,476
1786539108.1301339,30,0.6875,0.6801,True,452,114,640,473
1786539108.1301339,33,0.8606,0.854,True,44,1,344,476
1786539108.3535173,30,0.6862,0.682,True,444,121,640,472
1786539108.3535173,33,0.8595,0.8556,True,50,1,333,477
1786539108.578904,30,0.6919,0.6849,True,431,117,640,474
1786539108.578904,33,0.8719,0.8605,True,44,1,337,476
1786539108.8187854,30,0.6744,0.6818,True,406,110,640,473
1786539108.8187854,33,0.8507,0.8576,True,38,0,353,477
1786539109.046591,30,0.683,0.6822,True,366,105,639,473
1786539109.046591,33,0.8329,0.8502,True,40,0,351,477
1786539109.2812967,30,0.6734,0.6795,True,335,101,634,472
1786539109.2812967,33,0.8582,0.8526,True,28,2,339,477
1786539109.5043619,30,0.6818,0.6802,True,331,98,626,472
1786539109.5043619,33,0.85,0.8518,True,20,0,385,476
1786539109.7272296,30,0.6888,0.6828,True,328,97,638,473
1786539109.7272296,33,0.8507,0.8515,True,25,0,381,477
1786539109.953235,30,0.6889,0.6846,True,334,95,635,474
1786539109.953235,33,0.8688,0.8567,True,35,0,383,474
1786539110.1933978,30,0.7098,0.6922,True,353,95,640,474
1786539110.1933978,33,0.8848,0.8651,True,70,0,383,475
1786539110.4175305,30,0.683,0.6894,True,359,97,635,474
1786539110.4175305,33,0.8399,0.8575,True,110,0,392,474
1786539110.6416628,30,0.6882,0.689,True,370,103,632,475
1786539110.6416628,33,0.8581,0.8577,True,120,0,417,474
1786539110.8664374,30,0.6976,0.6916,True,371,104,638,471
1786539110.8664374,33,0.8325,0.8502,True,96,2,446,472
1786539111.1171236,30,0.7231,0.701,True,366,107,638,474
1786539111.1171236,33,0.8418,0.8476,True,50,1,364,475
1786539111.3602824,30,0.7205,0.7069,True,370,108,640,473
1786539111.3602824,33,0.855,0.8498,True,22,1,350,474
1786539111.585462,30,0.7361,0.7156,True,363,104,639,474
1786539111.585462,33,0.8766,0.8579,True,14,0,332,474
1786539111.8088164,30,0.7388,0.7226,True,355,92,639,474
1786539111.8088164,33,0.893,0.8684,True,31,1,357,475
1786539112.0341306,30,0.7066,0.7178,True,344,91,639,474
1786539112.0341306,33,0.8949,0.8764,True,66,2,348,474
1786539112.2740912,30,0.6905,0.7096,True,334,85,640,474
1786539112.2740912,33,0.8685,0.874,True,96,3,356,475
1786539112.4960597,30,0.6999,0.7067,True,311,84,640,472
1786539112.4960597,33,0.8545,0.8681,True,101,6,461,472
1786539112.7111745,30,0.699,0.7044,True,334,83,639,475
1786539112.7111745,33,0.8639,0.8669,True,56,0,376,474
1786539112.9415324,30,0.6963,0.702,True,349,90,640,475
1786539112.9415324,33,0.8549,0.8633,True,24,0,339,475
1786539113.1852698,30,0.726,0.7092,True,391,96,637,476
1786539113.1852698,33,0.9014,0.8747,True,0,1,260,475
1786539113.42543,30,0.7364,0.7173,True,433,100,640,468
1786539113.42543,33,0.8929,0.8802,True,0,3,241,473
1786539113.6647515,30,0.682,0.7067,True,478,106,640,469
1786539113.6647515,33,0.9353,0.8967,True,12,2,282,473
1786539113.9058454,30,0.668,0.6951,True,490,122,639,470
1786539113.9058454,33,0.9316,0.9072,True,35,2,341,473
1786539114.1458685,33,0.9419,0.9176,True,64,1,377,473
1786539114.3524306,33,0.9387,0.9239,True,79,0,384,471
1786539114.5401647,33,0.9333,0.9267,True,80,0,381,472
1786539114.7376833,33,0.9356,0.9294,True,77,1,375,473
1786539114.9147828,33,0.9415,0.933,True,68,2,375,473
1786539114.9147828,30,0.6936,0.6936,True,424,132,639,474
1786539115.137529,33,0.9352,0.9337,True,57,2,382,473
1786539115.3163183,33,0.9308,0.9328,True,56,2,382,473
1786539115.3163183,30,0.7806,0.7806,True,439,141,640,474
1786539115.5374646,33,0.934,0.9332,True,40,2,395,474
1786539115.7713366,33,0.9409,0.9355,True,13,2,429,474
1786539115.968002,33,0.9353,0.9354,True,29,0,499,474
1786539115.968002,38,0.8767,0.8767,True,0,8,99,469
1786539116.1925695,33,0.8887,0.9214,True,96,0,617,475
1786539116.1925695,38,0.8683,0.8742,True,0,3,119,468
1786539116.4187212,33,0.9395,0.9269,True,127,4,486,475
1786539116.610212,33,0.9441,0.932,True,126,1,411,473
1786539116.8172045,33,0.9173,0.9276,True,101,2,364,474
1786539117.0091798,33,0.9195,0.9252,True,45,2,352,476
1786539117.1981494,33,0.9246,0.925,True,1,2,354,477
1786539117.3940415,33,0.9227,0.9243,True,0,2,307,475
1786539117.6021757,33,0.8769,0.9101,True,0,2,251,474
1786539117.8074176,33,0.9297,0.916,True,0,9,243,473
1786539117.997578,33,0.9029,0.9121,True,0,111,222,474
1786539118.1933415,33,0.8864,0.9044,True,0,126,197,474
1786539118.1933415,30,0.7975,0.7975,True,398,64,639,474
1786539118.4342544,33,0.8884,0.8996,True,0,118,198,474
1786539118.4342544,30,0.8059,0.8,True,410,74,639,474
1786539118.65743,30,0.8187,0.8056,True,431,85,639,475
1786539118.65743,38,0.9067,0.9067,True,0,5,227,474
1786539118.8970032,30,0.8168,0.809,True,444,96,639,476
1786539118.8970032,38,0.85,0.8897,True,0,1,270,473
1786539119.1219783,30,0.8155,0.8109,True,447,105,639,475
1786539119.1219783,38,0.8532,0.8787,True,0,1,297,473
1786539119.3609152,30,0.8184,0.8132,True,449,104,638,475
1786539119.3609152,38,0.854,0.8713,True,2,1,311,474
1786539119.599967,30,0.8165,0.8142,True,446,112,638,476
1786539119.599967,38,0.8334,0.86,True,1,1,314,473
1786539119.8252044,30,0.8251,0.8174,True,445,96,639,475
1786539119.8252044,38,0.8377,0.8533,True,0,1,307,474
1786539120.0487347,30,0.8289,0.8209,True,442,80,639,475
1786539120.0487347,38,0.8515,0.8527,True,0,1,281,474
1786539120.2886708,30,0.8325,0.8244,True,443,79,639,475
1786539120.2886708,38,0.8725,0.8587,True,0,2,279,476
1786539120.5147188,30,0.8399,0.829,True,439,91,640,474
1786539120.5147188,38,0.8236,0.8481,True,0,3,160,473
1786539120.752075,30,0.8492,0.8351,True,442,76,640,475
1786539120.752075,38,0.8508,0.8489,True,0,2,135,474
1786539120.993922,30,0.8609,0.8428,True,469,62,640,474
1786539120.993922,38,0.8963,0.8631,True,4,3,169,473
1786539121.2337167,30,0.8653,0.8495,True,486,60,640,472
1786539121.2337167,38,0.9104,0.8773,True,2,5,196,471
1786539121.2337167,42,0.8976,0.8976,True,262,14,534,480
1786539121.4925802,30,0.845,0.8482,True,452,19,636,471
1786539121.4925802,38,0.8843,0.8794,True,6,4,225,471
1786539121.7329822,30,0.8594,0.8515,True,455,44,637,469
1786539121.7329822,38,0.9052,0.8872,True,21,2,264,474
1786539121.950305,30,0.8611,0.8544,True,454,51,638,472
1786539121.950305,38,0.9251,0.8985,True,48,3,291,473
1786539122.178111,30,0.8524,0.8538,True,448,49,638,469
1786539122.178111,38,0.9395,0.9108,True,58,11,295,473
1786539122.4023316,30,0.8445,0.851,True,440,47,639,470
1786539122.4023316,38,0.9467,0.9216,True,56,21,282,473
1786539122.627418,30,0.862,0.8543,True,405,53,639,473
1786539122.627418,38,0.9477,0.9294,True,34,23,259,475
1786539122.8478894,30,0.8636,0.8571,True,373,42,638,472
1786539122.8478894,38,0.9494,0.9354,True,26,20,238,473
1786539123.0851805,30,0.7997,0.8399,True,336,41,639,473
1786539123.0851805,38,0.9222,0.9315,True,57,27,243,474
1786539123.3293655,30,0.7684,0.8184,True,311,42,639,473
1786539123.3293655,38,0.9412,0.9344,True,100,34,284,473
1786539123.5522263,30,0.769,0.8036,True,291,46,638,473
1786539123.5522263,38,0.9564,0.941,True,118,37,327,473
1786539123.789837,30,0.7696,0.7934,True,312,43,639,473
1786539123.789837,38,0.9603,0.9468,True,133,38,352,474
1786539124.0184126,30,0.7977,0.7947,True,332,33,639,476
1786539124.0184126,38,0.9533,0.9487,True,171,40,366,476
1786539124.2562652,30,0.8465,0.8102,True,358,28,640,479
1786539124.2562652,38,0.9508,0.9493,True,176,44,393,475
1786539124.4813528,30,0.8215,0.8136,True,376,23,639,474
1786539124.4813528,38,0.9581,0.952,True,198,44,415,473
1786539124.7067785,30,0.8018,0.8101,True,392,37,639,473
1786539124.7067785,38,0.9358,0.9471,True,168,45,435,474
1786539124.9286323,30,0.7921,0.8047,True,407,41,639,473
1786539124.9286323,38,0.9725,0.9547,True,219,45,444,475
1786539125.1524987,30,0.8004,0.8034,True,408,44,639,473
1786539125.1524987,38,0.9414,0.9507,True,209,45,466,474
1786539125.3826132,30,0.7621,0.791,True,406,42,639,473
1786539125.3826132,38,0.9291,0.9442,True,172,44,455,475
1786539125.6327448,30,0.7791,0.7874,True,405,49,639,473
1786539125.6327448,38,0.9327,0.9408,True,170,43,429,474
1786539125.954944,38,0.9333,0.9385,True,134,44,390,474
1786539126.1466703,38,0.9533,0.943,True,124,45,362,473
1786539126.3540006,38,0.9636,0.9492,True,136,45,358,474
1786539126.5452893,38,0.9633,0.9534,True,117,46,354,473
1786539126.7546787,38,0.9666,0.9574,True,124,45,349,474
1786539126.9455924,38,0.9633,0.9591,True,135,45,348,473
1786539127.135922,38,0.9531,0.9573,True,136,45,347,473
1786539127.328806,38,0.9667,0.9601,True,126,46,346,473
1786539127.5206225,38,0.9696,0.963,True,120,45,346,474
1786539127.7115235,38,0.9677,0.9644,True,129,46,347,474
1786539127.9032931,38,0.956,0.9619,True,132,46,346,474
1786539128.0979824,38,0.9558,0.9601,True,128,47,347,474
1786539128.2892897,38,0.9621,0.9607,True,136,46,344,474
1786539128.463705,38,0.9644,0.9618,True,131,47,351,474
1786539128.65728,38,0.966,0.9631,True,133,46,358,475
1786539128.8463047,38,0.9634,0.9632,True,124,45,360,475
1786539129.0403104,38,0.9589,0.9619,True,123,45,361,475
1786539129.2245176,38,0.9596,0.9612,True,133,44,363,475
1786539129.4308567,38,0.9202,0.9489,True,127,44,402,473
1786539129.4308567,30,0.7857,0.7857,True,270,77,638,472
1786539129.6655354,38,0.9053,0.9358,True,127,43,363,474
1786539129.6655354,30,0.7637,0.7791,True,287,78,639,474
1786539129.890111,38,0.9406,0.9373,True,122,42,348,474
1786539129.890111,30,0.7674,0.7756,True,318,97,639,474
1786539130.113028,38,0.95,0.9411,True,115,42,346,474
1786539130.113028,30,0.7427,0.7657,True,345,127,639,476
1786539130.3364165,38,0.935,0.9393,True,118,43,358,474
1786539130.3364165,30,0.7215,0.7524,True,346,121,639,474
1786539130.561253,38,0.9135,0.9315,True,161,40,377,474
1786539130.561253,30,0.7524,0.7524,True,329,94,639,474
1786539130.784257,38,0.8557,0.9088,True,203,41,403,472
1786539130.784257,30,0.782,0.7613,True,331,92,638,473
1786539131.0058615,38,0.9192,0.9119,True,225,46,431,472
1786539131.0058615,30,0.8079,0.7753,True,322,88,638,474
1786539131.2328198,38,0.9459,0.9221,True,236,46,447,474
1786539131.2328198,30,0.718,0.7581,True,321,86,639,473
1786539131.4535985,38,0.9431,0.9284,True,242,46,450,473
1786539131.4535985,30,0.7255,0.7483,True,314,84,639,474
1786539131.673161,38,0.9306,0.9291,True,246,46,449,474
1786539131.673161,30,0.7426,0.7466,True,316,84,639,473
1786539131.9063797,38,0.9352,0.9309,True,242,45,445,473
1786539131.9063797,30,0.7676,0.7529,True,316,84,639,475
1786539131.9063797,44,0.7114,0.7114,True,129,207,272,474
1786539132.1613586,38,0.9381,0.9331,True,236,45,439,472
1786539132.1613586,30,0.7717,0.7586,True,315,84,639,474
1786539132.1613586,44,0.7252,0.7156,True,121,209,264,474
1786539132.4173968,38,0.947,0.9373,True,231,46,434,473
1786539132.4173968,30,0.7716,0.7625,True,307,81,639,472
1786539132.4173968,44,0.7215,0.7174,True,122,210,260,474
1786539132.6692517,38,0.946,0.9399,True,226,44,428,472
1786539132.6692517,30,0.7691,0.7644,True,308,82,639,473
1786539132.6692517,44,0.6982,0.7116,True,125,214,259,475
1786539132.9136214,38,0.9344,0.9382,True,225,45,424,472
1786539132.9136214,30,0.7783,0.7686,True,306,82,639,473
1786539132.9136214,44,0.7072,0.7103,True,122,213,259,475
1786539133.1701257,38,0.9203,0.9329,True,231,46,435,473
1786539133.1701257,30,0.7741,0.7703,True,301,81,639,473
1786539133.1701257,44,0.701,0.7075,True,122,212,262,475
1786539133.4269226,38,0.8997,0.9229,True,254,48,457,474
1786539133.4269226,30,0.8013,0.7796,True,280,79,640,473
1786539133.4269226,44,0.7152,0.7098,True,121,208,276,474
1786539133.6814187,38,0.8986,0.9156,True,256,50,454,474
1786539133.6814187,30,0.7926,0.7835,True,296,85,639,473
1786539133.6814187,44,0.7282,0.7153,True,121,206,279,474
1786539133.935378,38,0.9177,0.9162,True,248,50,445,474
1786539133.935378,30,0.797,0.7876,True,316,88,639,473
1786539133.935378,44,0.7111,0.7141,True,125,208,274,474
1786539134.1940346,38,0.9077,0.9137,True,243,53,438,474
1786539134.1940346,30,0.8265,0.7992,True,323,92,639,474
1786539134.1940346,44,0.7172,0.715,True,127,208,269,475
1786539134.4647596,38,0.9268,0.9176,True,243,53,440,475
1786539134.4647596,30,0.8057,0.8012,True,333,92,639,473
1786539134.4647596,44,0.7122,0.7142,True,123,208,268,475
1786539134.7219539,38,0.9148,0.9168,True,242,57,445,474
1786539134.7219539,30,0.8099,0.8038,True,337,92,639,473
1786539134.7219539,44,0.7279,0.7183,True,133,208,268,475
1786539134.9779828,38,0.899,0.9114,True,243,52,443,474
1786539134.9779828,30,0.815,0.8072,True,331,91,639,473
1786539134.9779828,44,0.7218,0.7193,True,131,207,268,474
1786539135.2336779,38,0.912,0.9116,True,245,52,443,473
1786539135.2336779,30,0.8159,0.8098,True,327,91,639,473
1786539135.2336779,44,0.7177,0.7188,True,129,207,270,475
1786539135.489242,38,0.9074,0.9103,True,245,51,444,474
1786539135.489242,30,0.8185,0.8124,True,328,92,639,473
1786539135.489242,44,0.7226,0.72,True,126,208,271,475
1786539135.7462797,38,0.907,0.9093,True,248,51,447,475
1786539135.7462797,30,0.817,0.8138,True,330,91,639,473
1786539135.7462797,44,0.7235,0.721,True,125,208,273,475
1786539136.0168617,38,0.8998,0.9065,True,248,50,449,474
1786539136.0168617,30,0.821,0.8159,True,330,90,639,473
1786539136.0168617,44,0.7208,0.721,True,127,207,275,474
1786539136.2734742,38,0.9165,0.9095,True,250,49,449,473
1786539136.2734742,30,0.8188,0.8168,True,334,89,639,474
1786539136.2734742,44,0.726,0.7225,True,122,206,277,475
1786539136.546388,38,0.9246,0.914,True,252,52,450,474
1786539136.546388,30,0.8218,0.8183,True,334,90,639,473
1786539136.546388,44,0.7245,0.7231,True,121,207,277,475
1786539136.8018587,38,0.9219,0.9164,True,253,51,449,474
1786539136.8018587,30,0.8206,0.819,True,335,89,639,473
1786539136.8018587,44,0.7228,0.723,True,121,207,278,475
1786539137.0598094,38,0.9197,0.9174,True,252,51,449,474
1786539137.0598094,30,0.8194,0.8191,True,335,90,639,474
1786539137.0598094,44,0.7218,0.7226,True,124,207,279,475
1786539137.314645,38,0.9251,0.9197,True,253,50,450,474
1786539137.314645,30,0.8184,0.8189,True,335,90,639,474
1786539137.314645,44,0.7149,0.7203,True,121,206,278,475
1786539137.5715773,38,0.9156,0.9185,True,251,120,449,473
1786539137.5715773,30,0.82,0.8192,True,333,92,639,474
1786539137.5715773,44,0.7201,0.7203,True,120,207,278,475
1786539137.8110943,38,0.9115,0.9164,True,249,129,449,473
1786539137.8110943,30,0.8073,0.8157,True,330,91,639,473
1786539137.8110943,44,0.7127,0.718,True,121,207,275,475
1786539138.0651033,38,0.9199,0.9174,True,239,68,429,473
1786539138.0651033,30,0.7871,0.8071,True,327,90,639,473
1786539138.0651033,44,0.7104,0.7157,True,132,209,263,474
1786539138.321569,38,0.9322,0.9219,True,233,50,411,474
1786539138.321569,30,0.8063,0.8069,True,325,90,639,474
1786539138.321569,44,0.6788,0.7046,True,125,209,261,474
1786539138.563229,38,0.9308,0.9246,True,236,49,407,474
1786539138.563229,30,0.7988,0.8044,True,325,90,639,474
1786539138.563229,44,0.7058,0.705,True,123,206,277,474
1786539138.817199,38,0.9315,0.9266,True,234,46,412,473
1786539138.817199,30,0.8132,0.8071,True,327,90,639,474
1786539138.817199,44,0.6867,0.6995,True,121,204,294,474
1786539139.076047,38,0.9136,0.9227,True,243,45,416,473
1786539139.076047,30,0.8409,0.8172,True,318,90,639,474
1786539139.076047,44,0.6812,0.694,True,119,204,311,473
1786539139.3288894,38,0.9036,0.917,True,287,48,420,472
1786539139.3288894,30,0.8245,0.8194,True,311,91,639,474
1786539139.3288894,44,0.7388,0.7074,True,123,204,318,474
1786539139.6019247,38,0.9262,0.9198,True,285,48,428,472
1786539139.6019247,30,0.7945,0.8119,True,324,90,639,474
1786539139.6019247,44,0.6588,0.6928,True,125,203,329,474
1786539139.8733325,38,0.9029,0.9147,True,280,49,422,473
1786539139.8733325,30,0.8371,0.8195,True,304,90,639,474
1786539139.8733325,44,0.6336,0.6751,True,131,203,323,474
1786539140.1446319,38,0.8895,0.9072,True,285,46,452,474
1786539140.1446319,30,0.8314,0.823,True,287,90,639,474
1786539140.1446319,44,0.6499,0.6675,True,126,202,320,474
1786539140.4184763,38,0.8895,0.9019,True,295,48,422,412
1786539140.4184763,30,0.7593,0.8039,True,319,91,639,474
1786539140.4184763,44,0.6752,0.6698,True,121,203,322,473
1786539140.6747184,38,0.914,0.9055,True,278,50,420,463
1786539140.6747184,30,0.8063,0.8046,True,295,91,639,473
1786539140.6747184,44,0.714,0.6831,True,119,157,312,472
1786539140.9432256,38,0.8984,0.9034,True,248,50,415,471
1786539140.9432256,30,0.7932,0.8012,True,292,91,639,473
1786539141.184095,38,0.9103,0.9055,True,232,48,390,471
1786539141.184095,30,0.7816,0.7953,True,324,90,639,474
1786539141.184095,44,0.6778,0.6778,True,127,197,298,474
1786539141.4582896,38,0.8771,0.897,True,215,48,367,473
1786539141.4582896,30,0.8088,0.7993,True,283,90,639,473
1786539141.4582896,44,0.695,0.6829,True,133,211,271,474
1786539141.713989,38,0.9516,0.9134,True,201,44,361,472
1786539141.713989,30,0.7915,0.797,True,320,91,639,474
1786539141.9519982,38,0.9035,0.9104,True,170,43,359,473
1786539141.9519982,30,0.7802,0.792,True,300,91,639,474
1786539142.1773038,38,0.9158,0.912,True,175,40,351,474
1786539142.1773038,30,0.7924,0.7921,True,316,91,639,474
1786539142.416666,38,0.9233,0.9154,True,184,38,395,472
1786539142.416666,30,0.7967,0.7935,True,325,91,639,474
1786539142.6420846,38,0.9419,0.9234,True,195,43,422,470
1786539142.6420846,30,0.7905,0.7926,True,329,91,639,474
1786539142.866234,38,0.8837,0.9115,True,217,40,422,472
1786539142.866234,30,0.8005,0.795,True,322,94,639,474
1786539142.866234,44,0.748,0.748,True,118,217,239,473
1786539143.1226594,38,0.9118,0.9116,True,203,41,377,472
1786539143.1226594,30,0.7972,0.7956,True,330,95,639,474
1786539143.1226594,44,0.7641,0.7529,True,121,215,233,475
1786539143.3767557,38,0.9133,0.9121,True,187,44,361,473
1786539143.3767557,30,0.7292,0.7757,True,477,98,639,475
1786539143.3767557,44,0.7483,0.7515,True,122,219,226,475
1786539143.6489613,38,0.9296,0.9173,True,175,40,353,475
1786539143.6489613,30,0.8081,0.7854,True,372,100,639,474
1786539143.891755,38,0.8689,0.9028,True,144,35,358,473
1786539143.891755,30,0.7892,0.7866,True,346,94,639,474
1786539144.1298518,38,0.9503,0.9171,True,127,36,352,473
1786539144.1298518,30,0.6523,0.7463,True,493,89,639,475
1786539144.369128,38,0.9592,0.9297,True,122,36,352,474
1786539144.369128,30,0.707,0.7345,True,467,90,639,474
1786539144.5888443,38,0.9575,0.9381,True,127,34,355,473
1786539144.5888443,30,0.6915,0.7216,True,417,87,639,474
1786539144.848623,38,0.9393,0.9384,True,162,36,387,471
1786539144.848623,30,0.749,0.7298,True,293,83,633,474
1786539145.0889385,38,0.8648,0.9164,True,141,35,440,472
1786539145.0889385,30,0.7559,0.7377,True,249,81,600,475
1786539145.3283887,38,0.8556,0.8981,True,209,35,407,474
1786539145.3283887,30,0.6964,0.7253,True,273,82,548,475
1786539145.5697083,38,0.8312,0.878,True,145,37,381,473
1786539145.5697083,30,0.6454,0.7013,True,212,70,483,473
1786539145.810228,38,0.7529,0.8405,True,148,40,366,479
1786539145.810228,30,0.6375,0.6822,True,154,63,442,473
1786539146.0498798,30,0.714,0.6917,True,116,40,422,474
1786539146.0498798,46,0.877,0.877,True,485,110,638,474
1786539146.2896628,30,0.7167,0.6992,True,120,35,418,474
1786539146.2896628,46,0.8881,0.8803,True,468,112,639,475
1786539146.2896628,38,0.7553,0.7553,True,128,57,319,474
1786539146.5417604,30,0.6985,0.699,True,119,37,417,474
1786539146.5417604,46,0.8762,0.8791,True,479,113,639,475
1786539146.5417604,38,0.7734,0.7607,True,125,63,311,474
1786539146.8011117,30,0.6945,0.6976,True,120,38,417,474
1786539146.8011117,46,0.8892,0.8821,True,480,115,639,475
1786539146.8011117,38,0.7631,0.7614,True,124,117,300,472
1786539147.0549173,30,0.703,0.6993,True,121,37,414,474
1786539147.0549173,46,0.8836,0.8826,True,493,125,639,474
1786539147.2812319,30,0.7028,0.7003,True,120,37,413,474
1786539147.469002,30,0.7008,0.7005,True,121,35,414,474
1786539147.6642299,30,0.7086,0.7029,True,142,36,414,474
1786539147.6642299,38,0.7441,0.7441,True,148,133,290,477
1786539147.8904665,30,0.7131,0.706,True,124,35,413,476
1786539148.0975988,30,0.7325,0.7139,True,122,34,413,475
1786539148.306005,30,0.7136,0.7138,True,129,37,409,474
1786539148.306005,38,0.7858,0.7858,True,140,153,289,474
1786539148.5306962,30,0.7122,0.7133,True,125,34,406,473
1786539148.7370646,30,0.6977,0.7087,True,123,35,406,474
1786539148.9294112,30,0.6982,0.7055,True,122,36,403,475
1786539149.140142,30,0.6975,0.7031,True,124,37,404,474
1786539149.3297517,30,0.7021,0.7028,True,119,37,398,475
1786539149.5176733,30,0.7103,0.705,True,105,38,380,474
1786539149.71465,30,0.6816,0.698,True,65,65,353,474
1786539149.9048507,30,0.6742,0.6909,True,6,61,320,474
1786539150.0993834,30,0.6612,0.682,True,0,53,286,474
1786539150.2898793,30,0.6476,0.6717,True,0,49,306,473
1786539150.4805827,30,0.6638,0.6693,True,0,54,342,473
1786539150.4805827,47,0.8868,0.8868,True,195,38,364,476
1786539150.7082534,30,0.6478,0.6629,True,0,53,322,474
1786539150.7082534,47,0.8782,0.8842,True,191,37,366,472
1786539150.944344,30,0.651,0.6593,True,0,55,320,474
1786539150.944344,47,0.8685,0.8795,True,194,38,363,476
1786539151.1683228,30,0.6526,0.6573,True,0,53,341,473
1786539151.1683228,47,0.8588,0.8733,True,200,39,361,477
1786539151.1683228,46,0.845,0.845,True,566,148,639,475
1786539151.4587934,30,0.6798,0.664,True,0,54,341,473
1786539151.4587934,47,0.8603,0.8694,True,209,39,363,477
1786539151.4587934,46,0.856,0.8483,True,543,118,639,474
1786539151.7131524,30,0.6468,0.6589,True,0,55,320,474
1786539151.7131524,47,0.861,0.8669,True,211,36,363,477
1786539151.7131524,46,0.89,0.8608,True,513,111,639,475
1786539151.9692953,30,0.6935,0.6693,True,0,55,319,474
1786539151.9692953,47,0.8045,0.8482,True,192,35,360,476
1786539151.9692953,46,0.8803,0.8667,True,498,104,639,476
1786539152.225537,30,0.6914,0.6759,True,0,48,289,475
1786539152.225537,47,0.7612,0.8221,True,171,36,362,475
1786539152.225537,46,0.9075,0.8789,True,429,104,640,475
1786539152.497394,30,0.7003,0.6832,True,0,42,267,473
1786539152.497394,46,0.9009,0.8855,True,406,99,640,474
1786539152.7397344,30,0.7037,0.6894,True,0,41,262,473
1786539152.7397344,46,0.9007,0.8901,True,393,97,640,473
1786539152.7397344,47,0.7968,0.7968,True,136,32,304,472
1786539152.996186,30,0.7219,0.6991,True,0,39,249,473
1786539152.996186,46,0.8961,0.8919,True,389,95,639,474
1786539153.3617485,30,0.6949,0.6979,True,0,42,238,474
1786539153.3617485,46,0.9012,0.8947,True,376,96,639,473
1786539153.6012692,30,0.7163,0.7034,True,0,45,246,474
1786539153.6012692,46,0.903,0.8972,True,374,95,639,473
1786539153.821037,30,0.6934,0.7004,True,0,45,241,473
1786539153.821037,46,0.8995,0.8979,True,373,96,639,474
1786539154.049543,30,0.6829,0.6952,True,0,42,238,473
1786539154.049543,46,0.9,0.8985,True,373,95,639,473
1786539154.2746398,30,0.6699,0.6876,True,0,30,242,472
1786539154.2746398,46,0.9002,0.899,True,372,96,639,473
1786539154.4982145,30,0.6789,0.685,True,0,29,244,473
1786539154.4982145,46,0.9009,0.8996,True,372,95,639,473
1786539154.7227697,30,0.6894,0.6863,True,0,31,245,474
1786539154.7227697,46,0.8975,0.899,True,373,95,639,474
1786539154.9458718,30,0.7142,0.6947,True,2,39,249,474
1786539154.9458718,46,0.8744,0.8916,True,362,96,639,473
1786539155.1803813,30,0.7295,0.7051,True,1,41,250,473
1786539155.1803813,46,0.8864,0.89,True,377,95,632,473
1786539155.4087884,30,0.7244,0.7109,True,1,48,251,474
1786539155.4087884,46,0.9084,0.8955,True,381,95,639,474
1786539155.6309197,30,0.7534,0.7236,True,0,44,249,473
1786539155.6309197,46,0.8826,0.8916,True,366,95,639,475
1786539155.8598871,30,0.7508,0.7318,True,0,46,249,474
1786539155.8598871,46,0.8957,0.8929,True,340,96,639,474
1786539156.0978994,30,0.7421,0.7349,True,0,47,250,474
1786539156.0978994,46,0.8881,0.8914,True,339,96,639,474
1786539156.317881,30,0.7402,0.7365,True,0,47,251,474
1786539156.317881,46,0.889,0.8907,True,338,95,639,475
1786539156.545128,30,0.7383,0.737,True,0,48,253,474
1786539156.545128,46,0.8795,0.8873,True,344,95,639,475
1786539156.769397,30,0.7325,0.7356,True,0,49,255,474
1786539156.769397,46,0.8936,0.8892,True,360,95,639,474
1786539157.0098453,30,0.7075,0.7272,True,0,41,257,473
1786539157.0098453,46,0.8937,0.8906,True,381,95,639,474
1786539157.2499213,30,0.6765,0.712,True,0,26,256,473
1786539157.2499213,46,0.8822,0.8881,True,394,95,639,473
1786539157.4905837,30,0.6695,0.6993,True,0,25,258,473
1786539157.4905837,46,0.8812,0.886,True,395,96,633,475
1786539157.729195,30,0.701,0.6998,True,0,47,250,473
1786539157.729195,46,0.8857,0.8859,True,401,97,632,475
1786539157.9541721,30,0.7203,0.7059,True,0,41,270,473
1786539157.9541721,46,0.8922,0.8878,True,399,97,634,475
1786539158.19347,30,0.7529,0.72,True,0,41,304,473
1786539158.19347,46,0.8944,0.8898,True,398,97,637,475
1786539158.416769,30,0.7287,0.7226,True,0,43,340,474
1786539158.416769,46,0.8944,0.8912,True,401,97,639,475
1786539158.6414063,30,0.6642,0.7051,True,0,27,360,474
1786539158.6414063,46,0.9052,0.8954,True,411,98,639,475
1786539158.8643186,30,0.6681,0.694,True,0,27,359,473
1786539158.8643186,46,0.9021,0.8974,True,432,102,639,475
1786539159.0896535,30,0.6484,0.6803,True,0,27,335,474
1786539159.0896535,46,0.9052,0.8997,True,434,103,639,474
1786539159.31417,30,0.6826,0.681,True,0,54,326,473
1786539159.31417,46,0.904,0.901,True,436,102,639,474
1786539159.536491,30,0.7531,0.7026,True,0,62,314,473
1786539159.536491,46,0.9076,0.903,True,436,103,639,473
1786539159.7623641,30,0.7457,0.7155,True,0,56,273,473
1786539159.7623641,46,0.8886,0.8987,True,437,103,639,474
1786539159.9849737,30,0.7735,0.7329,True,0,50,214,473
1786539159.9849737,46,0.8911,0.8964,True,436,104,639,474
1786539160.2079132,30,0.8312,0.7624,True,0,53,241,473
1786539160.2079132,46,0.8888,0.8941,True,436,104,639,473
1786539160.2079132,50,0.9289,0.9289,True,116,20,362,475
1786539160.4654765,30,0.8207,0.7799,True,0,52,236,475
1786539160.4654765,46,0.8807,0.8901,True,432,102,639,474
1786539160.4654765,50,0.9268,0.9282,True,109,12,362,475
1786539160.7178807,30,0.7788,0.7795,True,0,56,200,476
1786539160.7178807,46,0.8752,0.8856,True,421,101,640,474
1786539160.7178807,50,0.9326,0.9295,True,98,4,366,476
1786539160.9776394,30,0.7252,0.7633,True,0,52,134,473
1786539160.9776394,46,0.8706,0.8811,True,389,98,632,473
1786539160.9776394,50,0.9418,0.9332,True,95,2,368,476
1786539161.2313132,30,0.7357,0.755,True,0,48,129,474
1786539161.2313132,46,0.8724,0.8785,True,352,95,593,476
1786539161.2313132,50,0.924,0.9305,True,88,1,364,478
1786539161.4900687,30,0.7319,0.7481,True,0,55,143,474
1786539161.4900687,46,0.8805,0.8791,True,345,93,575,476
1786539161.4900687,50,0.9169,0.9264,True,78,0,370,478
1786539161.7616727,30,0.7858,0.7594,True,0,63,177,475
1786539161.7616727,46,0.8838,0.8805,True,329,96,558,474
1786539161.7616727,50,0.9119,0.9221,True,58,2,363,477
1786539162.0180902,46,0.879,0.8801,True,312,95,563,473
1786539162.0180902,50,0.8839,0.9106,True,4,2,330,474
1786539162.2426825,46,0.8848,0.8815,True,290,93,568,473
1786539162.2426825,50,0.8809,0.9017,True,1,1,285,472
1786539162.4625947,46,0.8756,0.8797,True,289,89,562,473
1786539162.4625947,50,0.7808,0.8654,True,76,57,321,473
1786539162.4625947,30,0.874,0.874,True,1,11,127,471
1786539162.7224698,46,0.8615,0.8743,True,301,88,564,476
1786539162.7224698,50,0.6638,0.8049,True,10,60,248,471
1786539162.961351,46,0.8492,0.8667,True,332,99,629,474
1786539162.961351,50,0.6196,0.7493,True,0,58,199,472
1786539163.2019353,46,0.8907,0.8739,True,383,107,638,473
1786539163.2019353,50,0.6816,0.729,True,0,61,166,471
1786539163.4202118,46,0.8773,0.8749,True,413,111,639,474
1786539163.4202118,50,0.6843,0.7156,True,0,56,117,473
1786539163.6500914,46,0.8756,0.8751,True,451,113,639,473
1786539163.6500914,50,0.6429,0.6938,True,0,62,141,472
1786539163.9050062,46,0.8426,0.8654,True,488,100,639,474
1786539163.9050062,50,0.6664,0.6856,True,0,63,170,472
1786539164.1413088,46,0.8573,0.8629,True,467,126,639,472
1786539164.1413088,50,0.6769,0.683,True,6,63,209,473
1786539164.3841853,50,0.6269,0.6661,True,15,66,226,472
1786539164.5920444,50,0.6912,0.6737,True,68,68,279,472
1786539164.801569,50,0.6792,0.6753,True,90,69,351,473
1786539165.009015,50,0.6687,0.6733,True,82,73,355,473
1786539165.1998293,50,0.6375,0.6626,True,57,74,360,472
1786607534.1797204,1000,0.7632,0.7632,True,0.7964,0.5361,False,False,,186,199,405,474
1786607534.1797204,1001,0.4822,0.4822,True,1.3429,1.5902,False,False,,592,315,639,350
1786607534.1797204,1002,0.6017,0.6017,True,0.3,0.4213,False,False,,591,310,639,470
1786607534.7236772,1000,0.4879,0.6806,True,1.4375,1.7728,False,False,,593,315,639,347
1786607534.7236772,1001,0.7771,0.5707,True,0.845,0.6299,False,False,,177,204,406,475
1786607534.7236772,1002,0.5398,0.5831,True,0.807,0.5566,False,False,,593,291,639,348
1786607535.014609,1000,0.7474,0.7007,True,0.8073,0.5571,False,False,,183,200,405,475
1786607535.014609,1001,0.4851,0.545,True,1.4688,1.8331,False,False,,592,315,639,347
1786607535.014609,1002,0.5604,0.5763,True,0.8103,0.5631,False,False,,592,290,639,348
1786607535.014609,1003,0.5732,0.5732,True,0.2994,0.4225,False,False,,589,305,639,472
1786607535.5142775,1000,0.7765,0.7234,True,1.4618,1.8197,False,False,,4,200,406,475
1786607535.5142775,1001,0.4843,0.5268,True,1.3824,1.6664,False,False,,592,315,639,349
1786607535.5142775,1002,0.7774,0.6366,True,0.9828,0.8958,False,False,,0,241,229,474
1786607535.5142775,1003,0.5832,0.5762,True,0.2882,0.444,False,False,,590,303,639,473
1786607535.5142775,1004,0.8331,0.8331,True,1.7055,2.2896,False,False,,134,198,603,473
1786607535.5142775,1005,0.5406,0.5406,True,0.7541,0.4546,False,False,,593,289,639,350
1786607535.9172823,1000,0.8359,0.7572,True,0.9156,0.7661,False,False,,8,1,442,475
1786607535.9172823,1001,0.4888,0.5154,True,1.3824,1.6664,False,False,,592,314,639,348
1786607535.9172823,1002,0.5439,0.6088,True,0.8103,0.5631,False,False,,592,290,639,348
1786607535.9172823,1003,0.5838,0.5785,True,0.3,0.4213,False,False,,588,304,639,474
1786607536.2159152,1000,0.8504,0.7851,True,0.7209,0.3906,False,False,,129,1,470,474
1786607536.2159152,1001,0.4829,0.5057,True,1.4688,1.8331,False,False,,592,315,639,347
1786607536.2159152,1002,0.5449,0.5896,True,0.7931,0.5298,False,False,,593,290,639,348
1786607536.2159152,1003,0.57,0.5759,True,0.2976,0.4259,False,False,,589,305,639,473
1786607536.5006557,1000,0.8728,0.8115,True,0.6515,0.2567,True,False,,222,11,523,473
1786607536.5006557,1001,0.5013,0.5043,True,1.3143,1.5351,False,False,,593,313,639,348
1786607536.5006557,1002,0.5172,0.5679,True,0.92,0.7746,False,False,,593,298,639,348
1786607536.5006557,1003,0.5821,0.5778,True,0.2775,0.4648,False,False,,591,301,639,474
1786607536.5006557,1004,0.7486,0.7486,True,0.388,0.2516,True,False,,177,224,274,474
1786607536.8991866,2,0.896,0.896,True,0.649,0.2519,True,True,"71,0,640,480",291,17,585,470
1786607537.0838964,2,0.9157,0.9019,True,0.6732,0.2985,True,True,"144,0,640,480",281,19,590,478
1786607537.2679381,2,0.914,0.9055,True,0.7318,0.4116,False,True,"126,0,640,480",273,34,595,474
1786607537.4725986,2,0.9382,0.9153,True,0.5872,0.1326,True,False,,270,38,526,474
1786607537.6620412,1000,0.9407,0.9407,True,0.6064,0.1697,True,True,"142,0,640,480",282,42,547,479
1786607537.6620412,1001,0.7893,0.7893,True,0.5899,0.1379,True,True,"142,0,640,480",172,197,336,475
1786607537.8844485,1000,0.9464,0.9424,True,0.5404,0.0424,True,True,"149,0,640,480",290,44,524,477
1786607537.8844485,1001,0.4781,0.6959,True,1.4688,1.8331,False,True,"149,0,640,480",592,315,639,347
1786607537.8844485,1002,0.5438,0.5438,True,0.8421,0.6243,False,True,"149,0,640,480",591,291,639,348
1786607537.8844485,1003,0.7651,0.7651,True,0.6291,0.2134,True,True,"149,0,640,480",169,201,342,476
1786607538.1659105,1000,0.9488,0.9443,True,0.5347,0.0314,True,True,"173,0,640,480",293,47,524,479
1786607538.1659105,1001,0.7712,0.7185,True,0.5745,0.1081,True,True,"173,0,640,480",178,197,340,479
1786607538.382936,4,0.9495,0.9495,True,0.5417,0.0448,True,True,"177,0,639,480",299,47,533,479
1786607538.5744662,4,0.941,0.9469,True,0.6207,0.1972,True,True,"182,0,640,480",253,44,523,479
1786607538.7483616,4,0.9342,0.9431,True,0.7788,0.5022,False,True,"118,0,640,480",179,42,517,476
1786607538.9164126,2,0.9567,0.9567,True,0.6045,0.1661,True,False,,253,36,519,476
1786607539.0996811,4,0.9523,0.9523,True,0.6359,0.2267,True,True,"120,0,640,480",246,40,522,474
1786607539.2994182,4,0.9414,0.949,True,0.7678,0.481,False,True,"108,0,640,480",188,40,522,475
1786607539.4830482,2,0.9645,0.9645,True,0.6042,0.1654,True,False,,261,44,522,476
1786607539.6666362,4,0.9523,0.9523,True,0.6535,0.2605,True,True,"130,0,640,480",245,43,526,473
1786607539.849649,4,0.9595,0.9545,True,0.6157,0.1877,True,True,"104,0,640,480",255,44,521,476
1786607540.0526278,4,0.9292,0.9469,True,0.7658,0.4772,False,True,"122,0,640,480",201,48,528,475
1786607540.232782,2,0.9523,0.9523,True,0.6206,0.1971,True,False,,261,46,526,473
1786607540.4337618,4,0.9299,0.9299,True,0.7921,0.5278,False,True,"128,0,640,480",189,48,528,476
1786607540.6379988,2,0.9609,0.9609,True,0.6442,0.2426,True,False,,249,45,526,475
1786607540.84492,4,0.9249,0.9249,True,0.8159,0.5737,False,True,"110,0,640,480",176,47,526,476
1786607541.1674266,2,0.9349,0.9349,True,0.7635,0.4726,False,False,,194,46,520,473
1786607541.3643467,2,0.9282,0.9329,True,0.7529,0.4522,False,False,,188,42,514,475
1786607541.551738,2,0.9113,0.9264,True,0.7442,0.4356,False,False,,179,41,502,475
1786607541.74959,2,0.91,0.9215,True,0.7195,0.3879,False,False,,159,39,472,474
1786607541.948249,2,0.8844,0.9104,True,0.6479,0.2496,True,False,,153,32,440,475
1786607542.1543422,2,0.9195,0.9131,True,0.5078,0.0205,True,True,"9,0,583,480",189,29,416,476
1786607542.4340944,4,0.9396,0.9396,True,0.489,0.0567,True,True,"75,0,529,480",181,23,404,479
1786607542.6945267,4,0.94,0.9397,True,0.5066,0.0229,True,True,"69,0,515,480",95,22,327,480
1786607542.879926,4,0.9403,0.9399,True,0.5381,0.038,True,True,"0,0,443,480",41,19,288,478
1786607543.1480675,4,0.9495,0.9428,True,0.5326,0.0273,True,True,"0,0,411,480",16,19,261,479
1786607543.3175323,4,0.9417,0.9425,True,0.5194,0.0019,True,True,"0,0,383,480",12,15,253,479
1786607543.5323524,4,0.9384,0.9412,True,0.5161,0.0044,True,True,"0,0,373,480",8,15,248,480
1786607543.7651072,4,0.9328,0.9387,True,0.5193,0.0017,True,True,"0,0,368,480",7,13,249,479
1786607543.9770012,4,0.9472,0.9412,True,0.5161,0.0044,True,True,"0,0,370,480",21,14,261,479
1786607544.2653544,2,0.944,0.944,True,0.5403,0.0422,True,True,"0,0,381,480",65,19,313,478
1786607544.458543,2,0.9526,0.9466,True,0.5308,0.0239,True,True,"0,0,437,480",107,25,348,479
1786607544.7343037,2,0.9514,0.948,True,0.5192,0.0015,True,True,"0,0,468,480",174,36,404,479
1786607545.014491,2,0.9432,0.9466,True,0.5678,0.0953,True,True,"59,0,519,480",191,44,438,479
1786607545.217302,2,0.9393,0.9444,True,0.5566,0.0736,True,True,"67,0,561,480",204,44,445,477
1786607545.4831793,2,0.9528,0.9469,True,0.5416,0.0446,True,True,"83,0,565,480",226,54,454,475
1786607545.7156668,2,0.9514,0.9483,True,0.4706,0.0923,True,True,"112,0,568,480",264,54,464,479
1786607546.0003328,2,0.9465,0.9477,True,0.4703,0.0928,True,True,"164,0,564,480",277,58,475,479
1786607546.2660892,2,0.9489,0.9481,True,0.48,0.0741,True,True,"178,0,574,480",283,54,487,479
1786607546.532531,2,0.9513,0.949,True,0.487,0.0606,True,True,"181,0,589,480",289,56,495,479
1786607546.7245562,2,0.9549,0.9508,True,0.5024,0.031,True,True,"186,0,598,480",293,57,505,479
1786607547.0017245,2,0.9468,0.9496,True,0.5891,0.1363,True,True,"187,0,611,480",325,58,573,479
1786607547.283293,2,0.9321,0.9444,True,0.5346,0.0312,True,True,"201,0,640,480",381,59,605,478
1786607547.5831418,2,0.9318,0.9406,True,0.5237,0.0102,True,True,"269,0,640,480",419,57,640,479
1786607547.7707324,2,0.9446,0.9418,True,0.5167,0.0033,True,True,"308,0,640,480",424,61,640,479
1786607548.0664523,2,0.9403,0.9413,True,0.4988,0.0378,True,True,"316,0,640,480",427,54,639,479
1786607548.2607973,2,0.9449,0.9424,True,0.4907,0.0535,True,True,"321,0,640,480",428,49,639,479
1786607548.4671533,2,0.9255,0.9373,True,0.4756,0.0825,True,True,"322,0,640,480",434,47,639,478
1786607548.748775,2,0.8897,0.923,True,0.4146,0.2003,True,True,"331,0,640,480",457,39,639,478
1786607548.9399335,2,0.8806,0.9103,True,0.3933,0.2414,True,True,"366,0,640,480",465,33,640,478
1786607549.2314606,2,0.8906,0.9044,True,0.4334,0.164,True,True,"377,0,640,480",448,35,640,478
1786607549.4196355,2,0.8742,0.8953,True,0.4889,0.0569,True,True,"352,0,640,480",415,26,636,478
1786607549.6339815,2,0.8736,0.8888,True,0.6171,0.1903,True,True,"304,0,640,480",327,22,609,479
1786607549.835818,2,0.8824,0.8869,True,0.6573,0.2679,True,True,"186,0,640,480",256,14,561,478
1786607550.0159707,2,0.8809,0.8851,True,0.6177,0.1915,True,True,"103,0,640,480",244,16,530,479
1786607550.2440963,2,0.8623,0.8783,True,0.625,0.2056,True,True,"101,0,640,480",193,4,488,476
1786607550.5284386,2,0.8258,0.8625,True,0.4884,0.0579,True,True,"45,0,635,480",178,1,410,476
1786607550.7179604,2,0.83,0.8528,True,0.4591,0.1144,True,True,"62,0,526,480",189,2,408,479
1786607550.9507625,2,0.8197,0.8429,True,0.6004,0.1581,True,True,"79,0,517,480",124,1,411,479
1786607551.1498137,2,0.8168,0.835,True,0.4042,0.2204,True,True,"0,0,554,480",95,0,289,480
1786607551.4066043,2,0.8477,0.8388,True,0.4259,0.1785,True,True,"0,0,386,480",59,0,263,479
1786607551.6095836,2,0.8769,0.8503,True,0.4435,0.1445,True,True,"0,0,365,480",39,1,251,479
1786607551.8820026,2,0.8896,0.862,True,0.4551,0.1221,True,True,"0,0,357,480",31,0,249,479
1786607552.201076,2,0.9171,0.8786,True,0.4781,0.0778,True,True,"0,0,358,480",27,0,256,479
1786607552.482494,2,0.9223,0.8917,True,0.5347,0.0314,True,True,"0,0,370,480",34,4,288,479
1786607552.7497578,2,0.9212,0.9005,True,0.5572,0.0748,True,True,"0,0,415,480",97,15,355,478
1786607553.0181549,2,0.9343,0.9107,True,0.5242,0.0112,True,True,"0,0,484,480",180,22,418,476
1786607553.216371,2,0.9474,0.9217,True,0.568,0.0956,True,True,"61,0,537,480",194,23,453,479
1786607553.49946,2,0.9382,0.9266,True,0.5533,0.0672,True,True,"64,0,582,480",225,33,469,474
1786607553.7929506,2,0.9483,0.9331,True,0.5184,0.0,True,True,"103,0,591,480",267,42,492,476
1786607554.065875,2,0.9596,0.9411,True,0.5218,0.0066,True,True,"154,0,604,480",287,44,514,479
1786607554.332864,2,0.9488,0.9434,True,0.5816,0.1219,True,True,"173,0,627,480",291,44,544,479
1786607554.6148503,2,0.9362,0.9412,True,0.6023,0.1618,True,True,"164,0,640,480",350,48,609,478
1786607554.778361,2,0.9181,0.9343,True,0.5315,0.0251,True,True,"220,0,640,480",412,49,640,478
1786607554.9922035,2,0.9176,0.9293,True,0.4569,0.1187,True,True,"298,0,640,480",444,49,640,478
1786607555.2185316,2,0.9302,0.9296,True,0.4779,0.0783,True,True,"346,0,640,480",435,50,640,479
1786607555.391373,2,0.9292,0.9295,True,0.486,0.0625,True,True,"332,0,640,480",429,49,638,479
1786607555.6808445,2,0.9152,0.9252,True,0.5522,0.0651,True,True,"324,0,640,480",400,47,638,478
1786607555.8497362,2,0.9076,0.9199,True,0.6059,0.1688,True,True,"281,0,640,480",369,39,635,478
1786607556.1325336,2,0.8939,0.9121,True,0.6527,0.2591,True,True,"236,0,640,480",325,24,622,479
1786607556.4171588,2,0.8894,0.9053,True,0.6739,0.2999,True,True,"176,0,640,480",274,19,584,479
1786607556.630677,2,0.876,0.8965,True,0.792,0.5277,False,True,"119,0,640,480",190,2,567,478
1786607556.8067124,2,0.8591,0.8853,True,0.7131,0.3755,False,False,,192,1,530,475
1786607557.033511,2,0.8461,0.8735,True,0.7206,0.3899,False,False,,134,0,477,476
1786607557.2219467,2,0.8606,0.8697,True,0.8114,0.5652,False,False,,35,0,418,472
1786607557.4392257,2,0.8401,0.8608,True,0.8556,0.6504,False,False,,2,2,405,473
1786607557.633588,2,0.8159,0.8473,True,0.845,0.6299,False,False,,0,3,398,474
1786607557.8496213,2,0.8173,0.8383,True,0.7894,0.5226,False,False,,0,3,371,473
1786607558.028818,2,0.7761,0.8197,True,0.6497,0.2532,True,False,,0,2,306,473
1786607558.2331517,2,0.8335,0.8238,True,0.4905,0.0538,True,True,"0,0,459,480",0,1,233,476
1786609099.55034,5,0.8118,0.8118,True,0.5525,0.0202,True,False,,154,1,417,477
1786609099.9179919,5,0.7768,0.8013,True,0.7242,0.2843,True,True,"22,0,548,480",96,2,440,477
1786609100.083832,5,0.7783,0.7944,True,0.6709,0.1897,True,True,"0,0,612,480",64,1,382,475
1786609100.2488809,5,0.8033,0.7971,True,0.6835,0.2122,True,False,,29,1,353,475
1786609100.4411476,5,0.8123,0.8016,True,0.6947,0.232,True,False,,0,1,330,476
1786609100.6234145,5,0.8136,0.8052,True,0.6688,0.1859,True,True,"0,0,495,480",0,1,319,478
1786609100.7896867,5,0.818,0.8091,True,0.6472,0.1477,True,True,"0,0,478,480",0,0,310,479
1786609100.9636831,5,0.8193,0.8121,True,0.6326,0.1218,True,True,"0,0,465,480",0,0,303,479
1786609101.115246,5,0.8218,0.815,True,0.6117,0.0847,True,True,"0,0,454,480",0,0,293,479
1786609101.3492084,5,0.8281,0.8189,True,0.6096,0.081,True,True,"0,0,439,480",0,0,292,479
1786609101.596443,5,0.8193,0.8191,True,0.6096,0.081,True,True,"0,0,438,480",0,0,292,479
1786609101.7569146,5,0.8201,0.8194,True,0.6367,0.1292,True,True,"0,0,438,480",0,0,305,479
1786609101.9243367,5,0.8426,0.8264,True,0.666,0.181,True,True,"0,0,457,480",0,0,319,479
1786609102.090109,5,0.8253,0.826,True,0.6764,0.1995,True,True,"0,0,478,480",30,0,354,479
1786609102.2580051,5,0.7487,0.8028,True,0.6462,0.1459,True,True,"0,0,516,480",106,3,411,475
1786609102.4445727,5,0.7508,0.7872,True,0.673,0.1934,True,True,"0,0,563,480",178,1,497,475
1786609102.6739266,1000,0.7556,0.7556,True,0.8644,0.5329,False,False,,222,2,630,474
1786609102.874992,1000,0.7543,0.7552,True,0.833,0.4772,False,False,,245,2,639,475
1786609102.874992,1001,0.7117,0.7117,True,0.572,0.0144,True,False,,368,2,638,474
1786609103.2228227,1000,0.736,0.7495,True,0.4426,0.2152,True,False,,431,4,639,474
1786609103.2228227,1001,0.7627,0.727,True,0.9399,0.6668,False,False,,222,242,441,475
1786609103.4393277,6,0.7514,0.7514,True,0.4416,0.2169,True,False,,431,4,639,475
1786609103.5990944,6,0.7563,0.7529,True,0.3405,0.3962,False,False,,480,7,639,474
1786609103.7711773,6,0.7441,0.7502,True,0.2835,0.4972,False,False,,508,13,639,475
1786609103.9411118,6,0.7465,0.7491,True,0.2739,0.5143,False,False,,513,15,639,475
1786609104.1092305,6,0.7783,0.7579,True,0.2898,0.4862,False,False,,506,17,639,476
1786609104.2740593,6,0.7979,0.7699,True,0.3035,0.4618,False,False,,500,19,639,477
1786609104.4308648,6,0.7884,0.7754,True,0.3057,0.4579,False,False,,499,19,639,477
1786609104.6257284,6,0.7883,0.7793,True,0.3079,0.4541,False,False,,498,18,639,476
1786609104.782194,6,0.7945,0.7839,True,0.2963,0.4746,False,False,,503,17,639,476
1786609104.9402752,6,0.8,0.7887,True,0.2857,0.4933,False,False,,507,14,639,476
1786609105.1062906,6,0.7974,0.7913,True,0.2762,0.5101,False,False,,510,10,639,477
1786609105.2735076,6,0.8129,0.7978,True,0.2784,0.5064,False,False,,509,9,639,476
1786609105.4404376,6,0.7932,0.7964,True,0.2793,0.5047,False,False,,508,7,639,476
1786609105.6064403,6,0.7997,0.7974,True,0.3689,0.3459,False,False,,466,6,639,475
1786609105.7702692,6,0.7907,0.7954,True,0.3718,0.3407,False,False,,465,7,639,475
1786609105.9562438,6,0.7862,0.7926,True,0.4034,0.2846,True,False,,451,8,639,474
1786609106.1291134,6,0.791,0.7921,True,0.4304,0.2367,True,False,,437,8,638,475
1786609106.291021,6,0.7877,0.7908,True,0.4442,0.2123,True,False,,432,9,639,475
1786609106.4560905,6,0.7885,0.7901,True,0.4366,0.2258,True,False,,436,9,639,474
1786609106.62327,6,0.7857,0.7888,True,0.4142,0.2656,True,False,,446,9,639,475
1786609106.786536,6,0.7814,0.7866,True,0.3927,0.3036,False,False,,456,8,639,474
1786609106.9629502,6,0.7841,0.7858,True,0.397,0.296,True,False,,454,9,639,475
1786609107.1400914,6,0.7748,0.7825,True,0.3978,0.2945,True,False,,454,9,639,474
1786609107.3221605,6,0.7738,0.7799,True,0.3948,0.2998,True,False,,455,9,639,475
1786609107.4869077,6,0.7741,0.7782,True,0.3914,0.3059,False,False,,457,9,639,474
1786609107.6551538,6,0.7777,0.778,True,0.3948,0.2998,True,False,,455,9,639,475
1786609107.8316417,6,0.7643,0.7739,True,0.3884,0.3112,False,False,,458,8,639,474
1786609107.998123,6,0.7715,0.7732,True,0.424,0.2481,True,False,,441,8,639,475
1786609108.1604671,6,0.773,0.7731,True,0.4547,0.1936,True,False,,428,11,639,475
1786609108.3340392,6,0.7828,0.776,True,0.5582,0.0101,True,False,,385,20,639,475
1786609108.5010629,6,0.8173,0.7884,True,0.6518,0.1558,True,False,,346,26,638,474
1786609108.6768312,6,0.8373,0.8031,True,0.9138,0.6205,False,False,,234,31,637,472
1786609108.845824,6,0.8534,0.8182,True,0.9233,0.6372,False,False,,224,30,633,473
1786609109.0239584,6,0.8573,0.8299,True,0.9189,0.6295,False,False,,222,30,630,474
1786609109.1910827,6,0.8592,0.8387,True,0.9077,0.6096,False,False,,224,30,627,474
1786609109.3571553,6,0.8641,0.8463,True,0.9074,0.6092,False,False,,223,31,625,474
1786609109.5221553,6,0.8624,0.8511,True,0.9097,0.6132,False,False,,224,31,627,474
1786609109.6911244,6,0.8632,0.8548,True,0.9097,0.6132,False,False,,221,30,624,473
1786609109.861786,6,0.8628,0.8572,True,0.9124,0.6179,False,False,,223,29,629,474
1786609110.0341964,6,0.8653,0.8596,True,0.9099,0.6136,False,False,,221,29,625,473
1786609110.2009287,6,0.8604,0.8598,True,0.9122,0.6176,False,False,,221,29,626,473
1786609110.3720963,6,0.8623,0.8606,True,0.8767,0.5546,False,False,,231,28,622,474
1786609110.5347438,6,0.8566,0.8594,True,0.8857,0.5706,False,False,,230,28,625,474
1786609110.7088754,6,0.8636,0.8606,True,0.9009,0.5976,False,False,,223,30,623,474
1786609110.8899233,6,0.853,0.8584,True,0.8018,0.4219,False,False,,259,30,615,474
1786609111.0577667,6,0.8593,0.8587,True,0.8716,0.5457,False,False,,225,30,612,474
1786609111.2203374,6,0.8565,0.858,True,0.8292,0.4705,False,False,,246,30,615,475
1786609111.389896,6,0.8585,0.8582,True,0.8761,0.5537,False,False,,226,30,615,474
1786609111.5587516,6,0.8682,0.8612,True,0.9011,0.598,False,False,,224,30,625,475
1786609111.7220144,6,0.8624,0.8615,True,0.9011,0.598,False,False,,224,30,625,475
1786609111.8937323,6,0.859,0.8608,True,0.9124,0.6179,False,False,,222,28,628,473
1786609112.0579653,6,0.8605,0.8607,True,0.9079,0.6099,False,False,,222,28,626,473
1786609112.2246504,6,0.8598,0.8604,True,0.8941,0.5856,False,False,,222,29,619,473
1786609112.3912177,6,0.8554,0.8589,True,0.8733,0.5487,False,False,,224,31,610,473
1786609112.5735865,6,0.8695,0.8621,True,0.8614,0.5275,False,False,,228,33,607,473
1786609112.7396896,6,0.8677,0.8638,True,0.863,0.5304,False,False,,232,35,610,473
1786609112.9070506,6,0.8753,0.8672,True,0.7373,0.3075,False,False,,306,39,626,473
1786609113.0930939,6,0.8463,0.861,True,0.9182,0.6283,False,False,,243,45,636,473
1786609113.2710364,6,0.8509,0.858,True,0.6635,0.1766,True,False,,358,52,638,474
1786609113.4558423,1000,0.8333,0.8333,True,0.6102,0.0821,True,True,"218,0,640,480",377,47,640,478
1786609113.623185,1000,0.8516,0.8388,True,0.587,0.041,True,True,"245,0,640,480",387,48,640,479
1786609113.7865248,1000,0.8533,0.8432,True,0.5764,0.0221,True,True,"260,0,640,480",391,47,640,479
1786609113.957226,7,0.8489,0.8489,True,0.5579,0.0107,True,True,"266,0,640,480",399,47,640,479
1786609114.1309373,7,0.8433,0.8472,True,0.6028,0.069,True,True,"278,0,640,480",382,51,640,479
1786609114.3064518,7,0.8393,0.8448,True,0.6372,0.13,True,True,"253,0,640,480",363,48,637,478
1786609114.4670546,7,0.8552,0.848,True,0.7123,0.2631,True,True,"226,0,640,480",330,47,637,478
1786609114.636765,7,0.8801,0.8576,True,0.8525,0.5118,False,True,"176,0,640,480",232,44,602,478
1786609114.802816,7,0.8734,0.8624,True,0.7827,0.388,False,False,,206,47,541,475
1786609114.992241,7,0.883,0.8685,True,0.7176,0.2725,True,False,,217,44,527,476
1786609115.162669,7,0.8576,0.8653,True,0.6667,0.1822,True,True,"62,0,640,480",237,44,523,473
1786609115.3256464,7,0.8714,0.8671,True,0.6961,0.2343,True,True,"94,0,640,480",228,43,528,474
1786609115.4888396,7,0.8672,0.8671,True,0.6923,0.2277,True,True,"78,0,640,480",225,42,522,471
1786609115.6567209,7,0.872,0.8686,True,0.6782,0.2026,True,True,"76,0,640,480",230,40,525,475
1786609115.8233733,7,0.8691,0.8687,True,0.6872,0.2187,True,True,"82,0,640,480",236,38,537,476
1786609116.0040934,7,0.8727,0.8699,True,0.7353,0.3039,False,True,"85,0,640,480",227,36,552,478
1786609116.1722484,7,0.8663,0.8688,True,0.7868,0.3953,False,False,,216,34,563,475
1786609116.339421,7,0.8726,0.87,True,0.8141,0.4436,False,False,,223,33,582,474
1786609116.5069218,7,0.8671,0.8691,True,0.8172,0.4491,False,False,,230,33,592,476
1786609116.6904821,7,0.8682,0.8688,True,0.8691,0.5412,False,False,,223,33,608,476
1786609116.8577535,7,0.8765,0.8711,True,0.8849,0.5692,False,False,,220,32,612,475
1786609117.0299592,7,0.8709,0.8711,True,0.8733,0.5487,False,False,,223,32,609,474
1786609117.2056422,7,0.8655,0.8694,True,0.8303,0.4724,False,False,,223,32,590,474
1786609117.3870292,7,0.8628,0.8674,True,0.7364,0.3058,False,False,,244,35,568,475
1786609117.5726733,7,0.8666,0.8672,True,0.7262,0.2878,True,False,,225,41,538,472
1786609117.7911522,7,0.8695,0.8679,True,0.709,0.2573,True,True,"68,0,640,480",234,42,541,475
1786609117.9566445,7,0.8533,0.8635,True,0.5991,0.0623,True,True,"80,0,640,480",294,47,551,476
1786609118.1130898,7,0.8783,0.868,True,0.6042,0.0715,True,True,"165,0,640,480",332,52,590,479
1786609118.1130898,8,0.8607,0.8607,True,0.4442,0.2123,True,True,"165,0,640,480",165,37,360,476
1786609118.3223755,7,0.833,0.8575,True,0.5891,0.0446,True,True,"203,0,640,480",363,58,611,479
1786609118.3223755,8,0.8681,0.8629,True,0.3987,0.293,True,True,"203,0,640,480",203,20,386,479
1786609118.5352757,7,0.8361,0.8511,True,0.619,0.0978,True,True,"239,0,640,480",379,58,639,478
1786609118.5352757,8,0.8484,0.8586,True,0.34,0.3971,False,True,"239,0,640,480",241,27,395,480
1786609118.8034446,7,0.8288,0.8444,True,0.6053,0.0733,True,True,"249,0,640,480",386,61,639,479
1786609118.8034446,8,0.8569,0.8581,True,0.3355,0.405,False,True,"249,0,640,480",251,24,404,480
1786609119.1694639,7,0.8754,0.8537,True,0.4844,0.141,True,True,"259,0,640,480",403,62,605,479
1786609119.1694639,8,0.8565,0.8576,True,0.4457,0.2097,True,True,"259,0,640,480",259,28,460,479
1786609119.5002472,7,0.888,0.864,True,0.4053,0.2813,True,True,"302,0,640,480",428,63,597,480
1786609119.5002472,8,0.8786,0.8639,True,0.5733,0.0167,True,True,"302,0,640,480",302,29,560,479
1786609119.7058878,8,0.8845,0.8701,True,0.5804,0.0292,True,True,"343,0,640,480",343,31,603,479
1786609119.955315,8,0.9091,0.8818,True,0.809,0.4346,False,True,"213,0,640,480",222,34,582,479
1786609120.1276374,1000,0.8995,0.8995,True,0.7986,0.4162,False,False,,227,38,576,475
1786609120.3112097,1000,0.897,0.8987,True,0.7678,0.3616,False,False,,234,40,568,475
1786609120.3112097,1001,0.8701,0.8701,True,0.3911,0.3065,False,False,,459,69,617,473
1786609120.5921457,8,0.8852,0.8852,True,0.8028,0.4235,False,False,,215,39,565,475
1786609120.7697918,8,0.8932,0.8876,True,0.8023,0.4227,False,False,,221,40,570,475
1786609120.9410388,8,0.8944,0.8896,True,0.7898,0.4006,False,False,,225,41,567,474
1786609120.9410388,10,0.7961,0.7961,True,0.4236,0.2487,True,False,,465,67,637,473
1786609121.1532607,8,0.8954,0.8914,True,0.7396,0.3116,False,False,,235,40,556,474
1786609121.1532607,10,0.8118,0.8008,True,0.4377,0.2239,True,False,,460,65,639,474
1786609121.3619003,7,0.8423,0.8423,True,0.3683,0.3469,False,True,"370,0,640,480",370,50,528,479
1786609121.6345909,8,0.8939,0.8939,True,0.7347,0.3029,False,False,,126,48,439,474
1786609121.6345909,10,0.884,0.884,True,0.5651,0.0021,True,False,,363,69,593,476
1786609121.886814,8,0.8586,0.8833,True,0.6878,0.2197,True,True,"248,0,640,480",358,69,640,479
1786609122.142756,8,0.86,0.8763,True,0.6585,0.1677,True,True,"217,0,640,480",370,72,638,479
1786609122.307786,8,0.8751,0.876,True,0.6801,0.206,True,True,"236,0,640,480",370,82,640,479
1786609122.466004,8,0.86,0.8712,True,0.659,0.1687,True,True,"235,0,640,480",381,86,640,479
1786609122.466004,12,0.8559,0.8559,True,0.4171,0.2604,True,True,"235,0,640,480",235,45,416,479
1786609122.6705189,8,0.8451,0.8633,True,0.6143,0.0893,True,True,"251,0,640,480",390,72,640,479
1786609122.6705189,12,0.8536,0.8552,True,0.3707,0.3426,False,True,"251,0,640,480",251,42,413,479
1786609122.926163,8,0.8421,0.857,True,0.5835,0.0348,True,True,"265,0,640,480",406,78,640,479
1786609122.926163,12,0.8711,0.86,True,0.4058,0.2803,True,True,"265,0,640,480",265,34,446,480
1786609123.1909952,8,0.8667,0.8599,True,0.518,0.0814,True,True,"289,0,640,480",387,62,603,479
1786609123.1909952,12,0.8908,0.8692,True,0.389,0.3102,False,True,"289,0,640,480",289,25,466,480
1786609123.4558842,8,0.8644,0.8613,True,0.4988,0.1154,True,True,"279,0,640,480",354,58,564,479
1786609123.4558842,12,0.8608,0.8667,True,0.2954,0.4761,False,True,"279,0,640,480",279,21,414,478
1786609123.7130823,8,0.8954,0.8715,True,0.7243,0.2844,True,True,"249,0,640,480",314,51,624,479
1786609123.7130823,12,0.8767,0.8697,True,0.3268,0.4205,False,True,"249,0,640,480",249,19,399,478
1786609124.0403352,8,0.88,0.8741,True,0.6778,0.202,True,True,"159,0,640,480",311,53,595,472
1786609124.0403352,12,0.8552,0.8653,True,0.3856,0.3162,False,True,"159,0,640,480",159,6,341,478
1786609124.2738452,8,0.8453,0.8654,True,0.6497,0.152,True,True,"169,0,640,480",323,47,603,478
1786609124.2738452,12,0.8376,0.857,True,0.3573,0.3664,False,True,"169,0,640,480",169,6,338,479
1786609124.541193,8,0.8318,0.8554,True,0.5816,0.0314,True,True,"183,0,640,480",343,44,596,479
1786609124.541193,12,0.8469,0.854,True,0.3792,0.3275,False,True,"183,0,640,480",183,7,362,479
1786609124.8213773,8,0.8335,0.8488,True,0.4493,0.2032,True,True,"216,0,640,480",347,45,542,479
1786609124.8213773,12,0.8648,0.8572,True,0.3952,0.2991,True,True,"216,0,640,480",216,15,399,478
1786609125.090198,12,0.8172,0.8452,True,0.4093,0.2742,True,True,"249,0,639,480",291,49,467,479
1786609125.3544114,12,0.7936,0.8298,True,0.3826,0.3215,False,True,"203,0,555,480",262,53,425,479
1786609125.518978,1000,0.7924,0.7924,True,0.5534,0.0186,True,False,,0,4,259,472
1786609125.518978,1001,0.7837,0.7837,True,0.3933,0.3026,False,False,,253,59,417,476
1786609125.7412138,1000,0.7701,0.7857,True,0.3864,0.3148,False,False,,0,2,182,473
1786609125.7412138,1001,0.8205,0.7947,True,0.4493,0.2033,True,False,,226,60,412,474
1786609126.024582,1000,0.8114,0.7934,True,0.5312,0.0579,True,False,,218,59,439,475
1786609126.024582,1001,0.6753,0.7589,True,0.4456,0.2098,True,False,,0,189,127,474
1786609126.3079247,14,0.8475,0.8475,True,0.5107,0.0943,True,False,,219,56,433,475
1786609126.5112665,14,0.8516,0.8487,True,0.5876,0.0419,True,True,"112,0,540,480",225,45,480,479
1786609126.6731503,14,0.8783,0.8576,True,0.6599,0.1702,True,True,"97,0,607,480",205,32,496,473
1786609126.8410993,14,0.8415,0.8528,True,0.7007,0.2425,True,True,"59,0,640,480",191,22,507,473
1786609127.0084891,14,0.8444,0.8502,True,0.7341,0.3017,False,True,"33,0,640,480",168,18,502,473
1786609127.1907556,14,0.8509,0.8505,True,0.8293,0.4707,False,False,,100,18,479,475
1786609127.3728414,14,0.8522,0.851,True,0.7783,0.3801,False,False,,38,19,396,479
1786609127.5732465,14,0.8219,0.8422,True,0.9346,0.6574,False,False,,5,14,434,473
1786609127.7551837,1000,0.7995,0.7995,True,0.7018,0.2445,True,False,,1,142,234,474
1786609127.7551837,1001,0.8112,0.8112,True,1.4146,1.5086,False,False,,1,144,465,472
1786609127.7551837,1002,0.7625,0.7625,True,0.9177,0.6275,False,False,,232,244,444,475
1786609127.7551837,1003,0.7248,0.7248,True,0.4,0.2907,True,False,,0,203,108,473
1786609128.2922938,1000,0.8182,0.8052,True,0.6435,0.1412,True,False,,0,157,204,474
1786609128.2922938,1001,0.744,0.791,True,0.9483,0.6816,False,False,,224,243,444,475
1786609128.2922938,1002,0.6967,0.7428,True,0.4173,0.26,True,False,,0,196,116,474
1786609128.5730195,12,0.7913,0.7913,True,0.781,0.3849,False,True,"0,0,306,480",2,132,273,479
1786609128.8660433,14,0.8651,0.8651,True,0.7681,0.3621,False,False,,0,2,361,472
1786609129.0424478,14,0.813,0.8494,True,0.7749,0.3742,False,False,,68,2,433,473
1786609129.2274027,14,0.802,0.8352,True,0.8136,0.4427,False,False,,124,2,508,474
1786609129.43982,14,0.8088,0.8273,True,0.7886,0.3984,False,False,,188,1,561,474
1786609129.6159182,14,0.8133,0.8231,True,0.7357,0.3047,False,False,,217,2,565,475
1786609129.8111844,14,0.8097,0.8191,True,0.6879,0.2199,True,False,,227,2,551,473
1786609130.0231023,14,0.8189,0.819,True,0.6527,0.1575,True,True,"65,0,640,480",226,20,523,475
1786609130.190291,14,0.8229,0.8202,True,0.6152,0.091,True,True,"77,0,640,480",223,41,490,475
1786609130.3673518,14,0.8156,0.8188,True,0.5731,0.0162,True,True,"89,0,623,480",227,37,478,475
1786609130.5451305,14,0.8152,0.8177,True,0.5724,0.0151,True,True,"101,0,603,480",219,40,468,475
1786609130.707209,14,0.8365,0.8233,True,0.5777,0.0245,True,True,"94,0,592,480",221,45,470,476
1786609130.8780923,14,0.8328,0.8262,True,0.6336,0.1235,True,True,"96,0,594,480",196,52,464,475
1786609131.0564578,14,0.7969,0.8174,True,0.7102,0.2594,True,True,"62,0,598,480",154,55,453,476
1786609131.2236192,14,0.8001,0.8122,True,0.693,0.229,True,True,"4,0,602,480",146,59,435,476
1786609131.4056656,14,0.7907,0.8057,True,0.6314,0.1198,True,True,"1,0,579,480",153,68,410,475
1786609131.5911734,14,0.7834,0.799,True,0.5985,0.0613,True,True,"24,0,538,480",158,73,398,474
1786610468.470974,1,0.7285,0.7285,True,0.8139,0.3283,False,False,,345,115,638,475
1786610468.470974,2,0.7804,0.7804,True,0.6116,0.0019,True,False,,0,7,285,473
1786610468.470974,3,0.8423,0.8423,True,0.5763,0.0595,True,False,,136,121,340,475
1786610469.414779,2,0.8121,0.7899,True,0.5409,0.1173,True,True,"34,0,442,480",34,0,292,477
1786610469.414779,3,0.8357,0.8403,True,0.5221,0.1479,True,True,"34,0,442,480",142,117,331,479
1786610469.692097,3,0.8421,0.8409,True,0.5291,0.1365,True,True,"47,0,425,480",137,116,328,477
1786610469.965653,3,0.809,0.8313,True,0.5726,0.0654,True,True,"41,0,423,480",125,125,326,476
1786610470.1608033,3,0.7817,0.8164,True,0.5723,0.0661,True,True,"24,0,426,480",123,126,321,472
1786610470.1608033,2,0.6881,0.6881,True,0.7807,0.2741,True,True,"24,0,426,480",24,137,291,479
1786610470.457807,3,0.7702,0.8025,True,0.5867,0.0425,True,True,"24,0,420,480",113,127,316,473
1786610470.457807,2,0.624,0.6688,True,0.7887,0.2871,True,True,"24,0,420,480",25,143,290,479
1786610470.735979,2,0.6911,0.6755,True,0.808,0.3187,False,True,"11,0,417,480",12,130,294,479
1786610471.0338345,2,0.669,0.6736,True,0.8098,0.3216,False,False,,0,128,281,475
1786610471.2697837,2,0.6406,0.6637,True,0.8012,0.3075,False,False,,1,137,271,474
1786610471.2697837,3,0.7618,0.7618,True,0.6203,0.0123,True,False,,100,128,314,473
1786610471.587536,2,0.6433,0.6576,True,0.7976,0.3017,False,False,,3,138,271,474
1786610471.587536,3,0.7594,0.7611,True,0.6279,0.0247,True,False,,96,128,312,472
1786610471.831725,2,0.6826,0.6651,True,0.8042,0.3124,False,False,,0,136,271,473
1786610472.1154168,2,0.6512,0.6609,True,0.8083,0.3191,False,False,,0,134,274,473
1786610472.3234122,2,0.6707,0.6639,True,0.8244,0.3454,False,False,,0,137,277,473
1786610472.5877378,2,0.6769,0.6678,True,0.8304,0.3551,False,False,,0,138,279,474
1786610472.7756138,2,0.6843,0.6727,True,0.8304,0.3551,False,False,,0,138,279,474
1786610473.0029886,2,0.6938,0.679,True,0.8333,0.36,False,False,,0,138,280,474
1786610473.303134,2,0.7006,0.6855,True,0.8338,0.3608,False,False,,0,137,281,474
1786610473.6074822,2,0.7036,0.6909,True,0.8448,0.3787,False,False,,0,138,283,473
1786610473.8212385,2,0.7003,0.6937,True,0.8473,0.3828,False,False,,0,139,283,473
1786610474.0324826,2,0.6844,0.6909,True,0.8537,0.3933,False,False,,0,139,286,474
1786610474.3458962,2,0.6861,0.6895,True,0.8482,0.3843,False,False,,0,138,285,474
1786610474.5849106,2,0.6754,0.6853,True,0.8537,0.3933,False,False,,0,139,286,474
1786610474.8175645,2,0.6798,0.6836,True,0.8398,0.3705,False,False,,0,137,283,474
1786610475.0048232,2,0.6776,0.6818,True,0.8378,0.3672,False,False,,0,135,284,474
1786610475.2151885,2,0.6728,0.6791,True,0.8412,0.3728,False,False,,0,134,286,474
1786610475.5486588,2,0.7166,0.6904,True,0.829,0.3529,False,False,,0,129,286,474
1786610475.822791,2,0.7264,0.7012,True,0.8109,0.3234,False,False,,0,125,283,474
1786610475.822791,1,0.7908,0.7908,True,0.4615,0.2468,True,False,,489,149,639,474
1786610476.0587113,2,0.722,0.7074,True,0.8017,0.3084,False,False,,0,120,283,473
1786610476.0587113,1,0.772,0.7851,True,0.537,0.1236,True,False,,465,150,639,474
1786610476.3346107,2,0.7291,0.7139,True,0.7893,0.2882,True,False,,0,117,281,473
1786610476.3346107,1,0.7345,0.77,True,0.6223,0.0156,True,False,,438,151,639,474
1786610476.7389498,2,0.7298,0.7187,True,0.7737,0.2627,True,False,,0,116,277,474
1786610476.7389498,1,0.7245,0.7563,True,0.679,0.1081,True,False,,404,150,624,474
1786610477.0172827,2,0.7287,0.7217,True,0.7654,0.2491,True,False,,0,116,274,474
1786610477.0172827,1,0.7035,0.7405,True,0.6925,0.1302,True,False,,387,152,610,474
1786610477.2614884,2,0.72,0.7212,True,0.7542,0.2308,True,False,,1,116,271,474
1786610477.2614884,1,0.6879,0.7247,True,0.7585,0.2379,True,False,,366,152,611,475
1786610477.5225,2,0.7156,0.7195,True,0.7549,0.232,True,False,,0,115,271,474
1786610477.5225,1,0.7257,0.725,True,0.743,0.2126,True,False,,343,152,583,475
1786610478.0608854,2,0.7195,0.7195,True,0.7507,0.2251,True,False,,2,116,270,473
1786610478.0608854,1,0.7003,0.7176,True,0.7406,0.2087,True,False,,331,154,568,474
1786610478.5711582,2,0.7275,0.7219,True,0.7542,0.2308,True,False,,2,116,272,474
1786610478.5711582,1,0.7326,0.7221,True,0.7304,0.192,True,False,,325,155,558,474
1786610479.1191242,2,0.7063,0.7172,True,0.7901,0.2894,True,False,,0,131,271,474
1786610479.1191242,1,0.721,0.7218,True,0.7273,0.1869,True,False,,325,155,557,474
1786610479.4140787,2,0.6905,0.7092,True,0.8269,0.3494,False,False,,0,139,277,474
1786610479.4140787,1,0.7458,0.729,True,0.7156,0.1679,True,False,,326,154,555,474
1786610479.6750398,2,0.6852,0.702,True,0.8399,0.3707,False,False,,0,143,278,474
1786610479.6750398,1,0.7296,0.7292,True,0.6966,0.1368,True,False,,330,151,555,474
1786610480.1494558,2,0.6989,0.7011,True,0.845,0.379,False,False,,0,145,278,474
1786610480.1494558,1,0.7272,0.7286,True,0.681,0.1114,True,False,,326,148,548,474
1786610480.4223416,2,0.7092,0.7035,True,0.8195,0.3375,False,False,,0,136,277,474
1786610480.4223416,1,0.7442,0.7333,True,0.7006,0.1434,True,False,,317,150,544,474
1786610480.6860242,2,0.6947,0.7009,True,0.7937,0.2953,True,False,,0,125,277,474
1786610480.6860242,1,0.7311,0.7326,True,0.7015,0.1449,True,False,,311,150,539,475
1786610480.97193,2,0.6981,0.7,True,0.7765,0.2673,True,False,,0,124,271,473
1786610480.97193,1,0.728,0.7312,True,0.6769,0.1047,True,False,,307,149,527,474
1786610481.3466747,2,0.6794,0.6939,True,0.7644,0.2474,True,False,,0,126,266,474
1786610481.3466747,1,0.7106,0.725,True,0.6098,0.0049,True,False,,293,147,493,475
1786610481.6127315,2,0.6619,0.6843,True,0.7759,0.2662,True,False,,0,126,270,474
1786610481.6127315,1,0.7227,0.7243,True,0.6006,0.0198,True,False,,276,142,476,475
1786610481.8610127,2,0.659,0.6767,True,0.7867,0.284,True,False,,0,127,273,474
1786610481.8610127,1,0.7348,0.7275,True,0.5976,0.0247,True,False,,250,137,452,475
1786610482.1472497,2,0.7044,0.685,True,0.7385,0.2052,True,False,,1,125,258,473
1786610482.1472497,1,0.677,0.7123,True,0.5735,0.064,True,False,,202,134,397,474
1786610482.4999762,2,0.7542,0.7058,True,0.5401,0.1185,True,False,,0,12,249,473
1786610482.4999762,1,0.6763,0.7015,True,0.4527,0.2612,True,False,,186,125,344,474
1786610482.8289878,2,0.769,0.7247,True,0.5928,0.0326,True,False,,0,4,278,473
1786610482.8289878,1,0.664,0.6903,True,0.4527,0.2612,True,False,,150,125,308,474
1786610483.1107965,2,0.7421,0.7299,True,0.9143,0.4922,False,False,,0,5,427,472
1786610483.4725778,2,0.6674,0.7112,True,0.8577,0.3998,False,False,,72,1,476,472
1786610483.4725778,1,0.5661,0.5661,True,0.6154,0.0043,True,False,,2,111,226,475
1786610483.7393503,2,0.7146,0.7122,True,0.789,0.2877,True,False,,154,0,528,474
1786610483.7393503,1,0.6909,0.6036,True,0.6787,0.1076,True,False,,0,112,245,473
1786610483.9768493,2,0.7156,0.7132,True,0.7553,0.2326,True,False,,192,0,550,474
1786610483.9768493,1,0.7056,0.6342,True,0.6972,0.1379,True,False,,0,113,251,473
1786610484.313737,2,0.7451,0.7228,True,0.8742,0.4267,False,False,,142,0,559,477
1786610484.313737,1,0.7139,0.6581,True,0.7296,0.1907,True,False,,0,118,259,473
1786610484.737489,2,0.738,0.7273,True,0.7011,0.1441,True,False,,230,0,563,475
1786610484.737489,1,0.7167,0.6757,True,0.706,0.1523,True,False,,0,111,257,475
1786610484.737489,4,0.7435,0.7435,True,0.6754,0.1023,True,False,,101,129,255,357
1786610485.0163398,2,0.702,0.7197,True,0.7511,0.2257,True,False,,206,1,562,475
1786610485.0163398,1,0.708,0.6854,True,0.7439,0.2141,True,False,,0,104,276,475
1786610485.0163398,4,0.729,0.7391,True,0.6682,0.0905,True,False,,113,131,258,348
1786610485.3566067,2,0.6921,0.7114,True,0.7146,0.1662,True,False,,236,0,574,473
1786610485.3566067,1,0.6687,0.6804,True,0.6757,0.1027,True,False,,0,106,250,476
1786610485.3566067,4,0.7235,0.7345,True,0.5962,0.0271,True,False,,133,128,257,336
1786610485.8065119,2,0.6824,0.7027,True,0.7684,0.2541,True,False,,218,0,583,475
1786610485.8065119,1,0.7273,0.6944,True,0.7555,0.233,True,False,,23,111,298,475
1786610486.04954,2,0.7027,0.7027,True,0.8017,0.3084,False,False,,208,0,588,474
1786610486.04954,1,0.7152,0.7007,True,0.723,0.1799,True,False,,49,114,310,475
1786610486.3405125,2,0.7068,0.7039,True,0.8168,0.3331,False,False,,205,0,593,475
1786610486.3405125,1,0.7104,0.7036,True,0.6508,0.0622,True,False,,51,117,284,475
1786610486.6218882,2,0.7098,0.7057,True,0.8333,0.36,False,False,,199,0,594,474
1786610486.6218882,1,0.715,0.707,True,0.6333,0.0336,True,False,,30,113,258,473
1786610486.9850821,2,0.7099,0.707,True,0.8316,0.3571,False,False,,194,0,589,475
1786610486.9850821,1,0.7034,0.7059,True,0.493,0.1955,True,False,,66,120,241,475
1786610487.244571,2,0.6962,0.7038,True,0.8418,0.3738,False,False,,186,1,585,475
1786610487.244571,1,0.698,0.7036,True,0.4644,0.2421,True,False,,71,124,234,475
1786610487.5299602,2,0.6937,0.7008,True,0.8397,0.3703,False,False,,183,0,581,474
1786610487.5299602,1,0.767,0.7226,True,0.5584,0.0887,True,False,,22,124,218,475
1786610487.8607502,2,0.6941,0.6988,True,0.8008,0.307,False,False,,179,0,557,472
1786610487.8607502,1,0.7692,0.7366,True,0.5634,0.0806,True,False,,6,120,206,475
1786610488.200611,2,0.6268,0.6772,True,0.9533,0.5558,False,False,,95,0,544,471
1786610488.200611,1,0.6975,0.7248,True,0.5783,0.0561,True,False,,0,124,203,475
1786610488.5109656,2,0.5885,0.6506,True,0.8979,0.4653,False,False,,118,1,540,471
1786610488.5109656,1,0.7154,0.722,True,0.6069,0.0095,True,False,,1,128,211,474
1786610488.798195,2,0.5985,0.6349,True,0.852,0.3905,False,False,,152,0,555,473
1786610488.798195,1,0.6876,0.7117,True,0.5908,0.0359,True,False,,15,128,220,475
1786610489.152137,2,0.693,0.6524,True,0.8819,0.4392,False,False,,178,2,596,476
1786610489.152137,1,0.7375,0.7194,True,0.546,0.109,True,False,,36,126,226,474
1786610489.3876882,2,0.6655,0.6563,True,0.9619,0.5698,False,False,,160,2,614,474
1786610489.3876882,1,0.7649,0.7331,True,0.5186,0.1536,True,False,,40,125,221,474
1786610489.659327,2,0.6532,0.6554,True,1.0021,0.6355,False,False,,154,2,627,474
1786610489.659327,1,0.7577,0.7405,True,0.4971,0.1887,True,False,,45,127,217,473
1786610489.9076104,2,0.6642,0.658,True,0.9342,0.5246,False,False,,174,2,614,473
1786610489.9076104,1,0.765,0.7478,True,0.4777,0.2203,True,False,,63,135,224,472
1786610490.218661,2,0.6828,0.6654,True,0.9218,0.5043,False,False,,163,0,599,473
1786610490.218661,1,0.8644,0.7828,True,0.4438,0.2757,True,False,,75,137,225,475
1786610490.4626186,2,0.6826,0.6706,True,0.9387,0.5319,False,False,,149,0,593,473
1786610490.4626186,1,0.8481,0.8024,True,0.4315,0.2957,True,False,,81,136,226,472
1786610490.756842,1,0.8338,0.8118,True,0.4256,0.3054,False,True,"8,0,298,480",74,131,217,467
1786610490.9607599,1,0.8372,0.8194,True,0.4236,0.3086,False,False,,57,126,204,473
1786610490.9607599,2,0.6867,0.6867,True,0.945,0.5423,False,False,,134,1,581,474
1786610491.1790714,1,0.8307,0.8228,True,0.431,0.2966,True,False,,48,126,198,474
1786610491.1790714,2,0.6753,0.6833,True,0.9725,0.5871,False,False,,127,1,587,474
1786610491.4877,1,0.8198,0.8219,True,0.4379,0.2854,True,True,"0,0,273,480",55,125,210,479
1786610491.7160995,1,0.7949,0.8138,True,0.4773,0.2211,True,True,"0,0,287,480",80,127,248,479
1786610491.9189343,1,0.7908,0.8069,True,0.5071,0.1724,True,True,"0,0,332,480",102,126,281,479
1786610491.9189343,2,0.7965,0.7965,True,0.4396,0.2826,True,True,"0,0,332,480",132,22,332,477
1786610492.1270015,1,0.788,0.8012,True,0.548,0.1056,True,True,"12,0,370,480",115,125,309,479
1786610492.1270015,2,0.7946,0.7959,True,0.4872,0.2049,True,True,"12,0,370,480",139,9,367,477
1786610492.4040933,1,0.7695,0.7917,True,0.5518,0.0994,True,True,"18,0,406,480",110,122,307,479
1786610492.4040933,2,0.7966,0.7961,True,0.5338,0.1289,True,True,"18,0,406,480",148,4,401,478
1786610492.6361337,1,0.7761,0.787,True,0.5354,0.1262,True,False,,104,122,293,475
1786610492.6361337,2,0.6979,0.7666,True,0.9262,0.5115,False,False,,147,0,586,474
1786610492.9298773,1,0.8024,0.7916,True,0.5114,0.1655,True,False,,104,123,284,475
1786610492.9298773,2,0.6966,0.7456,True,0.9404,0.5348,False,False,,152,3,594,473
1786610493.1755395,1,0.7991,0.7939,True,0.4384,0.2845,True,False,,116,125,269,474
1786610493.1755395,2,0.6898,0.7289,True,0.9004,0.4695,False,False,,163,2,588,474
1786610493.3907318,1,0.7689,0.7864,True,0.4231,0.3095,False,False,,118,134,261,472
1786610493.3907318,2,0.6887,0.7168,True,0.9062,0.4789,False,False,,150,3,575,472
1786610493.6806986,2,0.6846,0.7072,True,1.1015,0.7976,False,False,,83,1,604,474
1786610493.928714,2,0.6758,0.6978,True,1.1928,0.9466,False,False,,1,0,564,472
1786610494.14179,2,0.6059,0.6702,True,0.9283,0.5149,False,False,,0,0,440,474
1786610494.3439267,2,0.8235,0.7162,True,0.5975,0.0249,True,False,,1,2,283,474
1786610494.5397835,1000,0.7685,0.7685,True,0.7171,0.1704,True,False,,118,126,369,476
1786610494.5397835,1001,0.7405,0.7405,True,0.5479,0.1058,True,False,,0,256,120,475
1786610494.5397835,1002,0.6054,0.6054,True,0.247,0.5969,False,False,,598,309,639,475
1786610494.8828409,1000,0.7499,0.7629,True,0.7221,0.1784,True,False,,118,126,370,475
1786610494.8828409,1001,0.6123,0.702,True,0.2515,0.5896,False,False,,597,309,639,476
1786610495.191266,9,0.7683,0.7683,True,0.7049,0.1503,True,False,,124,126,370,475
1786610495.3827224,9,0.7614,0.7662,True,0.6725,0.0975,True,False,,135,129,367,474
1786610495.56481,9,0.8006,0.7765,True,0.6647,0.0849,True,False,,128,129,358,475
1786610495.8417313,9,0.7617,0.7721,True,0.6686,0.0912,True,False,,85,129,315,473
1786610496.099645,9,0.7456,0.7641,True,0.6628,0.0816,True,False,,64,133,290,474
1786610496.3056004,9,0.7924,0.7726,True,0.6941,0.1328,True,False,,52,133,288,473
1786610496.4895842,9,0.7821,0.7755,True,0.7367,0.2023,True,False,,38,136,287,474
1786610496.6760523,9,0.7694,0.7737,True,0.7335,0.1971,True,False,,45,140,290,474
1786610496.9473283,9,0.7722,0.7732,True,0.7343,0.1984,True,False,,51,139,297,474
1786610497.2038264,9,0.7525,0.767,True,0.6667,0.088,True,False,,69,135,295,474
1786611016.7445264,1,0.6781,0.6781,True,0.649,0.151,True,False,,55,0,362,473
1786611016.7445264,2,0.6406,0.6406,True,0.3413,0.3948,False,False,,309,2,467,465
1786611016.7445264,3,0.7792,0.7792,True,0.5679,0.0071,True,False,,92,0,184,162
1786611017.4095573,1,0.6766,0.6777,True,0.7548,0.3385,False,False,,50,2,404,471
1786611017.4095573,2,0.765,0.6779,True,0.3514,0.3769,False,False,,311,28,467,472
1786611017.4095573,3,0.7205,0.7616,True,0.5823,0.0326,True,False,,105,1,197,159
1786611017.667868,1,0.685,0.6799,True,0.7288,0.2924,True,False,,45,2,389,474
1786611017.667868,2,0.7435,0.6976,True,0.3539,0.3724,False,False,,318,53,467,474
1786611017.667868,3,0.7665,0.7631,True,0.6772,0.2009,True,False,,92,1,199,159
1786611017.9119215,1,0.7242,0.6932,True,0.6364,0.1285,True,False,,59,0,360,473
1786611017.9119215,2,0.7539,0.7145,True,0.3056,0.4581,False,False,,336,37,468,469
1786611017.9119215,3,0.7935,0.7722,True,0.711,0.2608,True,False,,81,1,204,174
1786611018.1590493,1,0.7247,0.7026,True,0.634,0.1244,True,False,,64,1,362,471
1786611018.1590493,2,0.7353,0.7207,True,0.2864,0.4922,False,False,,342,29,468,469
1786611018.1590493,3,0.8094,0.7834,True,0.7616,0.3506,False,False,,79,0,210,172
1786611018.4080334,1,0.7054,0.7035,True,0.6582,0.1673,True,False,,42,0,354,474
1786611018.4080334,2,0.7419,0.7271,True,0.3,0.468,False,False,,336,28,468,468
1786611018.4080334,3,0.7703,0.7794,True,0.7232,0.2824,True,False,,77,1,205,178
1786611018.8473659,1,0.6681,0.6928,True,0.7987,0.4164,False,False,,27,1,404,473
1786611019.0973918,1,0.6772,0.6882,True,0.875,0.5517,False,False,,31,1,444,473
1786611019.296001,1,0.6633,0.6807,True,0.8447,0.4979,False,False,,77,1,474,471
1786611019.4984412,1,0.7145,0.6908,True,0.8534,0.5134,False,False,,129,6,525,470
1786611019.7174425,1,0.6809,0.6878,True,0.8255,0.4639,False,False,,169,3,557,473
1786611019.9148135,1,0.6955,0.6902,True,0.8369,0.484,False,False,,180,1,575,473
1786611020.1176744,1,0.7046,0.6945,True,0.8922,0.5821,False,False,,176,0,598,473
1786611020.303755,1,0.7035,0.6972,True,0.8465,0.5011,False,False,,178,2,575,471
1786611020.5117362,1,0.6913,0.6954,True,0.838,0.486,False,False,,173,1,566,470
1786611020.7499363,1,0.6918,0.6944,True,0.8383,0.4866,False,False,,165,1,559,471
1786611020.9700234,1,0.6992,0.6958,True,0.8147,0.4448,False,False,,178,1,565,476
1786611021.1652148,1,0.684,0.6922,True,0.8671,0.5376,False,False,,177,0,588,474
1786611021.3828907,1,0.6754,0.6872,True,0.8499,0.5071,False,False,,184,1,586,474
1786611021.5819,1,0.6714,0.6825,True,0.8584,0.5221,False,False,,186,1,592,474
1786611021.783154,1,0.6586,0.6753,True,0.8647,0.5334,False,False,,185,1,594,474
1786611021.783154,6,0.7097,0.7097,True,0.3718,0.3406,False,False,,71,0,232,433
1786611021.783154,2,0.679,0.679,True,0.3412,0.395,False,False,,479,2,639,471
1786611022.127361,1,0.6678,0.6731,True,0.8242,0.4615,False,False,,215,1,604,473
1786611022.127361,6,0.6927,0.7046,True,0.4072,0.2779,True,False,,70,1,228,389
1786611022.127361,8,0.7178,0.7178,True,0.489,0.1329,True,False,,0,10,111,237
1786611022.127361,2,0.6817,0.6798,True,0.2489,0.5585,False,False,,522,0,640,474
1786611022.51365,1,0.68,0.6751,True,0.7987,0.4164,False,False,,237,2,614,474
1786611022.51365,2,0.6874,0.6821,True,0.2968,0.4736,False,False,,499,0,640,475
1786611022.763983,1,0.7537,0.6987,True,0.7213,0.2791,True,False,,272,3,611,473
1786611022.763983,2,0.7086,0.6901,True,0.3418,0.3939,False,False,,491,44,639,477
1786611022.763983,8,0.6308,0.6308,True,0.5134,0.0896,True,False,,0,18,115,242
1786611023.2988894,1,0.7982,0.7286,True,0.9318,0.6523,False,False,,186,2,623,471
1786611023.2988894,2,0.6371,0.6742,True,0.2637,0.5324,False,False,,533,71,639,473
1786611023.2988894,8,0.7684,0.6721,True,0.4933,0.1252,True,False,,0,13,111,238
1786611023.2988894,6,0.7302,0.7302,True,0.3653,0.3521,False,False,,67,1,223,428
1786611023.5856512,1,0.8177,0.7553,True,0.9043,0.6035,False,False,,210,0,635,470
1786611023.5856512,8,0.788,0.7069,True,0.4635,0.178,True,False,,0,9,108,242
1786611023.5856512,6,0.7208,0.7274,True,0.3348,0.4062,False,False,,73,0,221,442
1786611023.826671,1,0.695,0.7372,True,0.6949,0.2323,True,False,,222,2,550,474
1786611023.826671,8,0.7958,0.7336,True,0.4321,0.2337,True,False,,0,4,105,247
1786611023.826671,6,0.6918,0.7167,True,0.286,0.4928,False,False,,73,0,204,458
1786611024.0661125,1,0.6574,0.7133,True,1.0491,0.8605,False,False,,137,3,628,471
1786611024.0661125,8,0.785,0.749,True,0.4177,0.2593,True,False,,0,3,104,252
1786611024.0661125,3,0.6325,0.6325,True,0.5373,0.0472,True,False,,175,1,319,269
1786611024.512573,1,0.6364,0.6902,True,0.9536,0.691,False,False,,183,2,635,476
1786611024.512573,8,0.7259,0.7421,True,0.4353,0.228,True,False,,0,17,101,249
1786611024.7494805,1,0.6689,0.6838,True,0.9638,0.7092,False,False,,179,3,632,473
1786611024.7494805,8,0.6822,0.7241,True,0.476,0.156,True,False,,0,38,99,246
1786611024.964901,1,0.6467,0.6727,True,1.034,0.8337,False,False,,145,5,631,475
1786611024.964901,8,0.7169,0.7219,True,0.4565,0.1904,True,False,,0,42,84,226
1786611025.1886015,1,0.6176,0.6562,True,0.8589,0.5232,False,False,,161,1,569,476
1786611025.3616154,1,0.6121,0.6429,True,0.7992,0.4172,False,False,,160,1,538,474
1786611025.3616154,2,0.8488,0.8488,True,0.4559,0.1915,True,False,,458,77,639,474
1786611025.6683273,1000,0.6401,0.6401,True,0.313,0.4449,False,True,"367,0,640,480",367,0,516,476
1786611025.6683273,1001,0.7157,0.7157,True,0.2284,0.5949,False,True,"367,0,640,480",541,49,639,478
1786611025.9497569,8,0.772,0.772,True,0.393,0.303,False,False,,0,18,79,219
1786611025.9497569,1,0.6368,0.6368,True,0.7185,0.2741,True,False,,158,0,500,476
1786611025.9497569,2,0.7325,0.7325,True,0.2362,0.5812,False,False,,529,9,640,479
1786611026.2088454,1,0.6509,0.641,True,0.7149,0.2677,True,False,,141,2,477,472
1786611026.2088454,2,0.6649,0.7122,True,0.2409,0.5727,False,False,,522,6,635,475
1786611026.4264586,1,0.6619,0.6473,True,0.734,0.3017,False,False,,111,2,456,472
1786611026.4264586,2,0.6282,0.687,True,0.2468,0.5623,False,False,,522,0,639,474
1786611026.6492743,1,0.6842,0.6583,True,0.7325,0.2989,True,False,,87,2,432,473
1786611026.6492743,2,0.5796,0.6548,True,0.2452,0.5651,False,False,,523,0,639,473
1786611026.6492743,12,0.7094,0.7094,True,0.3607,0.3603,False,False,,2,85,138,462
1786611027.0838614,1,0.7027,0.6717,True,0.63,0.1172,True,False,,74,1,372,474
1786611027.0838614,2,0.5906,0.6355,True,0.3615,0.3589,False,False,,468,0,639,473
1786611027.0838614,12,0.7415,0.719,True,0.3701,0.3437,False,False,,0,84,141,465
1786611027.348584,1,0.6844,0.6755,True,0.5636,0.0006,True,False,,122,0,388,472
1786611027.348584,2,0.6826,0.6497,True,0.4064,0.2793,True,False,,448,1,639,471
1786611027.348584,12,0.6833,0.7083,True,0.3684,0.3467,False,False,,0,88,140,468
1786611027.5991435,1,0.6442,0.6661,True,0.6547,0.1609,True,False,,128,1,437,473
1786611027.5991435,2,0.6641,0.654,True,0.4268,0.2432,True,False,,438,0,639,471
1786611027.5991435,12,0.6179,0.6812,True,0.3874,0.3131,False,False,,0,102,141,466
1786611027.8488512,1,0.6543,0.6626,True,0.6426,0.1395,True,False,,160,1,462,471
1786611027.8488512,2,0.6717,0.6593,True,0.4237,0.2486,True,False,,435,1,635,473
1786611027.8488512,12,0.5892,0.6536,True,0.3939,0.3016,False,False,,0,108,141,466
1786611028.2826817,1,0.6799,0.6678,True,0.6314,0.1196,True,False,,162,1,460,473
1786611028.2826817,2,0.6833,0.6665,True,0.3902,0.3081,False,False,,453,1,636,470
1786611028.2826817,12,0.5618,0.6261,True,0.3909,0.3067,False,False,,0,112,138,465
1786611028.533074,1,0.7126,0.6812,True,0.5979,0.0603,True,False,,137,1,421,476
1786611028.533074,2,0.7007,0.6768,True,0.3843,0.3185,False,False,,451,0,632,471
1786611028.533074,12,0.579,0.612,True,0.384,0.3191,False,False,,0,100,139,462
1786611028.7860878,1,0.6839,0.682,True,0.5837,0.0351,True,False,,96,1,375,479
1786611028.7860878,2,0.6891,0.6805,True,0.3979,0.2944,True,False,,436,0,623,470
1786611028.7860878,12,0.6105,0.6115,True,0.3966,0.2967,True,False,,0,109,140,462
1786611029.0435462,1,0.727,0.6955,True,0.5747,0.0192,True,False,,81,1,354,476
1786611029.0435462,2,0.6901,0.6834,True,0.4115,0.2702,True,False,,433,1,626,470
1786611029.0435462,12,0.6577,0.6254,True,0.3707,0.3427,False,False,,0,92,139,467
1786611029.5078952,1,0.6962,0.6957,True,0.5702,0.0112,True,False,,78,0,350,477
1786611029.5078952,2,0.6847,0.6838,True,0.4043,0.2831,True,False,,431,1,621,471
1786611029.5078952,12,0.6527,0.6336,True,0.3449,0.3884,False,False,,0,64,139,467
1786611029.5078952,14,0.7257,0.7257,True,0.3552,0.3701,False,False,,308,29,465,471
1786611029.7989933,1,0.7103,0.7001,True,0.5705,0.0117,True,False,,81,1,352,476
1786611029.7989933,2,0.6781,0.6821,True,0.3779,0.3298,False,False,,436,0,614,471
1786611029.7989933,12,0.6377,0.6348,True,0.3878,0.3123,False,False,,0,106,140,467
1786611029.7989933,14,0.7372,0.7292,True,0.3586,0.3641,False,False,,305,21,466,470
1786611030.0842242,1,0.7094,0.7029,True,0.5705,0.0117,True,False,,84,1,355,476
1786611030.0842242,2,0.7335,0.6975,True,0.4319,0.2341,True,False,,430,0,633,470
1786611030.0842242,12,0.6377,0.6357,True,0.3933,0.3026,False,False,,0,113,140,469
1786611030.0842242,14,0.7399,0.7324,True,0.3567,0.3675,False,False,,303,14,466,471
1786611030.3573506,1,0.7065,0.704,True,0.5717,0.0139,True,False,,88,2,359,476
1786611030.3573506,2,0.7993,0.728,True,0.3958,0.2981,True,False,,451,0,639,475
1786611030.3573506,12,0.629,0.6337,True,0.3977,0.2947,True,False,,0,118,140,470
1786611030.3573506,14,0.7409,0.7349,True,0.3473,0.3842,False,False,,308,16,466,471
1786611030.8320494,1,0.7156,0.7075,True,0.5693,0.0096,True,False,,89,1,360,477
1786611030.8320494,2,0.8125,0.7534,True,0.5063,0.1022,True,False,,398,1,639,477
1786611030.8320494,12,0.612,0.6272,True,0.3895,0.3093,False,False,,0,107,141,469
1786611030.8320494,14,0.7293,0.7333,True,0.3822,0.3222,False,False,,296,23,468,473
1786611031.1657844,1,0.7141,0.7095,True,0.5811,0.0304,True,False,,81,1,357,476
1786611031.1657844,2,0.7928,0.7652,True,0.4601,0.1841,True,False,,420,2,639,478
1786611031.1657844,12,0.6481,0.6335,True,0.4017,0.2876,True,False,,0,118,141,469
1786611031.1657844,14,0.7339,0.7335,True,0.3781,0.3295,False,False,,298,26,467,473
1786611031.459491,1,0.6737,0.6987,True,0.5786,0.0261,True,False,,34,1,310,478
1786611031.459491,2,0.7928,0.7735,True,0.4484,0.2048,True,False,,426,0,639,475
1786611031.459491,12,0.6302,0.6325,True,0.3978,0.2946,True,False,,0,112,142,469
1786611031.459491,14,0.7216,0.7299,True,0.3696,0.3446,False,False,,303,32,466,473
1786611031.7484038,1,0.6791,0.6928,True,0.5493,0.026,True,False,,3,1,265,478
1786611031.7484038,2,0.7959,0.7802,True,0.437,0.2251,True,False,,431,0,639,476
1786611031.7484038,12,0.6271,0.6309,True,0.4111,0.271,True,False,,0,127,141,470
1786611031.7484038,14,0.7369,0.732,True,0.3612,0.3595,False,False,,305,28,465,471
1786611032.2280705,1,0.6897,0.6919,True,0.5357,0.05,True,False,,8,1,263,477
1786611032.2280705,2,0.8078,0.7885,True,0.3992,0.2922,True,False,,449,1,639,477
1786611032.2280705,12,0.6342,0.6319,True,0.4092,0.2743,True,False,,0,122,142,469
1786611032.2280705,14,0.7014,0.7228,True,0.3612,0.3595,False,False,,305,26,465,469
1786611032.5125985,1,0.6767,0.6873,True,0.5367,0.0483,True,False,,9,1,265,478
1786611032.5125985,2,0.8267,0.8,True,0.3937,0.3019,False,False,,452,0,639,475
1786611032.5125985,12,0.6074,0.6245,True,0.4164,0.2615,True,False,,0,128,142,469
1786611032.5125985,14,0.7155,0.7206,True,0.3699,0.3441,False,False,,304,34,466,472
1786611032.5125985,15,0.7009,0.7009,True,0.4213,0.2529,True,False,,197,0,395,470
1786611032.8966317,1,0.696,0.6899,True,0.5409,0.0408,True,False,,10,1,268,478
1786611032.8966317,2,0.7902,0.797,True,0.4748,0.158,True,False,,413,1,639,477
1786611032.8966317,12,0.6152,0.6217,True,0.4218,0.252,True,False,,0,131,143,470
1786611032.8966317,14,0.6927,0.7122,True,0.377,0.3314,False,False,,304,44,465,471
1786611032.8966317,15,0.7056,0.7023,True,0.4565,0.1905,True,False,,193,1,408,472
1786611033.3839762,1,0.6063,0.6648,True,0.4937,0.1245,True,False,,0,1,236,479
1786611033.3839762,2,0.7365,0.7789,True,0.4812,0.1467,True,False,,409,1,639,479
1786611033.3839762,12,0.6195,0.621,True,0.4135,0.2667,True,False,,0,129,141,470
1786611033.3839762,14,0.7243,0.7159,True,0.3462,0.386,False,False,,307,30,459,469
1786611033.3839762,15,0.6644,0.6909,True,0.4617,0.1812,True,False,,178,2,395,472
1786611033.766443,1,0.6703,0.6665,True,0.4298,0.2378,True,False,,0,1,202,471
1786611033.766443,2,0.742,0.7678,True,0.5272,0.0651,True,False,,387,1,639,479
1786611033.766443,12,0.6094,0.6176,True,0.4099,0.2731,True,False,,0,126,141,470
1786611033.766443,14,0.7223,0.7178,True,0.3499,0.3795,False,False,,308,27,463,470
1786611033.766443,15,0.5778,0.657,True,0.4055,0.2809,True,False,,170,1,361,472
1786611034.1677108,1,0.6726,0.6683,True,0.4124,0.2687,True,False,,0,2,193,470
1786611034.1677108,2,0.7605,0.7656,True,0.4549,0.1933,True,False,,422,1,639,478
1786611034.1677108,12,0.6015,0.6127,True,0.4,0.2907,True,False,,0,102,148,472
1786611034.1677108,14,0.7238,0.7196,True,0.3516,0.3765,False,False,,309,30,463,468
1786611034.1677108,15,0.5921,0.6375,True,0.4093,0.2742,True,False,,164,1,358,475
1786611034.656204,1,0.6689,0.6685,True,0.4064,0.2793,True,False,,0,1,191,471
1786611034.656204,2,0.7593,0.7637,True,0.4883,0.134,True,False,,409,1,639,472
1786611034.656204,14,0.7456,0.7274,True,0.4325,0.233,True,False,,268,30,457,467
1786611034.656204,15,0.6234,0.6333,True,0.4428,0.2148,True,False,,143,3,352,475
1786611034.9647875,1,0.6568,0.665,True,0.4042,0.2832,True,False,,0,1,192,476
1786611034.9647875,2,0.8429,0.7875,True,0.4489,0.2039,True,False,,428,1,639,471
1786611034.9647875,14,0.7384,0.7307,True,0.4376,0.2239,True,False,,260,28,453,469
1786611034.9647875,15,0.6235,0.6304,True,0.3848,0.3177,False,False,,150,2,332,475
1786611035.265664,1,0.6549,0.6619,True,0.4055,0.281,True,False,,0,1,193,477
1786611035.265664,2,0.7952,0.7898,True,0.4119,0.2696,True,False,,445,1,639,472
1786611035.265664,14,0.7583,0.739,True,0.5835,0.0348,True,False,,251,10,520,471
1786611035.265664,15,0.7057,0.6529,True,0.3503,0.3788,False,False,,138,2,303,473
1786611035.5479429,1,0.6489,0.658,True,0.4059,0.2803,True,False,,0,0,194,478
1786611035.5479429,2,0.838,0.8043,True,0.4958,0.1208,True,False,,404,0,639,474
1786611035.5479429,14,0.8207,0.7635,True,0.5407,0.0411,True,False,,236,29,475,471
1786611035.5479429,15,0.7254,0.6747,True,0.2987,0.4703,False,False,,138,2,279,474
1786611036.0468931,15,0.7921,0.7099,True,0.5011,0.1115,True,True,"286,0,640,480",392,2,630,477
1786611036.298171,15,0.7057,0.7087,True,0.3827,0.3214,False,False,,135,1,316,474
1786611036.298171,1,0.5735,0.5735,True,0.464,0.1772,True,False,,0,2,219,474
1786611036.298171,2,0.828,0.828,True,0.5332,0.0545,True,False,,413,52,638,474
1786611036.298171,14,0.7751,0.7751,True,0.5205,0.0771,True,False,,238,30,467,470
1786611036.5981717,15,0.7362,0.7169,True,0.3692,0.3453,False,True,"300,0,640,480",455,1,630,475
1786611036.5981717,1,0.7422,0.6241,True,0.3966,0.2968,True,True,"300,0,640,480",300,13,484,477
1786611036.9296443,15,0.6442,0.6951,True,0.4313,0.2352,True,False,,156,2,360,475
1786611036.9296443,1,0.5681,0.6073,True,0.4559,0.1916,True,False,,0,3,217,479
1786611036.9296443,2,0.797,0.797,True,0.5223,0.0738,True,False,,392,6,638,477
1786611036.9296443,14,0.7828,0.7828,True,0.4955,0.1214,True,False,,249,32,467,472
1786611037.434352,15,0.6933,0.6946,True,0.4131,0.2674,True,False,,162,1,357,473
1786611037.434352,1,0.5703,0.5962,True,0.4619,0.181,True,False,,0,2,218,474
1786611037.434352,2,0.8042,0.7991,True,0.7482,0.3268,False,False,,330,63,639,476
1786611037.434352,14,0.72,0.7639,True,0.4036,0.2842,True,False,,281,29,459,470
1786611037.7487907,15,0.7062,0.6981,True,0.4562,0.191,True,False,,163,2,366,447
1786611037.7487907,1,0.572,0.5889,True,0.4744,0.1588,True,False,,0,2,222,470
1786611037.7487907,2,0.7649,0.7889,True,0.7883,0.398,False,False,,315,59,639,470
1786611037.9997857,15,0.6899,0.6956,True,0.4316,0.2346,True,False,,169,2,371,470
1786611037.9997857,1,0.5776,0.5855,True,0.4661,0.1734,True,False,,0,3,220,475
1786611037.9997857,2,0.7933,0.7902,True,0.7466,0.3239,False,False,,312,35,639,473
1786611038.2498705,15,0.7216,0.7034,True,0.4243,0.2476,True,False,,173,11,372,480
1786611038.2498705,1,0.612,0.5935,True,0.4501,0.2018,True,False,,0,9,212,480
1786611038.2498705,16,0.7072,0.7072,True,0.9854,0.7474,False,False,,495,109,630,246
1786611038.7147722,15,0.7548,0.7188,True,0.4868,0.1367,True,False,,165,61,368,478
1786611038.7147722,1,0.7227,0.6322,True,0.4684,0.1694,True,False,,0,50,200,477
1786611038.9526627,15,0.7616,0.7317,True,0.4951,0.1219,True,False,,164,61,368,473
1786611038.9526627,1,0.7051,0.6541,True,0.466,0.1736,True,False,,0,47,199,474
1786611039.170354,15,0.777,0.7452,True,0.4741,0.1593,True,False,,164,48,365,472
1786611039.170354,1,0.6378,0.6492,True,0.4575,0.1888,True,False,,0,37,199,472
1786611039.170354,16,0.7589,0.7589,True,0.6702,0.1885,True,False,,478,128,604,316
1786611039.43355,15,0.7618,0.7502,True,0.424,0.2481,True,False,,163,0,361,467
1786611039.43355,1,0.6163,0.6393,True,0.4413,0.2174,True,False,,0,0,203,460
1786611039.43355,17,0.8485,0.8485,True,0.6338,0.124,True,False,,384,0,635,396
1786611039.43355,16,0.8137,0.7753,True,0.6264,0.1108,True,False,,447,38,618,311
1786611039.9170454,15,0.6687,0.7258,True,0.4346,0.2293,True,True,"258,0,640,480",448,37,634,465
1786611039.9170454,1,0.7061,0.6594,True,0.431,0.2357,True,True,"258,0,640,480",258,0,461,471
1786611040.1498427,15,0.6949,0.7165,True,0.516,0.085,True,False,,172,4,366,380
1786611040.1498427,1,0.6076,0.6438,True,0.4694,0.1675,True,False,,0,1,215,459
1786611040.1498427,16,0.7441,0.7441,True,0.7638,0.3544,False,False,,444,42,638,296
1786611040.4027157,15,0.6434,0.6946,True,0.4334,0.2314,True,False,,173,0,365,443
1786611040.4027157,1,0.6084,0.6332,True,0.4619,0.181,True,False,,0,0,218,472
1786611040.6320548,15,0.7237,0.7033,True,0.4204,0.2545,True,False,,164,0,362,471
1786611040.6320548,1,0.6058,0.625,True,0.4588,0.1864,True,False,,0,1,217,474
1786611040.6320548,16,0.6126,0.6126,True,0.4689,0.1685,True,False,,443,48,639,466
1786611040.8814316,15,0.7195,0.7082,True,0.4228,0.2502,True,False,,162,0,362,473
1786611040.8814316,1,0.6018,0.618,True,0.4517,0.199,True,False,,0,0,215,476
1786611040.8814316,16,0.6231,0.6157,True,0.413,0.2676,True,False,,461,44,639,475
1786611041.182075,15,0.7268,0.7138,True,0.4249,0.2464,True,False,,161,0,362,473
1786611041.182075,1,0.6022,0.6133,True,0.4505,0.2011,True,False,,0,0,214,475
1786611041.182075,16,0.6339,0.6212,True,0.3238,0.4258,False,False,,503,55,639,475
1786611041.433149,15,0.7188,0.7153,True,0.428,0.2411,True,False,,160,0,362,472
1786611041.433149,1,0.5979,0.6087,True,0.4473,0.2069,True,False,,0,0,212,474
1786611041.6667433,15,0.7053,0.7123,True,0.4283,0.2405,True,False,,158,0,361,474
1786611041.6667433,1,0.59,0.6031,True,0.444,0.2127,True,False,,0,1,210,474
1786611041.898837,15,0.7044,0.7099,True,0.4295,0.2384,True,False,,156,0,360,475
1786611041.898837,1,0.5915,0.5996,True,0.4337,0.2309,True,False,,0,1,206,476
1786611042.13225,15,0.7386,0.7185,True,0.4274,0.2421,True,False,,155,0,358,475
1786611042.13225,1,0.5958,0.5985,True,0.4313,0.2352,True,False,,0,1,204,474
1786611042.13225,16,0.7944,0.7944,True,0.4451,0.2107,True,False,,485,130,639,476
1786611042.5819416,15,0.7307,0.7222,True,0.4274,0.2421,True,False,,154,0,357,475
1786611042.5819416,1,0.6,0.5989,True,0.4241,0.248,True,False,,0,0,201,474
1786611042.5819416,16,0.8277,0.8044,True,0.3888,0.3106,False,False,,459,12,639,475
1786611042.8364787,15,0.7274,0.7237,True,0.4313,0.2352,True,False,,153,0,357,473
1786611042.8364787,1,0.598,0.5986,True,0.4241,0.248,True,False,,0,0,201,474
1786611042.8364787,16,0.8672,0.8233,True,0.4947,0.1227,True,False,,405,1,639,474
1786611043.1172278,15,0.8835,0.7717,True,0.4833,0.143,True,True,"288,0,640,480",408,0,639,478
1786611043.1172278,1,0.7229,0.6359,True,0.4084,0.2758,True,True,"288,0,640,480",310,96,466,478
1786611043.4317093,15,0.7273,0.7584,True,0.4325,0.2331,True,False,,152,0,357,474
1786611043.4317093,1,0.597,0.6242,True,0.4252,0.246,True,False,,1,7,200,475
1786611043.4317093,16,0.8769,0.8769,True,0.4249,0.2464,True,False,,398,1,599,474
1786611043.815675,15,0.8546,0.7872,True,0.4004,0.2899,True,True,"297,0,640,480",411,1,602,478
1786611044.0156884,15,0.7193,0.7669,True,0.4228,0.2502,True,False,,155,0,355,473
1786611044.0156884,1,0.6079,0.6079,True,0.4388,0.2218,True,False,,0,1,208,475
1786611044.0156884,16,0.833,0.833,True,0.4536,0.1956,True,False,,414,1,629,475
1786611044.2653675,15,0.8431,0.7897,True,0.4393,0.2209,True,True,"306,0,640,480",430,0,640,478
1786611044.2653675,1,0.7472,0.6497,True,0.4041,0.2833,True,True,"306,0,640,480",314,92,470,478
1786611044.4837563,15,0.7215,0.7693,True,0.4253,0.2459,True,False,,154,0,356,475
1786611044.4837563,1,0.608,0.6372,True,0.4328,0.2324,True,False,,0,6,203,475
1786611044.4837563,14,0.7513,0.7513,True,0.4298,0.2379,True,False,,317,118,470,474
1786611044.4837563,16,0.8444,0.8444,True,0.408,0.2764,True,False,,446,1,639,474
1786611044.764607,15,0.8308,0.7877,True,0.4079,0.2766,True,True,"349,0,640,480",445,0,640,478
1786611044.9488776,15,0.7026,0.7622,True,0.4177,0.2592,True,False,,153,0,351,474
1786611044.9488776,1,0.5986,0.5986,True,0.4379,0.2235,True,False,,0,0,208,475
1786611044.9488776,16,0.8271,0.8271,True,0.4331,0.2319,True,False,,435,1,639,472
1786611045.195649,15,0.8155,0.7782,True,0.4226,0.2506,True,True,"333,0,640,480",438,1,640,479
1786611045.195649,1,0.782,0.6536,True,0.3193,0.4337,False,True,"333,0,640,480",333,49,470,478
1786611045.4168475,15,0.7132,0.7587,True,0.4131,0.2674,True,False,,157,1,352,473
1786611045.4168475,1,0.6163,0.6424,True,0.4319,0.2341,True,False,,0,4,203,474
1786611045.4168475,16,0.8216,0.8216,True,0.4355,0.2277,True,False,,433,1,639,474
1786611045.6646671,15,0.83,0.7801,True,0.4361,0.2267,True,True,"330,0,640,480",432,2,640,479
1786611045.855558,15,0.6945,0.7544,True,0.3882,0.3116,False,False,,161,0,345,474
1786611045.855558,14,0.7629,0.7629,True,0.3859,0.3157,False,False,,309,106,451,474
1786611045.855558,1,0.5989,0.5989,True,0.4367,0.2256,True,False,,0,0,207,474
1786611045.855558,16,0.8425,0.8425,True,0.4555,0.1922,True,False,,424,1,639,473
1786611046.1485915,15,0.8318,0.7776,True,0.454,0.195,True,True,"316,0,640,480",420,1,637,479
1786611046.1485915,1,0.7722,0.6509,True,0.3074,0.4549,False,True,"316,0,640,480",318,1,464,476
1786611046.366545,15,0.6938,0.7525,True,0.3579,0.3653,False,False,,185,0,355,475
1786611046.366545,1,0.6271,0.6437,True,0.4277,0.2416,True,False,,0,2,201,472
1786611046.366545,16,0.833,0.833,True,0.538,0.046,True,False,,368,1,623,475
1786611046.6307895,15,0.8173,0.7719,True,0.4561,0.1912,True,True,"240,0,640,480",403,1,621,479
1786611046.6307895,1,0.703,0.6615,True,0.2914,0.4832,False,True,"240,0,640,480",240,0,379,477
1786611046.8352485,15,0.6922,0.748,True,0.3586,0.364,False,False,,201,0,371,474
1786611046.8352485,1,0.6304,0.6522,True,0.4241,0.248,True,False,,0,1,201,475
1786611046.8352485,16,0.8366,0.8366,True,0.462,0.1807,True,False,,401,1,620,475
1786611047.0843534,15,0.8246,0.771,True,0.4591,0.1858,True,True,"291,0,640,480",404,1,623,478
1786611047.0843534,1,0.7557,0.6832,True,0.2626,0.5343,False,True,"291,0,640,480",291,0,416,476
1786611047.2968369,15,0.7393,0.7615,True,0.4589,0.1861,True,False,,187,1,405,476
1786611047.2968369,1,0.6085,0.6608,True,0.4228,0.2502,True,False,,0,1,200,474
1786611047.2968369,16,0.8281,0.8281,True,0.4662,0.1732,True,False,,403,1,624,475
1786611047.5572066,15,0.8335,0.7831,True,0.4486,0.2044,True,True,"292,0,640,480",414,2,628,479
1786611047.5572066,1,0.7663,0.6925,True,0.2971,0.4732,False,True,"292,0,640,480",292,1,434,479
1786611047.7658565,15,0.7275,0.7664,True,0.4716,0.1637,True,False,,202,1,426,476
1786611047.7658565,1,0.6338,0.6748,True,0.4346,0.2293,True,False,,0,1,206,475
1786611047.7658565,16,0.8448,0.8448,True,0.4442,0.2123,True,False,,407,0,618,475
1786611048.0222085,1,0.7654,0.702,True,0.3132,0.4447,False,True,"301,0,640,480",301,0,451,479
1786611048.1925468,1,0.6206,0.6776,True,0.4376,0.2239,True,False,,0,1,207,474
1786611048.1925468,15,0.7122,0.7122,True,0.4853,0.1394,True,False,,221,0,452,476
1786611048.1925468,16,0.857,0.857,True,0.4274,0.2421,True,False,,419,0,622,475
1786611048.465665,1,0.7696,0.7052,True,0.3229,0.4275,False,True,"317,0,640,480",317,0,471,477
1786611048.6332002,1,0.628,0.682,True,0.4253,0.2459,True,False,,0,1,202,476
1786611048.6332002,15,0.7113,0.7113,True,0.5222,0.074,True,False,,214,1,461,474
1786611048.6332002,16,0.8347,0.8347,True,0.4084,0.2757,True,False,,424,0,618,475
1786611048.8806262,1,0.7734,0.7094,True,0.3179,0.4363,False,True,"327,0,640,480",327,0,478,475
1786611049.0649881,1,0.6218,0.6831,True,0.416,0.2624,True,False,,0,0,198,476
1786611049.0649881,15,0.6818,0.6818,True,0.5902,0.0467,True,False,,232,1,510,472
1786611049.0649881,16,0.8631,0.8631,True,0.3225,0.4281,False,False,,437,1,586,463
1786611049.3316119,1,0.6451,0.6717,True,0.4189,0.2571,True,False,,0,1,199,476
1786611049.3316119,15,0.6978,0.6866,True,0.6498,0.1523,True,False,,270,0,578,474
1786611049.57251,1,0.6262,0.6581,True,0.4156,0.263,True,False,,0,1,197,475
1786611049.57251,15,0.721,0.6969,True,0.654,0.1598,True,False,,299,0,609,474
1786611049.7992878,1,0.6175,0.6459,True,0.4158,0.2627,True,False,,0,2,195,471
1786611049.7992878,15,0.6779,0.6912,True,0.6327,0.122,True,False,,311,1,609,472
1786611050.028644,1,0.6157,0.6369,True,0.408,0.2764,True,False,,0,1,193,474
1786611050.028644,15,0.6439,0.677,True,0.6356,0.1271,True,False,,338,1,638,473
1786611050.2666328,1,0.6228,0.6326,True,0.4243,0.2476,True,False,,0,2,199,471
1786611050.2666328,15,0.7026,0.6847,True,0.4059,0.2802,True,False,,448,1,640,474
1786611050.5003946,1,0.6198,0.6288,True,0.4114,0.2705,True,False,,0,1,195,475
1786611050.5003946,15,0.7139,0.6934,True,0.4032,0.2849,True,False,,465,40,640,474
1786611050.7333553,1,0.6256,0.6278,True,0.4051,0.2817,True,False,,0,1,192,475
1786611050.7333553,15,0.5842,0.6607,True,0.4989,0.1154,True,False,,420,34,639,473
1786611050.7333553,23,0.8427,0.8427,True,0.4809,0.1471,True,False,,177,0,404,472
1786611050.9994104,1,0.7579,0.6668,True,0.2962,0.4747,False,True,"63,0,517,480",63,1,204,477
1786611050.9994104,23,0.8349,0.8404,True,0.4643,0.1767,True,True,"63,0,517,480",182,1,403,477
1786611050.9994104,14,0.6066,0.6066,True,0.261,0.5372,False,True,"63,0,517,480",403,44,516,477
1786611051.2454407,1,0.7774,0.7,True,0.277,0.5089,False,True,"71,0,513,480",71,1,202,474
1786611051.2454407,23,0.8217,0.8348,True,0.4665,0.1727,True,True,"71,0,513,480",182,0,405,478
1786611051.2454407,14,0.632,0.6142,True,0.2489,0.5587,False,True,"71,0,513,480",402,32,513,478
1786611051.4983141,1,0.7681,0.7205,True,0.2531,0.5511,False,True,"70,0,516,480",70,0,191,478
1786611051.4983141,23,0.8323,0.834,True,0.4665,0.1727,True,True,"70,0,516,480",194,1,417,479
1786611051.4983141,14,0.6359,0.6207,True,0.2867,0.4916,False,True,"70,0,516,480",388,36,515,479
1786611051.7462347,1,0.7709,0.7356,True,0.2395,0.5753,False,True,"82,0,528,480",82,0,196,476
1786611051.7462347,23,0.8004,0.824,True,0.4675,0.171,True,True,"82,0,528,480",206,1,429,478
1786611051.7462347,14,0.641,0.6268,True,0.343,0.3917,False,True,"82,0,528,480",374,33,527,479
1786611051.9894042,1,0.746,0.7387,True,0.195,0.6543,False,True,"94,0,540,480",94,0,187,477
1786611051.9894042,23,0.813,0.8207,True,0.4644,0.1764,True,True,"94,0,540,480",224,0,446,478
1786611051.9894042,14,0.6659,0.6386,True,0.2982,0.4712,False,True,"94,0,540,480",405,33,538,479
1786611052.2367475,1,0.7399,0.7391,True,0.1564,0.7226,False,True,"113,0,557,480",113,0,187,473
1786611052.2367475,23,0.8529,0.8303,True,0.5136,0.0892,True,True,"113,0,557,480",240,1,485,478
1786611052.2367475,14,0.7173,0.6622,True,0.2899,0.4859,False,True,"113,0,557,480",422,34,551,479
1786611052.4814153,1,0.7273,0.7355,True,0.1495,0.735,False,True,"117,0,607,480",117,3,185,458
1786611052.4814153,23,0.8591,0.839,True,0.5751,0.0198,True,True,"117,0,607,480",233,0,505,473
1786611052.4814153,14,0.7972,0.7027,True,0.2841,0.4962,False,True,"117,0,607,480",425,34,550,474
1786611052.7158186,1,0.7894,0.7517,True,0.208,0.6312,False,True,"97,0,640,480",97,1,191,453
1786611052.7158186,23,0.8627,0.8461,True,0.6632,0.176,True,True,"97,0,640,480",229,0,544,475
1786611052.9332292,1,0.7485,0.7507,True,0.2215,0.6072,False,True,"71,0,640,480",71,0,174,465
1786611052.9332292,23,0.8673,0.8524,True,0.6321,0.121,True,True,"71,0,640,480",255,0,554,473
1786611053.1481247,23,0.8458,0.8504,True,0.6568,0.1648,True,True,"105,0,640,480",313,0,625,475
1786611053.3296523,23,0.8638,0.8545,True,0.6017,0.067,True,True,"157,0,640,480",356,0,640,472
1786611053.5152752,23,0.8879,0.8645,True,0.4693,0.1677,True,True,"214,0,640,480",418,0,640,473
1786611053.7000256,1,0.8336,0.8336,True,0.4257,0.2451,True,True,"307,0,640,480",322,27,514,478
1786611053.8812351,1,0.7189,0.7992,True,0.5956,0.0561,True,True,"226,0,610,480",241,29,509,479
1786611053.8812351,23,0.8363,0.8363,True,0.3676,0.348,False,True,"226,0,610,480",435,1,610,477
1786611054.0878441,1,0.8189,0.8051,True,0.4545,0.1939,True,True,"107,0,640,480",111,8,321,470
1786611054.0878441,23,0.6997,0.7953,True,0.4609,0.1827,True,True,"107,0,640,480",268,17,480,477
1786611054.0878441,16,0.7802,0.7802,True,0.4349,0.2288,True,True,"107,0,640,480",432,0,639,476
1786611054.3897924,1,0.6407,0.7558,True,0.4,0.2907,True,True,"6,0,426,480",7,2,197,477
1786611054.3897924,14,0.6664,0.6664,True,0.4201,0.255,True,True,"6,0,426,480",233,22,425,479
1786611054.733427,1,0.6502,0.7241,True,0.3946,0.3003,False,True,"0,0,292,480",0,0,189,479
1786611055.0327065,1,0.6584,0.7044,True,0.4382,0.223,True,True,"0,0,283,480",0,1,209,478
1786611055.1996694,1,0.6649,0.6925,True,0.4226,0.2506,True,True,"0,0,313,480",0,0,202,478
1786611055.3796787,1,0.6626,0.6836,True,0.4008,0.2892,True,True,"0,0,303,480",0,0,192,479
1786611055.564487,1,0.6621,0.6771,True,0.4055,0.2809,True,False,,0,2,191,473
1786611055.564487,14,0.7266,0.7266,True,0.4469,0.2076,True,False,,235,13,441,474
1786611055.8112311,1,0.6513,0.6694,True,0.4004,0.2899,True,False,,0,2,189,474
1786611055.8112311,14,0.718,0.724,True,0.4555,0.1922,True,False,,235,13,445,474
1786611056.0286798,1,0.652,0.6642,True,0.3941,0.3012,False,False,,0,1,186,473
1786611056.0286798,14,0.6982,0.7163,True,0.4772,0.1537,True,False,,235,13,455,474
1786611056.260697,1,0.6485,0.6595,True,0.3936,0.302,False,False,,0,2,185,472
1786611056.260697,14,0.6964,0.7103,True,0.4827,0.144,True,False,,235,13,458,475
1786611056.4810085,1,0.6416,0.6541,True,0.3983,0.2937,True,False,,0,1,188,473
1786611056.4810085,14,0.6912,0.7046,True,0.4783,0.1519,True,False,,235,15,455,475
1786611056.6992295,1,0.6531,0.6538,True,0.4597,0.1847,True,False,,0,1,217,473
1786611056.6992295,14,0.7073,0.7054,True,0.4805,0.1479,True,False,,236,11,458,473
1786611056.9127567,1,0.63,0.6466,True,0.5,0.1133,True,False,,0,1,236,473
1786611056.9127567,14,0.6986,0.7034,True,0.4826,0.1442,True,False,,237,14,459,474
1786611057.1328146,1,0.628,0.6411,True,0.4936,0.1246,True,False,,0,1,233,473
1786611057.1328146,14,0.6912,0.6997,True,0.4826,0.1442,True,False,,237,14,459,474
1786611057.464429,1,0.6256,0.6364,True,0.4768,0.1545,True,False,,0,1,226,475
1786611057.464429,14,0.6928,0.6976,True,0.462,0.1807,True,False,,239,14,452,475
1786611057.6814077,1,0.6383,0.637,True,0.4863,0.1377,True,False,,0,1,230,474
1786611057.6814077,14,0.6944,0.6967,True,0.4664,0.173,True,False,,239,14,454,475
1786611057.9163954,1,0.6238,0.633,True,0.4852,0.1395,True,False,,0,0,230,474
1786611057.9163954,14,0.7003,0.6978,True,0.4587,0.1866,True,False,,239,14,450,474
1786611058.1326292,1,0.6236,0.6302,True,0.481,0.147,True,False,,0,0,228,474
1786611058.1326292,14,0.6864,0.6943,True,0.4577,0.1883,True,False,,240,14,451,475
1786611058.349976,1,0.622,0.6277,True,0.4873,0.1358,True,False,,0,1,231,475
1786611058.349976,14,0.6878,0.6924,True,0.4751,0.1576,True,False,,239,14,458,475
1786611058.5983748,1,0.6252,0.627,True,0.4926,0.1264,True,False,,0,1,234,476
1786611058.5983748,14,0.7217,0.7012,True,0.4338,0.2307,True,False,,239,13,439,474
1786611058.8224425,1,0.6231,0.6258,True,0.5042,0.1059,True,False,,0,1,239,475
1786611058.8224425,14,0.712,0.7044,True,0.4109,0.2714,True,False,,238,13,427,473
1786611059.0488157,1,0.6404,0.6302,True,0.5,0.1133,True,False,,0,1,237,475
1786611059.0488157,14,0.6879,0.6995,True,0.3918,0.3053,False,False,,240,13,421,475
1786611059.0488157,24,0.8379,0.8379,True,0.5654,0.0026,True,False,,371,1,639,475
1786611059.449655,1,0.6967,0.6501,True,0.4786,0.1512,True,True,"237,0,640,480",239,10,463,478
1786611059.449655,14,0.811,0.7329,True,0.3941,0.3011,False,True,"237,0,640,480",451,0,639,477
1786611059.6781259,1,0.6197,0.641,True,0.4789,0.1507,True,False,,0,1,227,475
1786611059.6781259,16,0.6888,0.6888,True,0.4394,0.2208,True,False,,240,12,443,474
1786611059.6781259,24,0.8249,0.8249,True,0.3588,0.3637,False,False,,470,2,639,473
1786611059.9494288,1,0.6198,0.6346,True,0.4821,0.1451,True,False,,0,1,229,476
1786611059.9494288,16,0.7061,0.694,True,0.4341,0.2302,True,False,,239,12,440,475
1786611059.9494288,24,0.8385,0.829,True,0.4557,0.1919,True,False,,423,1,639,475
1786611060.2926025,1,0.724,0.6614,True,0.2655,0.5291,False,True,"315,0,640,480",315,9,439,476
1786611060.2926025,14,0.8506,0.8506,True,0.4656,0.1744,True,True,"315,0,640,480",417,0,640,479
1786611060.5408201,1,0.6821,0.6677,True,0.2608,0.5376,False,True,"305,0,640,480",305,10,426,474
1786611060.5408201,14,0.863,0.8543,True,0.4593,0.1855,True,True,"305,0,640,480",417,0,637,479
1786611060.8224494,1,0.6851,0.6729,True,0.2953,0.4764,False,True,"307,0,640,480",307,11,444,475
1786611060.8224494,14,0.8323,0.8477,True,0.4739,0.1596,True,True,"307,0,640,480",406,0,633,479
1786611061.1171348,1,0.708,0.6834,True,0.2921,0.482,False,True,"292,0,640,480",292,10,429,479
1786611061.1171348,14,0.8587,0.851,True,0.405,0.2818,True,True,"292,0,640,480",423,0,617,479
1786611061.4588997,1,0.6799,0.6824,True,0.2505,0.5557,False,True,"326,0,640,480",326,10,443,477
1786611061.4588997,14,0.8174,0.8409,True,0.405,0.2818,True,True,"326,0,640,480",429,0,623,479
1786611061.8168914,1,0.6968,0.6867,True,0.2232,0.6042,False,True,"332,0,640,480",332,14,434,471
1786611061.8168914,14,0.8447,0.8421,True,0.4247,0.2469,True,True,"332,0,640,480",423,1,626,479
1786611061.8168914,16,0.6901,0.6901,True,0.1906,0.662,False,True,"332,0,640,480",555,32,640,478
1786611062.1311245,1,0.7116,0.6942,True,0.2435,0.5681,False,True,"321,0,640,480",321,12,434,476
1786611062.1311245,14,0.8472,0.8436,True,0.4372,0.2246,True,True,"321,0,640,480",423,1,632,479
1786611062.458026,1,0.6736,0.688,True,0.2876,0.4901,False,True,"318,0,640,480",318,11,452,477
1786611062.458026,14,0.8519,0.8461,True,0.4205,0.2543,True,True,"318,0,640,480",437,0,638,478
1786611062.7201128,1,0.7146,0.696,True,0.2232,0.6042,False,True,"336,0,640,480",336,10,440,476
1786611062.7201128,14,0.8552,0.8488,True,0.4088,0.2751,True,True,"336,0,640,480",445,1,640,478
1786611062.9993627,1,0.6624,0.6859,True,0.1848,0.6723,False,True,"347,0,640,480",348,11,433,471
1786611062.9993627,14,0.8873,0.8604,True,0.3627,0.3568,False,True,"347,0,640,480",467,1,640,478
1786611063.2681699,1,0.6812,0.6845,True,0.1283,0.7726,False,True,"380,0,640,480",380,15,439,475
1786611063.2681699,14,0.8919,0.8698,True,0.3564,0.368,False,True,"380,0,640,480",470,0,640,477
1786611063.5500872,1,0.6647,0.6786,True,0.1206,0.7861,False,True,"385,0,640,480",385,18,440,474
1786611063.5500872,14,0.8754,0.8715,True,0.3537,0.3728,False,True,"385,0,640,480",471,1,639,476
1786611063.5500872,25,0.7227,0.7227,True,0.2779,0.5072,False,True,"385,0,640,480",418,16,545,473
1786611063.8501227,1,0.6708,0.6762,True,0.1143,0.7973,False,True,"387,0,640,480",387,20,439,475
1786611063.8501227,14,0.8726,0.8718,True,0.3277,0.4188,False,True,"387,0,640,480",482,1,638,477
1786611063.8501227,25,0.7133,0.7199,True,0.2755,0.5115,False,True,"387,0,640,480",404,17,531,478
1786611064.4079332,14,0.7963,0.8492,True,0.3284,0.4176,False,True,"404,0,640,480",484,0,640,475
1786611064.4079332,25,0.6862,0.7098,True,0.3253,0.4232,False,True,"404,0,640,480",404,21,552,476
1786611064.6308472,14,0.6493,0.7892,True,0.462,0.1807,True,False,,7,2,226,476
1786611064.6308472,25,0.5899,0.6738,True,0.3827,0.3213,False,False,,0,150,124,474
1786611064.6308472,24,0.8189,0.8189,True,0.3814,0.3237,False,False,,459,1,639,473
1786611064.8851817,14,0.618,0.7379,True,0.4475,0.2065,True,False,,0,1,213,477
1786611064.8851817,25,0.5456,0.6354,True,0.4388,0.2218,True,False,,0,196,122,474
1786611064.8851817,24,0.8206,0.8194,True,0.3488,0.3814,False,False,,474,1,639,474
1786611065.1487944,14,0.6552,0.713,True,0.4526,0.1973,True,False,,0,1,215,476
1786611065.1487944,25,0.5087,0.5974,True,0.5556,0.0148,True,False,,0,259,120,475
1786611065.1487944,24,0.8536,0.8297,True,0.2983,0.471,False,False,,497,1,639,477
1786611065.398746,14,0.6361,0.6899,True,0.4412,0.2176,True,False,,0,1,210,477
1786611065.398746,25,0.4735,0.5602,True,0.5874,0.0416,True,False,,0,269,121,475
1786611065.398746,24,0.8478,0.8351,True,0.2932,0.48,False,False,,500,1,639,475
1786611065.398746,26,0.6841,0.6841,True,0.6247,0.1079,True,False,,227,5,520,474
1786611065.886283,14,0.6405,0.6751,True,0.448,0.2056,True,False,,0,2,211,473
1786611065.886283,25,0.4498,0.5271,True,0.598,0.0605,True,False,,0,271,122,475
1786611065.886283,24,0.7324,0.8043,True,0.5769,0.0231,True,False,,369,4,639,472
1786611065.886283,26,0.713,0.6928,True,0.4805,0.1479,True,False,,294,11,516,473
1786611066.407872,14,0.725,0.6901,True,0.4623,0.1801,True,True,"234,0,640,480",267,0,488,478
1786611066.5999093,14,0.619,0.6688,True,0.4513,0.1997,True,False,,1,1,214,473
1786611066.5999093,24,0.8842,0.8842,True,0.5339,0.0532,True,False,,386,1,638,473
1786611066.5999093,26,0.7162,0.7162,True,0.5319,0.0567,True,False,,248,2,498,472
1786611066.8620555,14,0.71,0.6811,True,0.4842,0.1413,True,True,"260,0,640,480",272,3,502,478
1786611066.8620555,26,0.8714,0.7628,True,0.5042,0.1059,True,True,"260,0,640,480",400,1,640,477
1786611067.2143414,14,0.6313,0.6662,True,0.4545,0.1939,True,False,,0,1,215,474
1786611067.2143414,24,0.8765,0.8765,True,0.6034,0.07,True,False,,353,1,639,475
1786611067.4487548,26,0.8369,0.8369,True,0.7035,0.2476,True,True,"210,0,640,480",296,0,633,479
1786611067.7154436,26,0.857,0.8429,True,0.6339,0.1241,True,True,"127,0,640,480",237,0,540,478
1786611067.7154436,14,0.757,0.757,True,0.2324,0.5879,False,True,"127,0,640,480",127,0,236,469
1786611067.9999514,26,0.8553,0.8466,True,0.5756,0.0208,True,True,"85,0,640,480",206,0,480,476
1786611067.9999514,14,0.7763,0.7628,True,0.2633,0.5331,False,True,"85,0,640,480",85,1,209,472
1786611068.268305,26,0.8493,0.8474,True,0.5849,0.0372,True,True,"69,0,617,480",189,0,468,477
1786611068.268305,14,0.7723,0.7656,True,0.2845,0.4955,False,True,"69,0,617,480",69,1,203,472
1786611068.628688,26,0.7877,0.8295,True,0.5639,0.0001,True,True,"49,0,607,480",193,0,462,477
1786611068.628688,14,0.7102,0.749,True,0.3199,0.4327,False,True,"49,0,607,480",49,0,200,472
1786611068.9037843,26,0.8165,0.8256,True,0.5962,0.0573,True,True,"58,0,596,480",190,1,472,474
1786611068.9037843,14,0.7052,0.7359,True,0.3015,0.4654,False,True,"58,0,596,480",58,0,200,471
1786611069.1808674,26,0.7688,0.8086,True,0.6715,0.1909,True,True,"49,0,613,480",205,0,526,478
1786611069.1808674,14,0.7018,0.7256,True,0.3185,0.4352,False,True,"49,0,613,480",49,0,199,471
1786611069.4428408,26,0.8283,0.8145,True,0.6891,0.222,True,True,"44,0,640,480",229,0,557,476
1786611069.4428408,14,0.6958,0.7167,True,0.3362,0.4039,False,True,"44,0,640,480",44,0,202,470
1786611069.7069688,26,0.8389,0.8218,True,0.7385,0.3096,False,True,"65,0,640,480",241,0,594,478
1786611069.7069688,14,0.724,0.7189,True,0.2854,0.4939,False,True,"65,0,640,480",65,0,200,473
1786611069.981948,26,0.8468,0.8293,True,0.7275,0.29,True,True,"64,0,640,480",240,0,587,477
1786611069.981948,14,0.7271,0.7214,True,0.2912,0.4836,False,True,"64,0,640,480",64,1,200,468
1786611070.3063889,26,0.8346,0.8309,True,0.7406,0.3133,False,True,"66,0,640,480",242,0,596,478
1786611070.3063889,14,0.7501,0.73,True,0.2994,0.4691,False,True,"66,0,640,480",66,1,207,472
1786611070.633641,26,0.8481,0.8361,True,0.7474,0.3254,False,True,"65,0,640,480",241,0,599,479
1786611070.633641,14,0.744,0.7342,True,0.2925,0.4813,False,True,"65,0,640,480",65,1,201,466
1786611070.8532517,26,0.8438,0.8384,True,0.7531,0.3356,False,True,"62,0,640,480",242,0,602,478
1786611070.8532517,14,0.739,0.7356,True,0.2927,0.4809,False,True,"62,0,640,480",62,2,199,470
1786611071.0605073,26,0.8557,0.8436,True,0.7244,0.2846,True,True,"62,0,640,480",237,0,584,479
1786611071.0605073,14,0.746,0.7388,True,0.2915,0.4831,False,True,"62,0,640,480",62,2,199,472
1786611071.2838504,26,0.8446,0.8439,True,0.7971,0.4135,False,True,"63,0,640,480",243,0,624,478
1786611071.2838504,14,0.7304,0.7362,True,0.2903,0.4853,False,True,"63,0,640,480",63,1,200,473
1786611071.499145,26,0.8161,0.8356,True,0.8165,0.4478,False,True,"52,0,640,480",248,1,635,475
1786611071.499145,14,0.6949,0.7238,True,0.3114,0.4477,False,True,"52,0,640,480",52,1,199,473
1786611071.499145,24,0.8118,0.8118,True,0.7681,0.3621,False,True,"52,0,640,480",276,4,637,474
1786611071.7328987,14,0.6877,0.713,True,0.3165,0.4388,False,True,"54,0,640,480",54,2,204,476
1786611071.7328987,24,0.7966,0.8072,True,0.5127,0.0908,True,True,"54,0,640,480",304,2,546,474
1786611071.9480677,1000,0.8187,0.8187,True,0.5523,0.0206,True,True,"183,0,640,480",242,1,506,479
1786611071.9480677,1001,0.6994,0.6994,True,0.1715,0.6959,False,True,"183,0,640,480",183,108,242,452
1786611072.1815834,14,0.7634,0.7634,True,0.2155,0.6178,False,True,"110,0,638,480",110,1,210,465
1786611072.1815834,24,0.8151,0.8151,True,0.5409,0.0408,True,True,"110,0,638,480",237,0,495,477
1786611072.397961,14,0.7692,0.7651,True,0.2035,0.6392,False,True,"108,0,624,480",108,2,202,464
1786611072.397961,24,0.7897,0.8075,True,0.6102,0.082,True,True,"108,0,624,480",245,1,533,473
1786611072.6492734,14,0.7781,0.769,True,0.2132,0.6219,False,True,"101,0,640,480",101,0,201,469
1786611072.6492734,26,0.8194,0.8194,True,0.6008,0.0655,True,True,"101,0,640,480",326,0,612,476
1786611072.8682148,24,0.8092,0.8092,True,0.6101,0.0818,True,True,"183,0,640,480",325,0,616,477
1786611073.0302157,24,0.8117,0.8099,True,0.6367,0.1292,True,True,"179,0,640,480",312,0,617,479
1786611073.2169185,24,0.8334,0.8169,True,0.7736,0.3718,False,True,"159,0,640,480",248,0,617,477
1786611073.2169185,14,0.74,0.74,True,0.2234,0.6038,False,True,"159,0,640,480",159,96,243,472
1786611073.4317894,14,0.7208,0.7342,True,0.2907,0.4845,False,True,"63,0,640,480",63,14,197,475
1786611073.4317894,26,0.8916,0.8916,True,0.6695,0.1872,True,True,"63,0,640,480",321,0,639,475
1786611073.6505454,24,0.8724,0.8724,True,0.6925,0.228,True,True,"162,0,640,480",306,0,637,478
1786611073.8136282,24,0.8307,0.8599,True,0.7887,0.3986,False,True,"140,0,640,480",257,0,634,478
1786611073.8136282,14,0.7668,0.7668,True,0.2396,0.5752,False,True,"140,0,640,480",140,1,249,456
1786611074.031369,24,0.8203,0.848,True,0.7887,0.3986,False,True,"68,0,640,480",241,0,618,478
1786611074.031369,14,0.7625,0.7655,True,0.2733,0.5153,False,True,"68,0,640,480",68,0,197,472
1786611074.2489772,24,0.8268,0.8416,True,0.6702,0.1885,True,True,"52,0,640,480",216,1,533,474
1786611074.2489772,14,0.7136,0.7499,True,0.3057,0.4578,False,True,"52,0,640,480",52,1,196,472
1786611074.4706926,24,0.8176,0.8344,True,0.7252,0.2859,True,True,"57,0,640,480",121,0,464,473
1786611074.4706926,14,0.737,0.746,True,0.31,0.4503,False,True,"57,0,640,480",57,1,203,472
1786611074.682257,24,0.7889,0.8208,True,0.7495,0.3291,False,True,"0,0,635,480",12,0,368,475
1786611074.682257,14,0.6939,0.7304,True,0.4191,0.2567,True,True,"0,0,635,480",0,1,184,440
1786611074.919792,24,0.7559,0.8013,True,0.6076,0.0775,True,True,"0,0,546,480",0,0,288,474
1786611075.0983977,1000,0.7878,0.7878,True,0.5972,0.0591,True,True,"0,0,432,480",216,118,431,478
1786611075.2692237,24,0.7914,0.7914,True,0.4757,0.1564,True,False,,0,2,225,475
1786611075.5000222,24,0.7463,0.7779,True,0.4435,0.2135,True,False,,0,6,208,475
