timestamp,frame_idx,mode,reacquisition_method,lock_event,registered_person,track_id,is_waving,is_facing_camera,trigger,direction_changes,amplitude_norm,detect_ms,verify_ms,lock_ms,pose_ms,gesture_ms,overlay_ms,total_ms,fps
1787064276.0175116,1,any_person,position,reacquired,True,1,False,True,False,0,0.0,270.56,0.0,0.0,446.04,0.0,22.01,739.13,0.76
1787064276.1009462,2,any_person,position,held,True,1,False,True,False,0,0.0,53.41,0.0,0.0,24.65,0.0,1.36,80.44,0.76
1787064276.1730633,3,any_person,position,held,True,1,False,True,False,0,0.0,44.54,0.0,0.0,23.54,0.0,0.0,69.12,0.76
1787064276.2433627,4,any_person,position,held,True,1,False,True,False,0,0.0,44.02,0.0,0.0,22.96,0.0,1.0,67.98,0.76
1787064276.3148744,5,any_person,position,held,True,1,False,True,False,0,0.0,43.28,0.0,0.0,21.81,1.42,0.0,67.51,0.76
1787064276.382406,6,any_person,position,held,True,1,False,True,False,0,0.0,42.51,0.0,0.0,20.59,0.0,1.01,64.11,0.76
1787064276.4501798,7,any_person,position,held,True,1,False,True,False,0,0.0,42.78,0.0,0.0,21.0,0.0,1.0,64.78,0.76
1787064276.5269487,8,any_person,position,held,True,1,False,True,False,0,0.0,42.26,0.0,0.0,20.51,0.0,1.0,63.77,0.76
1787064276.6118283,9,any_person,position,held,True,1,False,True,False,0,0.0,44.43,0.0,0.0,25.44,0.0,0.0,70.88,0.76
1787064276.6932924,10,any_person,position,held,True,1,False,True,False,0,0.0,49.52,0.0,0.0,24.9,0.0,1.0,75.42,0.76
1787064276.7785416,11,any_person,position,held,True,1,False,True,False,0,0.0,43.08,0.0,0.0,23.16,0.0,1.01,67.25,0.76
1787064276.851871,12,any_person,position,held,True,1,False,True,False,0,0.0,45.52,0.0,0.0,22.8,0.0,1.01,69.33,0.76
1787064276.9346967,13,any_person,position,held,True,1,False,True,False,0,0.0,44.0,0.0,0.0,21.83,0.0,1.0,66.83,0.76
1787064277.0107415,14,any_person,position,held,True,1,False,True,False,0,0.0,42.09,0.0,0.0,20.94,0.0,1.01,64.05,0.76
1787064277.0943034,15,any_person,position,held,True,1,False,True,False,0,0.0,43.42,0.0,0.0,25.12,0.0,1.0,69.55,13.0
1787064277.1716557,16,any_person,position,held,True,1,False,True,False,0,0.0,44.52,0.0,0.0,23.03,0.0,1.3,69.35,13.0
1787064277.2486408,17,any_person,position,held,True,1,False,True,False,0,0.0,46.04,0.0,0.0,21.95,0.0,0.0,68.99,13.0
1787064277.3269992,18,any_person,position,held,True,1,False,True,False,0,0.0,44.81,0.0,0.0,24.55,0.0,1.0,70.36,13.0
1787064277.3965166,19,any_person,position,held,True,1,False,True,False,0,0.0,44.01,0.0,0.0,20.51,0.0,1.0,66.52,13.0
1787064277.4761715,20,any_person,position,held,True,1,False,True,False,0,0.0,43.51,0.0,0.0,21.0,0.0,0.0,65.51,13.0
1787064277.5521998,21,any_person,position,held,True,1,False,True,False,0,0.0,41.02,0.0,0.0,21.0,0.0,0.0,63.02,13.0
1787064277.6334605,22,any_person,position,held,True,1,False,True,False,0,0.0,40.75,0.0,0.0,24.51,0.0,0.0,66.26,13.0
1787064277.701022,23,any_person,position,held,True,1,False,True,False,0,0.0,42.56,0.0,0.0,21.0,0.0,1.0,64.56,13.0
1787064277.776168,24,any_person,position,held,True,1,False,True,False,0,0.0,45.07,0.0,0.0,23.08,0.0,1.0,69.15,13.0
1787064277.8593745,25,any_person,position,held,True,1,False,True,False,0,0.0,49.53,0.0,0.0,23.68,0.0,1.0,74.21,13.0
1787064277.9321756,26,any_person,position,held,True,1,False,True,False,0,0.0,46.0,0.0,0.0,21.8,0.0,0.0,68.8,13.0
1787064278.007526,27,any_person,position,held,True,1,False,True,False,0,0.0,48.0,0.0,0.0,23.35,0.0,1.0,72.35,13.0
1787064278.0843794,28,any_person,position,held,True,1,False,True,False,0,0.0,41.51,0.0,0.0,22.31,0.0,1.0,64.83,13.0
1787064278.1618035,29,any_person,position,held,True,1,False,True,False,0,0.0,43.52,0.0,0.0,19.4,0.0,1.5,64.42,13.11
1787064278.234056,30,any_person,position,held,True,1,False,True,False,0,0.0,45.58,0.0,0.0,21.63,0.0,1.0,68.21,13.11
1787064278.3172803,31,any_person,position,held,True,1,False,True,False,0,0.0,55.52,0.0,0.0,22.7,0.0,1.0,79.23,13.11
1787064278.4183633,32,any_person,position,held,True,1,False,True,False,0,0.0,65.09,0.0,0.0,21.29,0.0,1.0,87.37,13.11
1787064278.4963048,33,any_person,position,held,True,1,False,True,False,0,0.0,50.52,0.0,0.0,20.42,0.0,1.0,71.94,13.11
1787064278.5623267,34,any_person,position,held,True,1,False,True,False,0,0.0,42.51,0.0,0.0,19.0,1.0,0.0,62.51,13.11
1787064278.631445,35,any_person,position,held,True,1,False,True,False,0,0.0,43.3,0.0,0.0,20.82,0.0,1.01,65.12,13.11
1787064278.7076445,36,any_person,position,held,True,1,False,True,False,0,0.0,41.0,0.0,0.0,21.2,0.0,0.0,63.2,13.11
1787064278.7841587,37,any_person,position,held,True,1,False,True,False,0,0.0,41.51,0.0,0.0,19.0,0.0,1.0,61.51,13.11
1787064278.8690758,38,any_person,position,held,True,1,False,True,False,0,0.0,46.04,0.0,0.0,21.37,0.0,0.0,68.41,13.11
1787064278.9494336,39,any_person,position,held,True,1,False,True,False,0,0.0,45.01,0.0,0.0,24.35,0.0,1.0,70.36,13.11
1787064279.0307019,40,any_person,position,held,True,1,False,True,False,0,0.0,52.04,0.0,0.0,23.01,0.0,0.0,76.2,13.11
1787064279.1167939,41,any_person,position,held,True,1,False,True,False,0,0.0,45.0,0.0,0.0,23.0,0.0,1.0,69.0,13.11
1787064279.1985385,42,any_person,position,held,True,1,False,True,False,0,0.0,48.51,0.0,0.0,21.73,0.0,0.0,71.24,12.54
1787064279.2763379,43,any_person,position,held,True,1,False,True,False,0,0.0,48.55,0.0,0.0,20.86,0.0,1.0,70.41,12.54
1787064279.3431885,44,any_person,position,held,True,1,False,True,False,0,0.0,43.64,0.0,0.0,18.21,0.0,1.0,62.85,12.54
1787064279.4123998,45,any_person,position,held,True,1,False,True,False,0,0.0,42.93,0.0,0.0,21.28,0.0,1.0,65.21,12.54
1787064279.494084,46,any_person,position,held,True,1,False,True,False,0,0.0,46.52,0.0,0.0,22.17,0.0,1.0,69.69,12.54
1787064279.572452,47,any_person,position,held,True,1,False,True,False,0,0.0031,47.17,0.0,0.0,21.95,1.01,0.0,70.12,12.54
1787064279.6447306,48,any_person,position,held,True,1,False,True,False,1,0.0091,43.76,0.0,0.0,20.51,0.0,1.0,65.27,12.54
1787064279.7107303,49,any_person,position,held,True,1,False,True,False,2,0.0091,41.0,0.0,0.0,20.0,0.0,0.0,62.0,12.54
1787064279.7782521,50,any_person,position,held,True,1,False,True,False,3,0.0195,42.51,0.0,0.0,21.0,0.0,1.0,64.51,12.54
1787064279.8498223,51,any_person,position,held,True,1,False,True,False,3,0.0255,44.05,0.0,0.0,21.52,0.0,1.0,66.57,12.54
1787064279.9289508,52,any_person,position,held,True,1,False,True,False,3,0.0255,44.0,0.0,0.0,22.06,0.0,1.0,67.07,12.54
1787064280.0078306,53,any_person,position,held,True,1,False,True,False,4,0.0255,45.12,0.0,0.0,21.76,0.0,1.0,67.88,12.54
1787064280.0857015,54,any_person,position,held,True,1,False,True,False,4,0.0255,44.02,0.0,0.0,22.83,0.0,1.0,67.85,12.54
1787064280.1662037,55,any_person,position,held,True,1,False,True,False,5,0.0255,46.52,0.0,0.0,21.98,0.0,1.0,69.5,12.54
1787064280.2454088,56,any_person,position,held,True,1,False,True,False,6,0.0255,46.53,0.0,0.0,21.67,0.0,1.0,69.21,13.37
1787064280.3266377,57,any_person,position,held,True,1,False,True,False,6,0.0255,50.68,0.0,0.0,21.75,0.0,0.0,73.43,13.37
1787064280.4112923,58,any_person,position,held,True,1,False,True,False,6,0.0255,45.58,0.0,0.0,20.76,0.0,1.01,67.35,13.37
1787064280.4778101,59,any_person,position,held,True,1,False,True,False,6,0.0421,42.51,0.0,0.0,19.0,0.0,1.0,62.51,13.37
1787064280.5579188,60,any_person,position,held,True,1,False,True,False,6,0.0421,48.04,0.0,0.0,22.07,0.0,1.01,73.11,13.37
1787064280.6258812,61,any_person,position,held,True,1,False,True,False,6,0.0421,43.44,0.0,0.0,19.55,0.0,1.47,64.96,13.37
1787064280.7103806,62,any_person,position,held,True,1,False,True,False,6,0.0421,46.0,0.0,0.0,22.49,0.0,1.0,69.49,13.37
1787064280.781253,63,any_person,position,held,True,1,False,True,False,6,0.0421,42.86,0.0,0.0,19.0,0.0,1.0,62.86,13.37
1787064280.851091,64,any_person,position,held,True,1,False,True,False,6,0.0421,45.85,0.0,0.0,19.98,0.0,1.01,66.84,13.37
1787064280.925605,65,any_person,position,held,True,1,False,True,False,6,0.0421,44.01,0.0,0.0,21.0,0.0,0.0,66.51,13.37
1787064280.9937768,66,any_person,position,held,True,1,False,True,False,6,0.0421,42.43,0.0,0.0,22.22,0.0,1.0,65.66,13.37
1787064281.0673459,67,any_person,position,held,True,1,False,True,False,6,0.0421,46.29,0.0,0.0,20.59,0.0,1.0,67.88,13.37
1787064281.1431978,68,any_person,position,held,True,1,False,True,False,6,0.0421,43.37,0.0,0.0,21.21,0.0,1.27,66.85,13.37
1787064281.2201967,69,any_person,position,held,True,1,False,True,False,6,0.0421,45.24,0.0,0.0,20.5,0.0,0.0,66.99,13.37
1787064281.3004487,70,any_person,position,held,True,1,False,True,False,6,0.0421,48.52,0.0,0.0,20.62,0.0,1.0,70.14,13.27
1787064281.3811336,71,any_person,position,held,True,1,False,True,False,6,0.0421,48.81,0.0,0.0,21.36,0.0,1.0,71.17,13.27
1787064281.4560401,72,any_person,position,held,True,1,False,True,False,6,0.0421,46.38,0.0,0.0,22.53,0.0,1.0,69.91,13.27
1787064281.524571,73,any_person,position,held,True,1,False,True,False,6,0.0421,44.53,0.0,0.0,20.0,0.0,1.0,65.53,13.27
1787064281.6051216,74,any_person,position,held,True,1,False,True,False,6,0.0421,41.0,0.0,0.0,21.25,0.0,0.79,63.04,13.27
1787064281.6883454,75,any_person,position,held,True,1,False,True,False,6,0.0421,46.52,0.0,0.0,21.18,0.0,1.0,68.7,13.27
1787064281.7667987,76,any_person,position,held,True,1,False,True,False,6,0.0421,46.87,0.0,0.0,22.57,0.0,1.01,70.45,13.27
1787064281.8397658,77,any_person,position,held,True,1,False,True,False,6,0.0421,46.62,0.0,0.0,21.76,0.0,1.59,69.97,13.27
1787064281.9072852,78,any_person,position,held,True,1,False,True,False,6,0.0421,44.51,0.0,0.0,19.0,0.0,1.0,64.52,13.27
1787064281.9778032,79,any_person,position,held,True,1,False,True,False,6,0.0421,44.52,0.0,0.0,20.0,0.0,1.0,65.52,13.27
1787064282.0621896,80,any_person,position,held,True,1,False,True,False,6,0.0421,47.21,0.0,0.0,23.18,0.0,1.0,71.39,13.27
1787064282.1354535,81,any_person,position,held,True,1,False,True,False,6,0.0421,47.26,0.0,0.0,20.99,0.0,1.01,69.26,13.27
1787064282.209094,82,any_person,position,held,True,1,False,True,False,6,0.0421,44.62,0.0,0.0,21.01,0.0,1.02,66.65,13.27
1787064282.2803495,83,any_person,position,held,True,1,False,True,False,6,0.0421,44.66,0.0,0.0,21.64,0.0,0.0,67.3,13.27
1787064282.369157,84,any_person,position,held,True,1,False,True,False,6,0.0421,48.74,0.0,0.0,22.07,0.0,1.0,71.81,13.1
1787064282.4453514,85,any_person,position,held,True,1,False,True,False,6,0.0421,48.49,0.0,0.0,22.7,0.0,1.01,72.2,13.1
1787064282.522319,86,any_person,position,held,True,1,False,True,False,6,0.0421,47.01,0.0,0.0,21.37,0.0,1.0,69.38,13.1
1787064282.5978158,87,any_person,position,held,True,1,False,True,False,6,0.0421,45.01,0.0,0.0,20.68,0.0,0.0,66.69,13.1
1787064282.6763475,88,any_person,position,held,True,1,False,True,False,6,0.0421,43.02,0.0,0.0,23.51,0.0,1.0,67.53,13.1
1787064282.7541325,89,any_person,position,held,True,1,False,True,False,6,0.0421,46.46,0.0,0.0,20.33,0.0,1.0,67.79,13.1
1787064282.828931,90,any_person,position,held,True,1,False,True,False,6,0.0421,41.99,0.0,0.0,21.79,0.0,1.01,64.79,13.1
1787064282.9140778,91,any_person,position,held,True,1,False,True,False,6,0.0421,46.87,0.0,0.0,24.2,0.0,1.01,72.08,13.1
1787064282.9893625,92,any_person,position,held,True,1,False,True,False,6,0.0421,47.43,0.0,0.0,20.42,1.01,0.0,69.86,13.1
1787064283.0616481,93,any_person,position,held,True,1,False,True,False,6,0.0421,44.78,0.0,0.0,20.0,0.0,1.0,65.78,13.1
1787064283.145683,94,any_person,position,held,True,1,False,True,False,6,0.0421,46.01,0.0,0.0,24.03,0.0,1.0,71.04,13.1
1787064283.2272902,95,any_person,position,held,True,1,False,True,False,6,0.0421,49.52,0.0,0.0,23.08,0.0,1.01,73.61,13.1
1787064283.2992568,96,any_person,position,held,True,1,False,True,False,6,0.0421,45.6,0.0,0.0,21.85,0.0,1.0,68.45,13.1
1787064283.376668,97,any_person,position,held,True,1,False,True,False,6,0.0421,44.52,0.0,0.0,21.89,0.0,1.0,67.41,12.9
1787064283.4472,98,any_person,position,held,True,1,False,True,False,6,0.0421,45.07,0.0,0.0,21.46,0.0,0.0,67.53,12.9
1787064283.5220835,99,any_person,position,held,True,1,False,True,False,6,0.0421,48.26,0.0,0.0,21.63,0.0,1.0,70.88,12.9
1787064283.6008012,100,any_person,position,held,True,1,False,True,False,6,0.0421,49.51,0.0,0.0,25.21,0.0,0.0,75.72,12.9
1787064283.67876,101,any_person,position,held,True,1,False,True,False,6,0.0421,47.72,0.0,0.0,21.38,0.0,1.0,70.1,12.9
1787064283.7551944,102,any_person,position,held,True,1,False,True,False,6,0.0421,49.52,0.0,0.0,22.92,0.0,1.0,73.43,12.9
1787064283.8360972,103,any_person,position,held,True,1,False,True,False,6,0.0421,50.0,0.0,0.0,21.9,0.0,1.0,72.9,12.9
1787064283.9061282,104,any_person,position,held,True,1,False,True,False,6,0.0421,44.03,0.0,0.0,21.0,0.0,1.0,66.03,12.9
1787064283.987565,105,any_person,position,held,True,1,False,True,False,6,0.0421,45.52,0.0,0.0,22.91,0.0,1.0,69.43,12.9
1787064284.0678368,106,any_person,position,held,True,1,False,True,False,6,0.0421,49.91,0.0,0.0,20.35,0.0,1.0,71.27,12.9
1787064284.1401732,107,any_person,position,held,True,1,False,True,False,6,0.0421,42.83,0.0,0.0,20.51,0.0,1.0,64.34,12.9
1787064284.222811,108,any_person,position,held,True,1,False,True,False,6,0.0421,46.66,0.0,0.0,20.98,0.0,1.0,68.64,12.9
1787064284.2955518,109,any_person,position,held,True,1,False,True,False,6,0.0421,47.03,0.0,0.0,20.7,0.0,1.01,68.74,12.9
1787064284.3790338,110,any_person,position,held,True,1,False,True,False,6,0.0421,44.9,0.0,0.0,22.69,0.0,1.01,68.6,12.97
1787064284.460913,111,any_person,position,held,True,1,False,True,False,6,0.0421,49.4,0.0,0.0,20.49,0.0,1.0,71.88,12.97
1787064284.5370688,112,any_person,position,held,True,1,False,True,False,6,0.0421,48.49,0.0,0.0,21.65,0.0,1.01,71.15,12.97
1787064284.6133394,113,any_person,position,held,True,1,False,True,False,6,0.0421,46.0,0.0,0.0,20.82,0.0,1.01,67.82,12.97
1787064284.6903877,114,any_person,position,held,True,1,False,True,False,6,0.0421,45.05,0.0,0.0,20.0,0.0,1.0,66.05,12.97
1787064284.774241,115,any_person,position,held,True,1,False,True,False,6,0.0421,48.52,0.0,0.0,21.33,1.01,0.0,71.85,12.97
1787064284.8480186,116,any_person,position,held,True,1,False,True,False,6,0.0421,47.01,0.0,0.0,21.77,0.0,1.0,69.78,12.97
1787064284.9231062,117,any_person,position,held,True,1,False,True,False,6,0.0421,46.08,0.0,0.0,21.0,0.0,0.0,68.08,12.97
1787064284.9946175,118,any_person,position,held,True,1,False,True,False,6,0.0421,45.52,0.0,0.0,21.99,0.0,1.0,68.51,12.97
1787064285.0820823,119,any_person,position,held,True,1,False,True,False,6,0.0421,47.25,0.0,0.0,22.2,0.0,1.01,70.46,12.97
1787064285.158832,120,any_person,position,held,True,1,False,True,False,6,0.0421,46.51,0.0,1.0,21.24,0.0,1.0,69.75,12.97
1787064285.2358425,121,any_person,position,held,True,1,False,True,False,6,0.0421,44.51,0.0,1.0,21.49,0.0,0.0,68.01,12.97
1787064285.3136983,122,any_person,position,held,True,1,False,True,False,6,0.0421,44.52,0.0,0.0,21.83,0.0,0.0,67.35,12.97
1787064285.3955736,123,any_person,position,held,True,1,False,True,False,6,0.0421,47.52,0.0,0.0,22.35,0.0,0.0,69.87,12.79
1787064285.4698555,124,any_person,position,held,True,1,False,True,False,6,0.0421,45.76,0.0,0.0,23.07,0.0,1.0,69.83,12.79
1787064285.5446281,125,any_person,position,held,True,1,False,True,False,6,0.0421,48.89,0.0,0.0,20.88,0.0,1.0,70.77,12.79
1787064285.6254952,126,any_person,position,held,True,1,False,True,False,6,0.0421,43.52,0.0,0.0,22.35,0.0,1.01,66.87,12.79
1787064285.7025254,127,any_person,position,held,True,1,False,True,False,6,0.0421,44.09,0.0,0.0,20.91,0.0,1.01,66.01,12.79
1787064285.7803328,128,any_person,position,held,True,1,False,True,False,6,0.0421,44.51,0.0,0.0,20.29,0.0,1.0,65.81,12.79
1787064285.866504,129,any_person,position,held,True,1,False,True,False,6,0.0421,49.04,0.0,0.0,24.04,0.0,1.1,74.17,12.79
1787064285.9445252,130,any_person,position,held,True,1,False,True,False,6,0.0421,50.93,0.0,0.0,22.07,0.0,0.0,74.02,12.79
1787064286.0153291,131,any_person,position,held,True,1,False,True,False,6,0.0421,45.53,0.0,0.0,20.59,0.0,0.0,67.13,12.79
1787064286.090072,132,any_person,position,held,True,1,False,True,False,6,0.0421,42.2,0.0,0.0,20.03,0.0,1.01,63.23,12.79
1787064286.169177,133,any_person,position,held,True,1,False,True,False,6,0.0421,42.52,0.0,0.0,20.59,0.0,1.01,64.11,12.79
1787064286.248696,134,any_person,position,held,True,1,False,True,False,6,0.0421,45.0,0.0,0.0,19.99,0.0,1.01,66.0,12.79
1787064286.3263323,135,any_person,position,held,True,1,False,True,False,6,0.0421,45.04,0.0,0.0,19.6,0.0,1.01,65.64,12.79
1787064286.4021606,136,any_person,position,held,True,1,False,True,False,6,0.0421,41.0,0.0,0.0,21.31,0.0,0.0,63.31,12.91
1787064286.4872797,137,any_person,position,held,True,1,False,True,False,6,0.0421,46.16,0.0,0.0,24.45,0.0,0.51,71.12,12.91
1787064286.5651813,138,any_person,position,held,True,1,False,True,False,6,0.0421,49.03,0.0,0.0,20.86,0.0,1.0,70.88,12.91
1787064286.6396444,139,any_person,position,held,True,1,False,True,False,6,0.0421,45.4,0.0,0.0,20.06,1.0,0.0,67.46,12.91
1787064286.709651,140,any_person,position,held,True,1,False,True,False,6,0.0421,46.53,0.0,0.0,19.49,0.0,1.0,67.01,12.91
1787064286.7824867,141,any_person,position,held,True,1,False,True,False,6,0.0421,45.52,0.0,0.0,23.31,0.0,1.0,69.83,12.91
1787064286.8505204,142,any_person,position,held,True,1,False,True,False,6,0.0421,43.01,0.0,0.0,21.02,0.0,1.0,65.03,12.91
1787064286.930197,143,any_person,position,held,True,1,False,True,False,6,0.0421,42.0,0.0,0.0,18.45,0.0,1.5,61.95,12.91
1787064287.0178852,144,any_person,position,held,True,1,False,True,False,6,0.0421,48.03,0.0,0.0,22.65,0.0,1.01,71.68,12.91
1787064287.09272,145,any_person,position,held,True,1,False,True,False,6,0.0421,46.15,0.0,0.0,20.68,0.0,1.0,67.84,12.91
1787064287.1646485,146,any_person,position,held,True,1,False,True,False,6,0.0421,41.92,0.0,0.0,19.01,0.0,1.0,61.93,12.91
1787064287.2426765,147,any_person,position,held,True,1,False,True,False,6,0.0421,42.01,0.0,0.0,19.52,0.0,1.0,62.52,12.91
1787064287.3141038,148,any_person,position,held,True,1,False,True,False,6,0.0421,43.77,0.0,0.0,22.65,0.0,1.0,67.43,12.91
1787064287.3857112,149,any_person,position,held,True,1,False,True,False,6,0.0421,47.61,0.0,0.0,20.0,0.0,1.0,68.6,12.91
1787064287.4607785,150,any_person,position,held,True,1,False,True,False,6,0.0421,42.52,0.0,0.0,19.54,0.0,1.0,63.07,13.22
1787064287.5484655,151,any_person,position,held,True,1,False,True,False,6,0.0421,48.52,0.0,0.0,22.35,0.0,0.0,71.88,13.22
1787064287.598065,152,any_person,position,grace,False,,False,False,False,0,0.0,45.6,0.0,0.0,0.0,0.0,1.0,46.6,13.22
1787064287.6646204,153,any_person,position,grace,False,,False,False,False,0,0.0,47.79,0.0,0.0,0.0,0.0,0.0,48.79,13.22
1787064287.7236238,154,any_person,position,grace,False,,False,False,False,0,0.0,45.0,0.0,0.0,0.0,0.0,0.0,45.0,13.22
1787064287.7761328,155,any_person,position,grace,False,,False,False,False,0,0.0,47.51,0.0,0.0,0.0,0.0,1.0,48.51,13.22
1787064287.8372002,156,any_person,position,grace,False,,False,False,False,0,0.0,48.07,0.0,0.0,0.0,0.0,1.0,49.07,13.22
1787064287.9152489,157,any_person,position,reacquired,True,24,False,True,False,0,0.0,44.57,0.0,0.0,19.19,0.0,1.0,64.76,13.22
1787064287.982435,158,any_person,position,held,True,24,False,True,False,0,0.0,42.51,0.0,0.0,20.67,0.0,1.0,64.18,13.22
1787064288.053601,159,any_person,position,held,True,24,False,True,False,0,0.0,43.11,0.0,1.0,22.05,0.0,0.0,67.17,13.22
1787064288.133665,160,any_person,position,held,True,24,False,True,False,0,0.0,44.21,0.0,0.0,20.17,0.0,1.08,65.46,13.22
1787064288.2180986,161,any_person,position,held,True,24,False,True,False,0,0.0,47.52,0.0,0.0,21.35,0.0,1.0,70.88,13.22
1787064288.2911363,162,any_person,position,held,True,24,False,True,False,0,0.0,45.03,0.0,0.0,19.01,0.0,1.0,65.04,13.22
1787064288.3734481,163,any_person,position,held,True,24,False,True,False,0,0.0,43.94,0.0,0.0,22.31,0.0,1.0,68.25,13.22
1787064288.4469788,164,any_person,position,held,True,24,False,True,False,0,0.0,44.01,0.0,0.0,20.52,0.0,1.0,65.53,13.22
1787064288.5224307,165,any_person,position,held,True,24,False,True,False,0,0.0,41.63,0.0,0.0,19.82,0.0,1.0,62.45,14.13
1787064288.6026502,166,any_person,position,held,True,24,False,True,False,0,0.0,44.01,0.0,0.0,20.51,0.0,1.19,65.71,14.13
1787064288.685552,167,any_person,position,held,True,24,False,True,False,0,0.0,46.53,0.0,0.0,22.76,0.0,0.0,70.3,14.13
1787064288.7654824,168,any_person,position,held,True,24,False,True,False,0,0.0,49.52,0.0,0.0,22.42,0.0,1.0,72.93,14.13
1787064288.8359995,169,any_person,position,held,True,24,False,True,False,0,0.0,45.0,0.0,0.0,20.52,0.0,1.0,66.52,14.13
1787064288.9128926,170,any_person,position,held,True,24,False,True,False,0,0.0,45.04,0.0,0.0,20.35,0.0,1.0,66.39,14.13
1787064288.9920611,171,any_person,position,held,True,24,False,True,False,0,0.0,44.52,0.0,0.0,20.64,0.0,1.0,66.16,14.13
1787064289.0571344,172,any_person,position,held,True,24,False,True,False,0,0.0,41.68,0.0,0.0,19.39,0.0,1.0,62.07,14.13
1787064289.1330063,173,any_person,position,held,True,24,False,True,False,0,0.0,44.36,0.0,0.0,21.51,0.0,0.0,66.87,14.13
1787064289.2110007,174,any_person,position,held,True,24,False,True,False,0,0.0,46.52,0.0,0.0,19.48,0.0,1.0,66.99,14.13
1787064289.2930005,175,any_person,position,held,True,24,False,True,False,0,0.0,47.03,0.0,0.0,22.96,0.0,1.01,71.0,14.13
1787064289.3661988,176,any_person,position,held,True,24,False,True,False,0,0.0,46.52,0.0,0.0,21.67,0.0,1.0,69.19,14.13
1787064289.4437103,177,any_person,position,held,True,24,False,True,False,0,0.0,44.0,0.0,0.0,19.51,0.0,0.0,64.51,14.13
1787064289.5260365,178,any_person,position,held,True,24,False,True,False,0,0.0,46.31,0.0,0.0,22.01,0.0,1.0,69.32,12.95
1787064289.5990376,179,any_person,position,held,True,24,False,True,False,0,0.0,43.0,0.0,0.0,20.02,0.41,0.5,63.93,12.95
1787064289.665418,180,any_person,position,held,True,24,False,True,False,0,0.0,42.52,0.0,0.0,19.86,0.0,1.0,63.37,12.95
1787064289.7439559,181,any_person,position,held,True,24,False,True,False,0,0.0,47.0,0.0,0.0,23.02,0.0,1.0,71.03,12.95
1787064289.8155136,182,any_person,position,held,True,24,False,True,False,0,0.0,45.0,0.0,0.0,20.55,1.01,0.0,67.56,12.95
1787064289.8971796,183,any_person,position,held,True,24,False,True,False,0,0.0,45.08,0.0,0.0,21.57,0.0,0.0,67.66,12.95
1787064289.9749253,184,any_person,position,held,True,24,False,True,False,0,0.0,44.52,0.0,0.0,21.23,0.0,0.0,65.75,12.95
1787064290.0549104,185,any_person,position,held,True,24,False,True,False,0,0.0,44.56,0.0,0.0,21.16,0.0,0.0,66.73,12.95
1787064290.1272523,186,any_person,position,held,True,24,False,True,False,0,0.0,40.24,0.0,0.0,20.0,0.0,0.0,61.25,12.95
1787064290.1967475,187,any_person,position,held,True,24,False,True,False,0,0.0,44.65,0.0,0.0,20.84,0.0,1.0,66.5,12.95
1787064290.2727733,188,any_person,position,held,True,24,False,True,False,0,0.0,44.52,0.0,0.0,19.51,1.0,0.0,65.03,12.95
1787064290.3408358,189,any_person,position,held,True,24,False,True,False,0,0.0,42.52,0.0,0.0,20.54,0.0,0.0,64.06,12.95
1787064290.412203,190,any_person,position,held,True,24,False,True,False,0,0.0,45.0,0.0,0.0,20.36,0.0,1.01,66.37,12.95
1787064290.482674,191,any_person,position,held,True,24,False,True,False,0,0.0,45.53,0.0,0.0,19.94,0.0,1.0,66.47,12.95
1787064290.5493658,192,any_person,position,held,True,24,False,True,False,0,0.0,42.46,0.0,0.0,20.23,0.0,0.0,63.7,13.68
1787064290.6298113,193,any_person,position,held,True,24,False,True,False,0,0.0,46.21,0.0,0.0,20.24,0.0,1.0,67.45,13.68
1787064290.702847,194,any_person,position,held,True,24,False,True,False,0,0.0,42.53,0.0,0.0,19.0,0.0,1.0,62.53,13.68
1787064290.7840314,195,any_person,position,held,True,24,False,True,False,0,0.0,45.84,0.0,0.0,20.18,0.0,0.0,68.18,13.68
1787064290.8534257,196,any_person,position,held,True,24,False,True,False,0,0.0,44.8,0.0,0.0,20.51,0.0,1.0,66.31,13.68
1787064290.9288235,197,any_person,position,held,True,24,False,True,False,0,0.0,48.52,0.0,0.0,22.87,0.0,1.0,72.4,13.68
1787064291.0018241,198,any_person,position,held,True,24,False,True,False,0,0.0,45.32,0.0,0.0,20.18,0.0,1.0,66.5,13.68
1787064291.0806932,199,any_person,position,held,True,24,False,True,False,0,0.0,44.6,0.0,0.0,21.95,0.0,0.0,67.55,13.68
1787064291.1557362,200,any_person,position,held,True,24,False,True,False,0,0.0,42.04,0.0,0.0,21.0,0.0,1.0,64.04,13.68
1787064291.230257,201,any_person,position,held,True,24,False,True,False,0,0.0,40.51,0.0,0.0,19.0,0.0,1.0,60.52,13.68
1787064291.3166294,202,any_person,position,held,True,24,False,True,False,0,0.0,45.26,0.0,0.0,21.6,0.0,0.0,68.86,13.68
1787064291.3881536,203,any_person,position,held,True,24,False,True,False,0,0.0,42.52,0.0,0.0,19.0,0.0,1.0,62.52,13.68
1787064291.4575825,204,any_person,position,held,True,24,False,True,False,0,0.0,43.21,0.0,0.0,21.22,0.0,0.0,65.43,13.68
1787064291.5265303,205,any_person,position,held,True,24,False,True,False,0,0.0,44.52,0.0,0.0,20.42,0.0,1.0,65.95,13.68
1787064291.6077433,206,any_person,position,held,True,24,False,True,False,0,0.0,45.01,0.0,0.0,18.69,0.0,1.0,64.7,13.23
1787064291.6870706,207,any_person,position,held,True,24,False,True,False,0,0.0,44.53,0.0,0.0,20.79,0.0,0.0,66.32,13.23
1787064291.765349,208,any_person,position,held,True,24,False,True,False,0,0.0,44.52,0.0,0.0,20.76,0.0,0.0,66.28,13.23
1787064291.8431845,209,any_person,position,held,True,24,False,True,False,0,0.0,44.0,0.0,1.0,20.83,0.0,1.0,66.83,13.23
1787064291.9205725,210,any_person,position,held,True,24,False,True,False,0,0.0,44.59,0.0,0.0,20.29,0.0,1.0,65.88,13.23
1787064291.9925094,211,any_person,position,held,True,24,False,True,False,0,0.0,46.52,0.0,0.0,20.34,0.0,1.03,68.94,13.23
1787064292.0705218,212,any_person,position,held,True,24,False,True,False,0,0.0,49.37,0.0,0.0,23.63,0.0,1.0,74.0,13.23
1787064292.1210525,213,any_person,position,grace,False,,False,False,False,0,0.0,46.52,0.0,0.0,0.0,0.0,0.0,46.52,13.23
1787064292.1851463,214,any_person,position,grace,False,,False,False,False,0,0.0,46.08,0.0,0.0,0.0,0.0,1.0,47.08,13.23
1787064292.2436597,215,any_person,position,grace,False,,False,False,False,0,0.0,42.51,0.0,0.0,0.0,0.0,1.0,43.51,13.23
1787064292.3066173,216,any_person,position,grace,False,,False,False,False,0,0.0,43.96,0.0,0.0,0.0,0.0,0.0,44.96,13.23
1787064292.372865,217,any_person,position,grace,False,,False,False,False,0,0.0,49.52,0.0,0.0,0.0,0.0,0.0,50.52,13.23
1787064292.449758,218,any_person,position,reacquired,True,35,False,True,False,0,0.0,45.0,0.0,0.0,19.88,0.0,1.0,65.89,13.23
1787064292.5243926,219,any_person,position,held,True,35,False,True,False,0,0.0,42.54,0.0,0.0,19.1,0.0,1.0,62.64,13.23
1787064292.57619,220,any_person,position,grace,False,,False,False,False,0,0.0,47.53,0.0,0.0,0.0,0.0,0.0,48.53,13.23
1787064292.6366777,221,any_person,position,grace,False,,False,False,False,0,0.0,48.51,0.0,0.0,0.0,0.0,0.97,49.48,14.58
1787064292.6982243,222,any_person,position,grace,False,,False,False,False,0,0.0,47.53,0.0,0.0,0.0,0.0,1.0,48.53,14.58
1787064292.7592053,223,any_person,position,grace,False,,False,False,False,0,0.0,47.12,0.0,0.0,0.0,0.0,0.0,47.12,14.58
1787064292.8192422,224,any_person,position,grace,False,,False,False,False,0,0.0,43.04,0.0,0.0,0.0,0.0,0.0,44.04,14.58
1787064292.902254,225,any_person,position,reacquired,True,38,False,True,False,0,0.0,44.5,0.0,0.0,20.0,0.0,1.0,65.5,14.58
1787064292.9828777,226,any_person,position,held,True,38,False,False,False,0,0.0,44.51,0.0,0.0,21.29,0.0,0.73,66.53,14.58
1787064293.0599754,227,any_person,position,held,True,38,False,False,False,0,0.0,45.08,0.0,0.0,19.39,0.0,1.0,65.47,14.58
1787064293.137991,228,any_person,position,held,True,38,False,False,False,0,0.0,43.8,0.0,0.0,20.89,0.0,1.01,65.69,14.58
1787064293.2128348,229,any_person,position,held,True,38,False,False,False,0,0.0,48.52,0.0,0.0,21.33,0.0,1.0,70.84,14.58
1787064293.2873497,230,any_person,position,held,True,38,False,False,False,0,0.0,42.51,0.0,0.0,17.0,0.0,1.0,60.51,14.58
1787064293.3637283,231,any_person,position,held,True,38,False,False,False,0,0.0177,40.02,0.0,0.0,19.09,0.0,1.0,60.11,14.58
1787064293.4329844,232,any_person,position,held,True,38,False,True,False,0,0.2085,44.0,0.0,0.0,21.25,0.0,0.0,66.26,14.58
1787064293.5119002,233,any_person,position,held,True,38,False,False,False,0,0.2085,44.0,0.0,0.0,20.4,0.0,1.01,65.41,14.58
1787064293.5896978,234,any_person,position,held,True,38,False,True,False,1,0.2085,44.3,0.0,0.0,21.49,0.0,1.01,66.79,14.58
1787064293.6673691,235,any_person,position,held,True,38,False,False,False,1,0.2085,43.16,0.0,0.0,22.0,1.0,0.0,66.16,13.58
1787064293.7528214,236,any_person,position,held,True,38,False,False,False,1,0.2085,48.52,0.0,0.0,23.93,0.0,0.0,73.46,13.58
1787064293.8240469,237,any_person,position,held,True,38,False,True,False,1,0.2085,45.51,0.0,0.0,20.17,0.0,1.01,66.68,13.58
1787064293.9009564,238,any_person,position,held,True,38,False,False,False,1,0.2085,45.57,0.0,0.0,19.11,1.0,0.0,65.68,13.58
1787064293.9485605,239,any_person,position,grace,False,,False,False,False,0,0.0,42.6,0.0,0.0,0.0,0.0,1.0,43.6,13.58
1787064294.0136101,240,any_person,position,grace,False,,False,False,False,0,0.0,49.71,0.0,0.0,0.0,0.0,0.84,51.05,13.58
1787064294.061425,241,any_person,position,grace,False,,False,False,False,0,0.0,43.79,0.0,0.0,0.0,0.0,1.0,44.79,13.58
1787064294.1183503,242,any_person,position,grace,False,,False,False,False,0,0.0,45.46,0.0,0.0,0.0,0.0,0.0,46.47,13.58
1787064294.182709,243,any_person,position,grace,False,,False,False,False,0,0.0,48.36,0.0,0.0,0.0,0.0,1.0,49.36,13.58
1787064294.2710483,244,any_person,position,reacquired,True,22,False,True,False,0,0.0,53.05,0.0,0.0,22.03,0.0,0.0,76.09,13.58
1787064294.3231204,245,any_person,position,grace,False,,False,False,False,0,0.0,48.07,0.0,0.0,0.0,0.0,1.0,49.07,13.58
1787064294.3856323,246,any_person,position,grace,False,,False,False,False,0,0.0,48.01,0.0,0.0,0.0,0.0,1.0,49.01,13.58
1787064294.4360445,247,any_person,position,grace,False,,False,False,False,0,0.0,46.41,0.0,0.0,0.0,0.0,0.0,47.41,13.58
1787064294.49024,248,any_person,position,grace,False,,False,False,False,0,0.0,44.01,0.0,0.0,0.0,0.0,1.0,45.0,13.58
1787064294.5557992,249,any_person,position,grace,False,,False,False,False,0,0.0,46.55,0.0,0.0,0.0,0.0,1.01,47.56,13.58
1787064294.6407104,250,any_person,position,reacquired,True,31,False,True,False,0,0.0,49.53,0.0,0.0,21.38,0.0,1.0,71.91,13.58
1787064294.7168102,251,any_person,position,held,True,31,False,True,False,0,0.0,47.0,0.0,0.0,22.1,0.0,1.01,70.1,15.25
1787064294.7924058,252,any_person,position,held,True,31,False,True,False,0,0.0,48.51,0.0,0.0,22.08,0.0,1.0,71.6,15.25
1787064294.877277,253,any_person,position,held,True,31,False,True,False,0,0.0,48.78,0.0,0.0,23.59,0.0,1.0,73.87,15.25
1787064294.9520311,254,any_person,position,held,True,31,False,True,False,0,0.0,47.06,0.0,0.0,23.67,0.0,0.0,71.75,15.25
1787064295.0294204,255,any_person,position,held,True,31,False,True,False,0,0.0,44.55,0.0,0.0,23.86,0.0,0.0,69.43,15.25
1787064295.108181,256,any_person,position,held,True,31,False,True,False,0,0.0,48.17,0.0,0.0,20.55,0.0,1.0,69.71,15.25
1787064295.1840026,257,any_person,position,held,True,31,False,True,False,0,0.0,46.1,0.0,0.0,21.71,0.0,0.0,68.82,15.25
1787064295.257407,258,any_person,position,held,True,31,False,True,False,0,0.0,46.01,0.0,0.0,23.4,0.0,1.0,70.4,15.25
1787064295.3390114,259,any_person,position,held,True,31,False,True,False,0,0.0,43.01,0.0,0.0,23.6,0.0,1.0,67.6,15.25
1787064295.4252987,260,any_person,position,held,True,31,False,True,False,0,0.0,48.52,0.0,0.0,26.59,0.0,0.0,76.11,15.25
1787064295.494811,261,any_person,position,held,True,31,False,True,False,0,0.0,45.51,0.0,0.0,20.0,0.0,1.0,66.51,15.25
1787064295.5709279,262,any_person,position,held,True,31,False,True,False,0,0.0,41.54,0.0,0.0,20.57,1.0,0.0,64.11,15.25
1787064295.6544101,263,any_person,position,held,True,31,False,True,False,0,0.0,44.12,0.0,0.0,23.35,0.0,1.01,68.48,15.25
1787064295.7315328,264,any_person,position,held,True,31,False,True,False,0,0.0,45.0,0.0,0.0,20.33,0.0,1.0,66.33,12.81
1787064295.8091984,265,any_person,position,held,True,31,False,True,False,0,0.0,45.3,0.0,0.0,20.83,0.0,1.0,67.13,12.81
1787064295.8871462,266,any_person,position,held,True,31,False,True,False,0,0.0,45.04,0.0,0.0,20.91,0.0,1.0,66.95,12.81
1787064295.9562342,267,any_person,position,held,True,31,False,True,False,0,0.0,43.53,0.0,0.0,21.55,0.0,0.0,66.09,12.81
1787064296.02896,268,any_person,position,held,True,31,False,True,False,0,0.0,47.13,0.0,0.0,21.15,0.0,1.0,69.28,12.81
1787064296.0976176,269,any_person,position,held,True,31,False,True,False,0,0.0,43.66,0.0,0.0,21.0,0.0,1.0,65.66,12.81
1787064296.1751797,270,any_person,position,held,True,31,False,True,False,0,0.0,49.03,0.0,0.0,24.48,0.0,0.0,74.51,12.81
1787064296.2553582,271,any_person,position,held,True,31,False,True,False,0,0.0,40.39,0.0,0.0,20.72,0.0,1.01,62.12,12.81
1787064296.3354208,272,any_person,position,held,True,31,False,True,False,0,0.0,42.57,0.0,0.0,21.49,0.0,1.01,65.06,12.81
1787064296.4092128,273,any_person,position,held,True,31,False,True,False,0,0.0,46.0,0.0,0.0,23.28,0.0,1.0,70.28,12.81
1787064296.4789972,274,any_person,position,held,True,31,False,True,False,0,0.0,43.28,0.0,0.0,22.51,0.0,0.0,66.79,12.81
1787064296.5626042,275,any_person,position,held,True,31,False,True,False,0,0.0,48.14,0.0,0.0,23.47,0.0,0.0,72.61,12.81
1787064296.6408029,276,any_person,position,held,True,31,False,True,False,0,0.0,50.9,0.0,0.0,22.44,0.0,0.0,74.88,12.81
1787064296.7205205,277,any_person,position,held,True,31,False,True,False,0,0.0316,54.0,0.0,0.0,21.71,0.0,1.01,76.72,12.81
1787064296.795741,278,any_person,position,held,True,31,False,True,False,0,0.0472,48.56,0.0,0.0,20.65,0.0,0.0,70.21,13.16
1787064296.8937225,279,any_person,position,held,True,31,False,True,False,0,0.0692,50.05,0.0,0.0,22.94,0.0,1.0,73.98,13.16
1787064296.9667637,280,any_person,position,held,True,31,False,True,False,1,0.0692,46.54,0.0,0.0,22.5,0.0,1.0,70.04,13.16
1787064297.0468106,281,any_person,position,held,True,31,False,True,False,1,0.0692,45.52,0.0,0.0,24.53,0.0,1.0,71.04,13.16
1787064297.121997,282,any_person,position,held,True,31,False,True,False,2,0.0692,45.0,0.0,0.0,21.19,0.0,1.0,67.19,13.16
1787064297.1993043,283,any_person,position,held,True,31,True,True,True,3,0.0692,44.05,0.0,0.0,20.77,1.47,0.0,67.3,13.16
1787064297.2719946,284,any_person,position,held,True,31,True,True,True,3,0.0692,47.78,0.0,0.0,20.91,0.0,1.0,69.69,13.16
1787064297.353466,285,any_person,position,held,True,31,True,True,True,4,0.0692,45.56,0.0,0.0,20.24,0.0,1.39,67.18,13.16
1787064297.4355223,286,any_person,position,held,True,31,True,True,True,5,0.0692,46.65,0.0,0.0,23.39,0.0,0.0,71.05,13.16
1787064297.509874,287,any_person,position,held,True,31,True,True,True,6,0.0692,48.01,0.0,0.0,21.57,0.0,0.0,71.58,13.16
1787064297.5900605,288,any_person,position,held,True,31,True,True,True,6,0.0692,46.03,0.0,0.0,21.85,0.0,0.0,68.88,13.16
1787064297.668547,289,any_person,position,held,True,31,True,True,True,6,0.0692,47.14,0.0,0.0,22.32,0.0,0.0,70.46,13.16
1787064297.7410548,290,any_person,position,held,True,31,True,True,True,6,0.0692,42.0,0.0,0.0,22.5,1.01,0.0,65.51,13.16
1787064297.818929,291,any_person,position,held,True,31,True,True,True,7,0.0692,50.36,0.0,0.0,23.0,0.0,1.0,74.37,12.71
1787064297.9034934,292,any_person,position,held,True,31,True,True,True,7,0.0692,49.04,0.0,0.0,21.52,0.0,1.0,71.56,12.71
1787064297.981535,293,any_person,position,held,True,31,True,True,True,8,0.0692,49.04,0.0,0.0,21.0,0.0,1.0,71.04,12.71
1787064298.058451,294,any_person,position,held,True,31,True,True,True,9,0.0692,48.85,0.0,0.0,23.08,0.0,1.0,72.92,12.71
1787064298.1406617,295,any_person,position,held,True,31,True,True,True,9,0.0692,50.51,0.0,0.0,21.85,0.0,0.0,73.36,12.71
1787064298.224552,296,any_person,position,held,True,31,False,True,False,9,0.0386,57.03,0.0,0.0,22.83,0.0,1.03,80.89,12.71
1787064298.2969294,297,any_person,position,held,True,31,True,True,True,9,0.0658,45.48,0.0,0.0,22.55,0.0,0.52,69.07,12.71
1787064298.3823755,298,any_person,position,held,True,31,True,True,True,8,0.1076,45.62,0.0,0.0,21.57,0.0,1.0,68.2,12.71
1787064298.4571178,299,any_person,position,held,True,31,True,True,True,8,0.1076,47.93,0.0,0.0,22.81,0.0,1.01,71.75,12.71
1787064298.5356195,300,any_person,position,held,True,31,True,True,True,8,0.1076,44.99,0.0,0.0,21.77,1.0,0.0,67.76,12.71
1787064298.6141558,301,any_person,position,held,True,31,True,True,True,8,0.1076,45.22,0.0,0.0,21.8,0.0,1.0,68.02,12.71
1787064298.6910555,302,any_person,position,held,True,31,True,True,True,8,0.1076,46.52,0.0,0.0,20.38,0.0,1.0,67.9,12.71
1787064298.765183,303,any_person,position,held,True,31,True,True,True,8,0.1076,41.51,0.0,0.0,20.62,0.0,1.0,63.13,12.71
1787064298.842642,304,any_person,position,held,True,31,True,True,True,8,0.1076,42.0,0.0,0.0,19.46,0.0,0.0,62.46,12.7
1787064298.915944,305,any_person,position,held,True,31,True,True,True,8,0.1076,46.52,0.0,0.0,20.79,1.0,0.0,69.3,12.7
1787064298.9824727,306,any_person,position,held,True,31,True,True,True,8,0.1076,41.54,0.0,0.0,20.01,0.0,1.0,62.55,12.7
1787064299.0649717,307,any_person,position,held,True,31,True,True,True,8,0.1076,43.92,0.0,0.0,21.4,0.0,0.0,66.49,12.7
1787064299.1464164,308,any_person,position,held,True,31,True,True,True,8,0.1076,45.52,0.0,0.0,23.92,0.0,1.0,70.44,12.7
1787064299.2187617,309,any_person,position,held,True,31,True,True,True,8,0.1076,43.04,0.0,0.0,20.31,0.0,1.0,65.35,12.7
1787064299.297106,310,any_person,position,held,True,31,True,True,True,8,0.1076,43.52,0.0,0.0,21.82,0.0,1.0,66.34,12.7
1787064299.3711052,311,any_person,position,held,True,31,True,True,True,9,0.1057,47.02,0.0,0.0,21.98,0.0,1.0,70.0,12.7
1787064299.4563165,312,any_person,position,held,True,31,True,True,True,8,0.1029,46.01,0.0,0.0,20.85,0.0,0.0,67.86,12.7
1787064299.5240178,313,any_person,position,held,True,31,True,True,True,7,0.1029,42.46,0.0,0.0,21.24,0.0,1.0,64.7,12.7
1787064299.5981584,314,any_person,position,held,True,31,True,True,True,7,0.1029,47.55,0.0,0.0,20.82,0.0,0.77,69.13,12.7
1787064299.668417,315,any_person,position,held,True,31,True,True,True,6,0.1029,44.7,0.0,0.0,20.56,0.0,1.0,66.25,12.7
1787064299.7531195,316,any_person,position,held,True,31,True,True,True,5,0.1029,45.02,0.0,0.0,22.68,0.0,0.0,68.7,12.7
1787064299.8257432,317,any_person,position,held,True,31,True,True,True,5,0.1029,42.0,0.0,0.0,20.34,0.0,1.0,63.35,12.7
1787064299.9062304,318,any_person,position,held,True,31,True,True,True,5,0.1029,41.98,0.0,0.0,21.0,0.0,1.0,63.98,13.16
1787064299.990685,319,any_person,position,held,True,31,True,True,True,5,0.1029,46.06,0.0,0.0,21.33,0.0,1.0,68.39,13.16
1787064300.067214,320,any_person,position,held,True,31,True,True,True,5,0.1029,43.64,0.0,0.0,21.37,1.0,0.0,67.01,13.16
1787064300.146578,321,any_person,position,held,True,31,True,True,True,5,0.1029,45.03,0.0,0.0,22.12,0.0,1.0,68.15,13.16
1787064300.2235308,322,any_person,position,held,True,31,True,True,True,5,0.1029,45.05,0.0,0.0,21.48,0.0,0.0,67.53,13.16
1787064300.304278,323,any_person,position,held,True,31,True,True,True,5,0.1029,45.52,0.0,0.0,22.21,1.01,0.0,69.74,13.16
1787064300.3746939,324,any_person,position,held,True,31,True,True,True,5,0.1029,45.53,0.0,0.0,20.88,1.01,0.0,67.42,13.16
1787064300.4574971,325,any_person,position,held,True,31,True,True,True,5,0.1029,43.12,0.0,0.0,23.2,0.0,1.01,67.33,13.16
1787064300.5342846,326,any_person,position,held,True,31,True,True,True,5,0.1029,43.01,0.0,0.0,20.78,0.0,1.0,64.79,13.16
1787064300.6128623,327,any_person,position,held,True,31,True,True,True,5,0.1029,43.13,0.0,0.0,20.93,1.01,0.0,65.07,13.16
1787064300.6958356,328,any_person,position,held,True,31,True,True,True,5,0.1029,44.52,0.0,0.0,22.82,0.0,1.0,68.34,13.16
1787064300.7723725,329,any_person,position,held,True,31,True,True,True,5,0.1029,44.52,0.0,0.0,21.02,0.0,1.0,66.54,13.16
1787064300.8521633,330,any_person,position,held,True,31,True,True,True,5,0.1029,47.39,0.0,0.0,20.41,0.0,1.0,68.79,13.16
1787064300.9261994,331,any_person,position,held,True,31,True,True,True,5,0.1029,42.52,0.0,1.0,20.51,0.0,1.0,65.03,12.75
1787064301.003682,332,any_person,position,held,True,31,True,True,True,5,0.1029,42.6,0.0,0.0,19.84,0.0,0.51,63.48,12.75
1787064301.0735943,333,any_person,position,held,True,31,True,True,True,5,0.1029,45.36,0.0,0.0,21.0,0.0,1.0,67.36,12.75
1787064301.1406949,334,any_person,position,held,True,31,True,True,True,5,0.1029,42.95,0.0,0.0,20.15,0.0,1.0,64.1,12.75
1787064301.2221591,335,any_person,position,held,True,31,True,True,True,5,0.1029,42.02,0.0,0.0,21.51,0.0,1.42,64.95,12.75
1787064301.3036306,336,any_person,position,held,True,31,True,True,True,5,0.1029,45.27,0.0,0.0,21.82,0.0,1.0,68.09,12.75
1787064301.3801303,337,any_person,position,held,True,31,True,True,True,5,0.1029,44.18,0.0,0.0,22.8,0.0,1.0,67.98,12.75
1787064301.4563944,338,any_person,position,held,True,31,True,True,True,5,0.1029,43.53,0.0,0.0,21.72,0.0,1.01,66.26,12.75
1787064301.5357533,339,any_person,position,held,True,31,True,True,True,5,0.1029,44.01,0.0,0.0,21.88,0.0,1.0,67.9,12.75
1787064301.611737,340,any_person,position,held,True,31,True,True,True,5,0.1029,45.53,0.0,0.0,20.37,0.0,1.58,67.48,12.75
1787064301.680455,341,any_person,position,held,True,31,True,True,True,5,0.1029,42.51,0.0,0.0,21.94,0.0,1.01,65.46,12.75
1787064301.7543502,342,any_person,position,held,True,31,True,True,True,5,0.1029,47.0,0.0,0.0,20.88,1.01,0.0,69.9,12.75
1787064301.8309739,343,any_person,position,held,True,31,True,True,True,5,0.1029,45.06,0.0,0.0,21.0,0.0,0.0,67.07,12.75
1787064301.9074543,344,any_person,position,held,True,31,True,True,True,5,0.1029,45.02,0.0,0.0,20.45,0.0,1.01,66.48,12.75
1787064301.9830275,345,any_person,position,held,True,31,True,True,True,5,0.1029,42.0,0.0,0.0,20.52,0.0,1.0,63.51,13.25
1787064302.053036,346,any_person,position,held,True,31,True,True,True,5,0.1029,43.82,0.0,0.0,21.18,0.0,1.01,66.01,13.25
1787064302.1273868,347,any_person,position,held,True,31,True,True,True,5,0.1029,46.36,0.0,0.0,20.99,0.0,0.0,68.35,13.25
1787064302.2024171,348,any_person,position,held,True,31,True,True,True,5,0.1029,44.03,0.0,0.0,21.0,0.0,1.0,66.03,13.25
1787064302.277373,349,any_person,position,held,True,31,True,True,True,5,0.1029,41.96,0.0,0.0,20.0,0.0,1.0,62.96,13.25
1787064302.357391,350,any_person,position,held,True,31,True,True,True,5,0.1029,43.07,0.0,0.0,20.94,0.0,1.0,65.02,13.25
1787064302.4422736,351,any_person,position,held,True,31,True,True,True,5,0.1029,47.52,0.0,0.0,23.36,0.0,1.0,71.89,13.25
1787064302.5097861,352,any_person,position,held,True,31,True,True,True,5,0.1029,43.01,0.0,0.0,20.0,0.0,1.0,64.01,13.25
1787064302.593216,353,any_person,position,held,True,31,True,True,True,5,0.1029,44.51,0.0,0.0,21.39,0.0,1.01,66.91,13.25
1787064302.672381,354,any_person,position,held,True,31,True,True,True,5,0.1029,45.7,0.0,0.0,20.57,0.0,1.0,68.27,13.25
1787064302.7473366,355,any_person,position,held,True,31,True,True,True,5,0.1029,43.42,0.0,0.0,20.53,0.0,1.0,64.96,13.25
1787064302.8169954,356,any_person,position,held,True,31,True,True,True,5,0.1029,44.95,0.0,0.0,20.71,0.0,1.0,66.66,13.25
1787064302.8878407,357,any_person,position,held,True,31,True,True,True,5,0.1029,43.52,0.0,0.0,21.32,0.0,1.0,65.85,13.25
1787064302.9643624,358,any_person,position,held,True,31,True,True,True,5,0.1029,42.86,0.0,0.0,20.66,0.0,1.0,64.52,13.25
1787064303.0441437,359,any_person,position,held,True,31,True,True,True,5,0.1029,44.06,0.0,0.0,21.73,0.0,0.0,66.78,13.19
1787064303.1187913,360,any_person,position,held,True,31,True,True,True,5,0.1029,43.01,0.0,0.0,20.51,1.0,0.61,65.14,13.19
1787064303.1914392,361,any_person,position,held,True,31,True,True,True,5,0.1029,45.52,0.0,0.0,23.0,0.0,0.0,69.52,13.19
1787064303.2749288,362,any_person,position,held,True,31,True,True,True,5,0.1029,43.53,0.0,0.0,20.99,0.0,1.0,65.53,13.19
1787064303.3524559,363,any_person,position,held,True,31,True,True,True,5,0.1029,42.51,0.0,0.0,22.01,0.0,1.0,65.52,13.19
1787064303.4306648,364,any_person,position,held,True,31,True,True,True,5,0.1029,43.57,0.0,0.0,21.64,0.0,1.0,66.21,13.19
1787064303.5155818,365,any_person,position,held,True,31,True,True,True,5,0.1029,50.51,0.0,0.0,21.41,0.0,1.0,72.92,13.19
1787064303.5877497,366,any_person,position,held,True,31,True,True,True,5,0.1029,46.03,0.0,0.0,21.14,0.0,1.0,68.17,13.19
1787064303.660421,367,any_person,position,held,True,31,True,True,True,5,0.1029,42.93,0.0,0.0,18.84,0.0,1.0,62.78,13.19
1787064303.7429132,368,any_person,position,held,True,31,True,True,True,5,0.1029,44.0,0.0,0.0,22.49,0.0,1.0,67.49,13.19
1787064303.8206384,369,any_person,position,held,True,31,True,True,True,5,0.1029,45.01,0.0,0.0,21.21,0.0,1.0,67.22,13.19
1787064303.9005487,370,any_person,position,held,True,31,True,True,True,5,0.1029,44.74,0.0,0.0,22.83,0.0,0.0,68.57,13.19
1787064303.9685078,371,any_person,position,held,True,31,True,True,True,5,0.1029,43.82,0.0,0.0,20.13,0.0,1.01,64.96,13.19
1787064304.0408669,372,any_person,position,held,True,31,True,True,True,5,0.1029,45.13,0.0,0.0,22.24,0.0,0.0,68.37,13.19
1787064304.1108925,373,any_person,position,held,True,31,True,True,True,5,0.1029,41.0,0.0,0.0,20.51,0.0,1.0,62.52,13.12
1787064304.1914606,374,any_person,position,held,True,31,True,True,True,5,0.1029,42.52,0.0,0.0,21.05,0.0,1.0,64.57,13.12
1787064304.2712655,375,any_person,position,held,True,31,True,True,True,5,0.1029,44.48,0.0,0.0,21.09,0.0,1.01,66.58,13.12
1787064304.3390143,376,any_person,position,held,True,31,True,True,True,5,0.1029,44.44,0.0,0.0,19.0,0.0,1.0,64.45,13.12
1787064304.4106321,377,any_person,position,held,True,31,True,True,True,5,0.1029,42.54,0.0,0.0,20.58,0.0,1.0,64.11,13.12
1787064304.4861598,378,any_person,position,held,True,31,True,True,True,5,0.1029,40.53,0.0,0.0,20.0,0.0,1.0,61.53,13.12
1787064304.5697935,379,any_person,position,held,True,31,True,True,True,5,0.1029,44.32,0.0,0.0,21.31,0.0,1.01,66.63,13.12
1787064304.6514518,380,any_person,position,held,True,31,True,True,True,5,0.1029,46.99,0.0,0.0,22.58,0.0,1.0,70.56,13.12
1787064304.7261536,381,any_person,position,held,True,31,True,True,True,5,0.1029,45.0,0.0,0.0,20.7,0.0,1.0,66.7,13.12
1787064304.8032882,382,any_person,position,held,True,31,True,True,True,5,0.1029,43.52,0.0,0.0,22.6,0.0,1.01,67.13,13.12
1787064304.8816197,383,any_person,position,held,True,31,True,True,True,5,0.1029,45.82,0.0,0.0,20.51,0.0,1.0,67.34,13.12
1787064304.949999,384,any_person,position,held,True,31,True,True,True,5,0.1029,43.01,0.0,0.0,21.37,0.0,1.01,65.38,13.12
1787064305.0239663,385,any_person,position,held,True,31,True,True,True,5,0.1029,44.83,0.0,0.0,24.13,0.0,0.0,69.97,13.12
1787064305.1009893,386,any_person,position,held,True,31,True,True,True,5,0.1029,45.24,0.0,0.0,23.79,0.0,0.0,70.03,13.12
1787064305.1707077,387,any_person,position,held,True,31,True,True,True,5,0.1029,44.72,0.0,0.0,21.0,0.0,0.0,66.72,13.21
1787064305.2536993,388,any_person,position,held,True,31,True,True,True,5,0.1029,44.39,0.0,0.0,22.1,0.0,0.51,66.99,13.21
1787064305.334136,389,any_person,position,held,True,31,True,True,True,5,0.1029,47.01,0.0,0.0,21.41,0.0,0.0,69.43,13.21
1787064305.407943,390,any_person,position,held,True,31,True,True,True,5,0.1029,45.02,0.0,0.0,19.99,0.0,1.0,66.02,13.21
1787064305.4768395,391,any_person,position,held,True,31,True,True,True,5,0.1029,42.8,0.0,0.0,22.1,0.0,1.0,65.9,13.21
1787064305.5690944,392,any_person,position,held,True,31,True,True,True,5,0.1029,67.18,0.0,0.0,19.07,0.0,0.0,87.25,13.21
1787064305.6436896,393,any_person,position,held,True,31,True,True,True,5,0.1029,45.9,0.0,0.0,22.69,0.0,1.0,69.6,13.21
1787064305.7149038,394,any_person,position,held,True,31,True,True,True,5,0.1029,44.34,0.0,0.0,21.87,0.0,1.0,67.22,13.21
1787064305.798994,395,any_person,position,held,True,31,True,True,True,5,0.1029,47.53,0.0,0.0,22.33,0.0,1.0,70.85,13.21
1787064305.8770707,396,any_person,position,held,True,31,True,True,True,5,0.1029,44.37,0.0,0.0,23.71,0.0,1.0,70.08,13.21
1787064305.9554572,397,any_person,position,held,True,31,True,True,True,5,0.1029,48.52,0.0,0.0,21.35,0.0,1.01,70.87,13.21
1787064306.030604,398,any_person,position,held,True,31,True,True,True,5,0.1029,44.52,0.0,0.0,20.62,1.01,0.0,67.15,13.21
1787064306.1096373,399,any_person,position,held,True,31,True,True,True,5,0.1029,44.52,0.0,0.0,22.51,0.0,1.0,68.03,13.21
1787064306.1873548,400,any_person,position,held,True,31,True,True,True,5,0.1029,45.52,0.0,0.0,20.2,0.0,0.0,66.72,12.79
1787064306.2558935,401,any_person,position,held,True,31,True,True,True,5,0.1029,44.03,0.0,0.0,19.51,0.0,1.0,64.54,12.79
1787064306.3253093,402,any_person,position,held,True,31,True,True,True,5,0.1029,43.52,0.0,0.0,20.88,0.0,1.01,65.42,12.79
1787064306.4066947,403,any_person,position,held,True,31,True,True,True,5,0.1029,44.76,0.0,0.0,22.62,1.0,0.0,69.38,12.79
1787064306.4789598,404,any_person,position,held,True,31,True,True,True,5,0.1029,43.26,0.0,0.0,20.0,0.0,1.0,64.26,12.79
1787064306.5583766,405,any_person,position,held,True,31,True,True,True,5,0.1029,43.01,0.0,0.0,21.41,0.0,1.0,65.42,12.79
1787064306.6265445,406,any_person,position,held,True,31,True,True,True,5,0.1029,43.11,0.0,0.0,21.06,0.0,1.0,65.17,12.79
1787064306.7015066,407,any_person,position,held,True,31,True,True,True,5,0.1029,44.13,0.0,0.0,21.32,0.0,1.0,66.45,12.79
1787064306.7746773,408,any_person,position,held,True,31,True,True,True,5,0.1029,41.51,0.0,0.0,19.45,0.0,1.21,62.17,12.79
1787064306.8595815,409,any_person,position,held,True,31,True,True,True,5,0.1029,47.31,0.0,0.0,22.59,0.0,1.0,70.9,12.79
1787064306.9365633,410,any_person,position,held,True,31,True,True,True,5,0.1029,46.61,0.0,0.0,22.37,0.0,1.0,69.98,12.79
1787064307.0082307,411,any_person,position,held,True,31,True,True,True,5,0.1029,42.54,0.0,0.0,21.09,0.0,1.04,64.66,12.79
1787064307.0902603,412,any_person,position,held,True,31,True,True,True,5,0.1029,46.55,0.0,0.0,21.58,0.0,0.0,69.12,12.79
1787064307.1647754,413,any_person,position,held,True,31,True,True,True,5,0.1029,45.53,0.0,0.0,20.99,0.0,1.0,67.52,12.79
1787064307.23759,414,any_person,position,held,True,31,True,True,True,5,0.1029,47.33,0.0,0.0,20.49,0.0,1.0,68.82,13.33
1787064307.3206027,415,any_person,position,held,True,31,True,True,True,5,0.1029,44.0,0.0,0.0,21.99,0.0,0.0,66.0,13.33
1787064307.3972752,416,any_person,position,held,True,31,True,True,True,5,0.1029,42.92,0.0,0.0,20.0,0.0,1.0,63.92,13.33
1787064307.4657123,417,any_person,position,held,True,31,True,True,True,5,0.1029,42.51,0.0,0.0,21.93,0.0,1.0,65.44,13.33
1787064307.5405347,418,any_person,position,held,True,31,True,True,True,5,0.1029,45.0,0.0,0.0,20.81,0.0,1.01,66.82,13.33
1787064307.6148896,419,any_person,position,held,True,31,True,True,True,5,0.1029,42.04,0.0,0.0,19.36,1.0,0.0,62.39,13.33
1787064307.6976514,420,any_person,position,held,True,31,True,True,True,5,0.1029,43.59,0.0,0.0,21.72,1.0,0.0,67.31,13.33
1787064307.7657716,421,any_person,position,held,True,31,True,True,True,5,0.1029,44.01,0.0,0.0,20.11,0.0,1.0,65.12,13.33
1787064307.8352277,422,any_person,position,held,True,31,True,True,True,5,0.1029,44.0,0.0,0.0,20.45,0.0,0.0,65.46,13.33
1787064307.9029515,423,any_person,position,held,True,31,True,True,True,5,0.1029,44.05,0.0,0.0,19.61,0.0,1.0,64.66,13.33
1787064307.9761734,424,any_person,position,held,True,31,True,True,True,5,0.1029,46.05,0.0,0.0,22.17,0.0,1.0,69.22,13.33
1787064308.0556319,425,any_person,position,held,True,31,True,True,True,5,0.1029,45.55,0.0,0.0,19.9,0.0,1.01,66.46,13.33
1787064308.1392906,426,any_person,position,held,True,31,True,True,True,5,0.1029,47.52,0.0,0.0,23.14,0.0,0.0,71.66,13.33
1787064308.2120214,427,any_person,position,held,True,31,True,True,True,6,0.3922,47.53,0.0,0.0,21.2,0.0,1.0,69.73,13.33
1787064308.2908556,428,any_person,position,held,True,31,True,True,True,5,0.4061,47.23,0.0,0.0,20.6,0.0,0.0,68.83,13.29
1787064308.3664947,429,any_person,position,held,True,31,True,True,True,5,0.4074,44.53,0.0,0.0,20.99,0.0,1.12,66.64,13.29
1787064308.4355037,430,any_person,position,held,True,31,True,True,True,4,0.4092,44.0,0.0,0.0,21.0,0.0,0.0,66.0,13.29
1787064308.5044088,431,any_person,position,held,True,31,True,True,True,4,0.4092,41.9,0.0,0.0,19.0,0.0,0.0,61.9,13.29
1787064308.58198,432,any_person,position,held,True,31,True,True,True,4,0.4092,40.79,0.0,0.0,19.51,0.0,1.27,61.57,13.29
1787064308.6632383,433,any_person,position,held,True,31,True,True,True,5,0.4092,43.35,0.0,0.0,21.1,0.0,1.11,65.56,13.29
1787064308.740904,434,any_person,position,held,True,31,True,True,True,6,0.4092,43.37,0.0,0.0,21.0,0.0,1.0,65.38,13.29
1787064308.820413,435,any_person,position,held,True,31,True,True,True,7,0.4092,44.01,0.0,0.0,21.0,0.0,1.0,66.0,13.29
1787064308.8959644,436,any_person,position,held,True,31,True,True,True,7,0.4092,42.05,0.0,0.0,20.51,0.0,1.0,63.55,13.29
1787064308.9707706,437,any_person,position,held,True,31,True,True,True,7,0.4,40.0,0.0,0.0,20.8,0.0,0.0,61.81,13.29
1787064309.0553517,438,any_person,position,held,True,31,True,True,True,8,0.3986,43.08,0.0,0.0,23.49,0.0,0.0,67.58,13.29
1787064309.1366515,439,any_person,position,held,True,31,True,True,True,9,0.3986,47.29,0.0,0.0,21.93,0.0,1.01,70.23,13.29
1787064309.2136717,440,any_person,position,held,True,31,True,True,True,9,0.3986,46.51,0.0,0.0,22.37,0.0,1.0,69.88,13.29
1787064309.2858338,441,any_person,position,held,True,31,True,True,True,10,0.3986,47.53,0.0,0.0,20.64,0.0,1.0,69.16,13.29
1787064309.3707912,442,any_person,position,held,True,31,True,True,True,10,0.3986,47.74,0.0,1.0,22.22,0.0,1.0,71.96,12.96
1787064309.441793,443,any_person,position,held,True,31,True,True,True,11,0.3986,45.01,0.0,0.0,19.0,1.0,0.0,65.01,12.96
1787064309.5218155,444,any_person,position,held,True,31,True,True,True,12,0.3986,42.52,0.0,0.0,22.0,0.0,0.0,65.52,12.96
1787064309.5896878,445,any_person,position,held,True,31,True,True,True,12,0.3986,44.03,0.0,0.0,19.85,0.0,1.0,64.87,12.96
1787064309.6593745,446,any_person,position,held,True,31,True,True,True,12,0.3986,41.66,0.0,0.0,20.51,0.0,1.01,63.18,12.96
1787064309.7419589,447,any_person,position,held,True,31,False,True,False,13,0.0378,45.6,0.0,0.0,21.47,0.0,0.0,68.08,12.96
1787064309.817466,448,any_person,position,held,True,31,False,True,False,13,0.039,43.0,0.0,0.0,21.0,0.0,1.0,65.0,12.96
1787064309.8979256,449,any_person,position,held,True,31,False,True,False,14,0.039,44.03,0.0,0.0,20.43,0.0,0.0,65.46,12.96
1787064309.9765415,450,any_person,position,held,True,31,False,True,False,14,0.0473,44.53,0.0,0.0,20.09,0.0,1.0,66.62,12.96
1787064310.0501738,451,any_person,position,held,True,31,False,True,False,15,0.0441,42.31,0.0,0.0,18.82,0.0,1.5,62.63,12.96
1787064310.1320517,452,any_person,position,held,True,31,False,True,False,15,0.0382,42.52,0.0,0.0,22.35,0.0,1.0,65.87,12.96
1787064310.213537,453,any_person,position,held,True,31,False,True,False,14,0.0389,44.52,0.0,0.0,22.96,0.0,0.0,68.48,12.96
1787064310.2926042,454,any_person,position,held,True,31,False,True,False,14,0.0389,45.52,0.0,0.0,22.55,0.0,0.0,69.07,12.96
1787064310.369104,455,any_person,position,held,True,31,False,True,False,14,0.042,46.53,0.0,0.0,20.97,0.0,1.0,68.5,12.96
1787064310.4505496,456,any_person,position,held,True,31,False,True,False,15,0.0354,49.52,0.0,0.0,21.43,0.0,1.5,72.45,12.97
1787064310.5220802,457,any_person,position,held,True,31,False,True,False,14,0.0348,46.53,0.0,0.0,19.0,0.0,1.0,66.53,12.97
1787064310.5982633,458,any_person,position,held,True,31,False,True,False,14,0.0348,42.04,0.0,0.0,20.52,0.65,0.0,64.22,12.97
1787064310.6780446,459,any_person,position,held,True,31,False,True,False,14,0.0282,43.52,0.0,0.0,20.51,0.0,1.76,65.78,12.97
1787064310.7562668,460,any_person,position,held,True,31,False,True,False,14,0.0282,44.56,0.0,0.0,21.21,0.0,0.0,66.78,12.97
1787064310.833745,461,any_person,position,held,True,31,False,True,False,13,0.0282,43.17,0.0,0.0,21.29,0.0,1.01,65.48,12.97
1787064310.898897,462,any_person,position,held,True,31,False,True,False,12,0.0282,41.03,0.0,0.0,19.11,0.0,1.01,61.15,12.97
1787064310.9721665,463,any_person,position,held,True,31,False,True,False,11,0.0282,44.04,0.0,0.0,20.23,0.0,1.0,65.27,12.97
1787064311.0495934,464,any_person,position,held,True,31,False,True,False,10,0.0282,42.54,0.0,0.0,20.88,0.0,0.0,64.42,12.97
1787064311.1325946,465,any_person,position,held,True,31,False,True,False,10,0.0282,44.53,0.0,0.0,22.03,0.0,1.01,69.49,12.97
1787064311.2065194,466,any_person,position,held,True,31,False,True,False,11,0.0282,49.52,0.0,0.0,21.34,0.0,0.0,70.86,12.97
1787064311.288856,467,any_person,position,held,True,31,False,True,False,10,0.0282,46.52,0.0,0.0,21.12,0.0,1.01,69.64,12.97
1787064311.3681636,468,any_person,position,held,True,31,False,True,False,10,0.0282,49.72,0.0,0.0,20.57,0.0,1.0,71.29,12.97
1787064311.443027,469,any_person,position,held,True,31,False,True,False,9,0.0246,46.0,0.0,0.0,21.83,0.0,1.03,68.87,12.97
1787064311.5220141,470,any_person,position,held,True,31,False,True,False,8,0.0246,46.52,0.0,0.0,23.33,0.0,1.0,70.85,13.07
1787064311.6006353,471,any_person,position,held,True,31,False,True,False,9,0.0246,47.04,0.0,0.0,23.58,0.0,1.0,71.62,13.07
1787064311.6773565,472,any_person,position,held,True,31,False,True,False,9,0.0246,49.57,0.0,0.0,22.15,0.0,0.0,72.72,13.07
1787064311.7553964,473,any_person,position,held,True,31,False,True,False,8,0.0246,45.8,0.0,0.0,26.23,0.0,1.01,73.04,13.07
1787064311.832167,474,any_person,position,held,True,31,False,True,False,8,0.0246,48.84,0.0,0.0,21.87,0.0,1.0,71.71,13.07
1787064311.909953,475,any_person,position,held,True,31,False,True,False,8,0.0246,49.73,0.0,0.0,23.74,0.0,1.0,74.47,13.07
1787064311.9883049,476,any_person,position,held,True,31,False,True,False,8,0.0246,47.04,0.0,0.0,24.31,1.0,0.0,73.35,13.07
1787064312.0689988,477,any_person,position,held,True,31,False,True,False,8,0.0246,52.21,0.0,0.0,21.48,0.0,3.0,76.69,13.07
1787064312.1637504,478,any_person,position,held,True,31,False,True,False,8,0.0246,49.08,0.0,0.0,27.19,0.0,1.0,77.27,13.07
1787064312.2391539,479,any_person,position,held,True,31,False,True,False,8,0.0246,48.52,0.0,0.0,22.89,0.0,1.0,72.4,13.07
1787064312.3163168,480,any_person,position,held,True,31,False,True,False,8,0.0246,48.04,0.0,0.0,24.13,0.0,0.0,73.16,13.07
1787064312.3907843,481,any_person,position,held,True,31,False,True,False,8,0.0246,44.91,0.0,0.0,22.02,0.0,0.0,67.95,13.07
1787064312.4750912,482,any_person,position,held,True,31,False,True,False,8,0.0246,46.52,0.0,0.0,24.79,0.0,1.01,72.31,13.07
1787064312.5545025,483,any_person,position,held,True,31,False,True,False,8,0.0246,51.52,0.0,0.0,22.88,0.0,1.01,75.41,12.59
1787064312.6296659,484,any_person,position,held,True,31,False,True,False,8,0.0246,46.72,0.0,0.0,22.17,0.0,1.28,70.17,12.59
1787064312.710329,485,any_person,position,held,True,31,False,True,False,8,0.0246,50.76,0.0,0.0,22.19,0.0,0.0,73.96,12.59
1787064312.7846854,486,any_person,position,held,True,31,False,True,False,8,0.0246,46.93,0.0,0.0,22.43,0.0,1.0,70.36,12.59
1787064312.8558831,487,any_person,position,held,True,31,False,True,False,8,0.0246,45.0,0.0,0.0,21.19,0.0,1.0,67.2,12.59
1787064312.9442408,488,any_person,position,held,True,31,True,True,True,8,0.3629,50.82,0.0,0.0,22.68,0.0,1.01,74.51,12.59
1787064313.0150287,489,any_person,position,held,True,31,True,True,True,9,0.3629,45.03,0.0,0.0,21.75,0.0,1.01,67.79,12.59
1787064313.0948641,490,any_person,position,held,True,31,True,True,True,9,0.3629,46.03,0.0,0.0,21.5,0.0,1.01,68.54,12.59
1787064313.1749835,491,any_person,position,held,True,31,True,True,True,9,0.3629,47.86,0.0,0.0,22.26,0.0,1.0,71.12,12.59
1787064313.2523618,492,any_person,position,held,True,31,True,True,True,10,0.3629,46.53,0.0,0.0,23.35,0.0,0.0,71.38,12.59
1787064313.3253787,493,any_person,position,held,True,31,True,True,True,11,0.3629,45.01,0.0,0.0,21.48,0.0,1.0,67.5,12.59
1787064313.4012,494,any_person,position,held,True,31,True,True,True,11,0.3629,47.52,0.0,0.0,23.29,0.0,1.01,71.82,12.59
1787064313.4849262,495,any_person,position,held,True,31,True,True,True,11,0.3629,45.55,0.0,0.0,22.18,0.0,1.0,68.73,12.59
1787064313.5574155,496,any_person,position,held,True,31,True,True,True,11,0.3629,46.54,0.0,0.0,21.96,0.0,1.0,69.49,12.96
1787064313.6465788,497,any_person,position,held,True,31,True,True,True,11,0.3629,50.38,0.0,0.0,20.82,0.0,1.0,73.16,12.96
1787064313.7231815,498,any_person,position,held,True,31,True,True,True,10,0.3629,50.51,0.0,0.0,20.74,0.0,1.0,72.25,12.96
1787064313.803253,499,any_person,position,held,True,31,True,True,True,10,0.361,52.52,0.0,0.0,22.55,0.0,1.0,76.07,12.96
1787064313.879777,500,any_person,position,held,True,31,True,True,True,10,0.361,50.51,0.0,0.0,22.01,0.0,1.0,73.52,12.96
1787064313.9558592,501,any_person,position,held,True,31,True,True,True,10,0.361,48.05,0.0,1.0,21.03,0.0,1.01,71.08,12.96
1787064314.0296981,502,any_person,position,held,True,31,True,True,True,10,0.361,47.03,0.0,0.0,22.21,0.0,1.16,70.84,12.96
1787064314.1027195,503,any_person,position,held,True,31,True,True,True,10,0.361,47.49,0.0,0.0,22.0,0.0,1.0,70.49,12.96
1787064314.1941254,504,any_person,position,held,True,31,True,True,True,10,0.361,52.24,0.0,0.0,21.66,0.0,1.0,74.9,12.96
1787064314.269977,505,any_person,position,held,True,31,True,True,True,10,0.361,48.3,0.0,0.0,22.76,0.77,0.51,72.85,12.96
1787064314.3451135,506,any_person,position,held,True,31,True,True,True,10,0.361,46.7,0.0,0.0,22.45,0.0,1.01,70.15,12.96
1787064314.4249623,507,any_person,position,held,True,31,True,True,True,10,0.361,47.51,0.0,0.0,23.33,0.0,0.0,71.85,12.96
1787064314.5001955,508,any_person,position,held,True,31,True,True,True,10,0.361,46.51,0.0,0.0,22.25,0.0,1.01,69.77,12.96
1787064314.5757124,509,any_person,position,held,True,31,True,True,True,10,0.361,46.17,0.0,0.0,21.42,0.0,1.0,68.58,12.77
1787064314.6577365,510,any_person,position,held,True,31,True,True,True,10,0.361,48.01,0.0,0.0,22.51,0.0,0.0,71.52,12.77
1787064314.7382247,511,any_person,position,held,True,31,True,True,True,10,0.361,50.15,0.0,0.0,23.08,0.0,0.52,74.37,12.77
1787064314.8131366,512,any_person,position,held,True,31,True,True,True,11,0.3528,46.91,0.0,0.0,22.68,0.0,1.0,70.6,12.77
1787064314.8861961,513,any_person,position,held,True,31,True,True,True,10,0.3498,44.57,0.0,0.0,21.48,0.0,1.0,67.06,12.77
1787064314.963075,514,any_person,position,held,True,31,True,True,True,9,0.3498,43.62,0.0,0.0,21.26,0.0,1.0,65.88,12.77
1787064315.0484073,515,any_person,position,held,True,31,True,True,True,9,0.3491,49.99,0.0,0.0,23.32,0.0,0.0,74.33,12.77
1787064315.1233826,516,any_person,position,held,True,31,True,True,True,9,0.3491,48.15,0.0,0.0,22.36,0.0,1.0,71.51,12.77
1787064315.2018661,517,any_person,position,held,True,31,True,True,True,9,0.3491,46.03,0.0,0.0,23.46,1.0,0.0,71.48,12.77
1787064315.275284,518,any_person,position,held,True,31,True,True,True,9,0.3491,47.52,0.0,0.0,21.9,0.0,1.0,70.42,12.77
1787064315.3574464,519,any_person,position,held,True,31,False,True,False,8,0.0214,48.28,0.0,0.0,19.89,0.0,1.0,69.16,12.77
1787064315.4348419,520,any_person,position,held,True,31,False,True,False,8,0.0214,46.0,0.0,0.0,21.4,0.0,1.0,68.4,12.77
1787064315.5093658,521,any_person,position,held,True,31,False,True,False,8,0.0214,47.52,0.0,0.0,22.0,0.0,1.0,70.52,12.77
1787064315.590446,522,any_person,position,held,True,31,False,True,False,8,0.0214,46.12,0.0,0.0,22.96,0.0,1.0,70.08,12.81
1787064315.669853,523,any_person,position,held,True,31,False,True,False,8,0.0214,47.9,0.0,0.0,21.01,0.0,1.0,70.9,12.81
1787064315.7471364,524,any_person,position,held,True,31,False,True,False,8,0.0214,48.0,0.0,0.0,21.28,0.0,1.0,70.28,12.81
1787064315.827677,525,any_person,position,held,True,31,False,True,False,7,0.0214,50.13,0.0,0.0,21.91,0.0,1.0,73.04,12.81
1787064315.9044485,526,any_person,position,held,True,31,False,True,False,7,0.0214,47.56,0.0,0.0,22.2,0.0,1.01,71.78,12.81
1787064315.971533,527,any_person,position,held,True,31,False,True,False,8,0.0214,43.45,0.0,0.0,19.63,0.0,1.0,64.09,12.81
1787064316.0438063,528,any_person,position,held,True,31,False,True,False,9,0.0214,46.6,0.0,0.0,20.67,1.0,0.0,69.27,12.81
1787064316.1199844,529,any_person,position,held,True,31,False,True,False,10,0.0214,49.61,0.0,0.0,22.55,0.0,1.01,73.18,12.81
1787064316.2051866,530,any_person,position,held,True,31,False,True,False,10,0.0214,49.64,0.0,0.0,22.88,1.01,0.0,74.53,12.81
1787064316.2775612,531,any_person,position,held,True,31,False,True,False,11,0.0213,44.21,0.0,0.0,23.64,0.51,0.0,69.38,12.81
1787064316.3561015,532,any_person,position,held,True,31,False,True,False,11,0.0326,46.93,0.0,0.0,23.61,0.0,0.0,71.54,12.81
1787064316.4367137,533,any_person,position,held,True,31,False,True,False,12,0.0326,52.0,0.0,0.0,19.17,1.41,0.0,73.59,12.81
1787064316.5118313,534,any_person,position,held,True,31,False,True,False,12,0.0326,49.12,0.0,0.0,21.49,0.0,1.0,71.61,12.81
1787064316.5856054,535,any_person,position,held,True,31,False,True,False,12,0.0326,48.03,0.0,0.0,21.24,0.0,1.0,70.77,12.81
1787064316.6652896,536,any_person,position,held,True,31,False,True,False,12,0.0326,45.6,0.0,0.0,22.56,0.0,1.0,69.17,13.03
1787064316.746283,537,any_person,position,held,True,31,False,True,False,12,0.0326,48.0,0.0,0.0,22.99,0.0,1.01,72.0,13.03
1787064316.8246474,538,any_person,position,held,True,31,False,True,False,12,0.0326,51.59,0.0,0.0,22.52,0.0,0.5,74.62,13.03
1787064316.9054866,539,any_person,position,held,True,31,False,True,False,12,0.0326,49.52,0.0,0.0,24.31,0.0,1.01,75.84,13.03
1787064316.9889436,540,any_person,position,held,True,31,False,True,False,12,0.0326,45.02,0.0,0.0,20.43,0.0,1.01,66.46,13.03
1787064317.0638006,541,any_person,position,held,True,31,False,True,False,12,0.0326,47.21,0.0,0.0,22.64,1.0,0.0,71.86,13.03
1787064317.1418843,542,any_person,position,held,True,31,True,True,True,11,0.3369,42.0,0.0,0.0,21.07,0.0,1.01,64.09,13.03
1787064317.2242172,543,any_person,position,held,True,31,True,True,True,11,0.3378,44.37,0.0,0.0,22.5,0.0,1.0,67.87,13.03
1787064317.3021965,544,any_person,position,held,True,31,True,True,True,11,0.3378,46.52,0.0,0.0,20.45,0.0,1.01,67.98,13.03
1787064317.3851252,545,any_person,position,held,True,31,True,True,True,11,0.3378,48.63,0.0,0.0,22.76,0.0,0.53,71.93,13.03
1787064317.4609728,546,any_person,position,held,True,31,True,True,True,11,0.3378,45.32,0.0,0.0,22.49,0.0,1.0,68.81,13.03
1787064317.5413215,547,any_person,position,held,True,31,True,True,True,11,0.3378,49.36,0.0,0.0,20.3,0.0,1.0,71.67,13.03
1787064317.6166077,548,any_person,position,held,True,31,True,True,True,10,0.3378,45.92,0.0,0.0,21.82,0.0,0.0,68.74,13.03
1787064317.6961956,549,any_person,position,held,True,31,True,True,True,9,0.3471,46.52,0.0,0.0,21.07,0.0,1.0,68.59,12.61
1787064317.769724,550,any_person,position,held,True,31,True,True,True,10,0.3471,46.01,0.0,0.0,21.92,0.56,0.54,69.54,12.61
1787064317.850284,551,any_person,position,held,True,31,True,True,True,11,0.3488,45.0,0.0,0.0,20.99,0.0,0.51,67.5,12.61
1787064317.922884,552,any_person,position,held,True,31,True,True,True,10,0.3526,46.34,0.0,0.0,21.66,0.0,1.0,69.0,12.61
1787064318.0052447,553,any_person,position,held,True,31,True,True,True,10,0.3526,45.03,0.0,0.0,23.33,0.0,1.0,69.36,12.61
1787064318.0764167,554,any_person,position,held,True,31,True,True,True,9,0.3526,42.4,0.0,0.0,19.78,0.0,1.0,63.17,12.61
1787064318.1518843,555,any_person,position,held,True,31,True,True,True,8,0.3526,41.0,0.0,0.0,19.47,0.0,1.0,61.47,12.61
1787064318.2323682,556,any_person,position,held,True,31,True,True,True,8,0.3526,42.29,0.0,0.0,19.68,0.0,1.0,62.97,12.61
1787064318.3033626,557,any_person,position,held,True,31,True,True,True,7,0.3559,43.52,0.0,0.0,21.47,1.0,0.0,67.0,12.61
1787064318.3801522,558,any_person,position,held,True,31,True,True,True,8,0.3559,51.53,0.0,0.0,21.19,0.0,0.51,73.79,12.61
1787064318.4626036,559,any_person,position,held,True,31,True,True,True,8,0.3559,48.0,0.0,0.0,23.44,0.0,0.0,72.44,12.61
1787064318.5354774,560,any_person,position,held,True,31,True,True,True,8,0.3559,46.0,0.0,0.0,21.88,0.0,1.0,68.87,12.61
1787064318.6135793,561,any_person,position,held,True,31,True,True,True,8,0.3559,45.83,0.0,0.0,21.2,0.0,1.07,68.1,12.61
1787064318.6898327,562,any_person,position,held,True,31,True,True,True,8,0.3559,43.95,0.0,0.0,20.0,0.0,0.0,65.95,12.61
1787064318.7668087,563,any_person,position,held,True,31,True,True,True,8,0.3559,44.0,0.0,0.0,20.97,0.0,1.0,65.98,13.08
1787064318.8373437,564,any_person,position,held,True,31,True,True,True,8,0.3559,45.52,0.0,0.0,20.35,0.0,1.0,66.87,13.08
1787064318.9110076,565,any_person,position,held,True,31,True,True,True,8,0.3559,45.52,0.0,0.0,22.0,0.0,0.0,68.52,13.08
1787064318.9786572,566,any_person,position,held,True,31,True,True,True,8,0.3559,45.34,0.0,0.0,19.31,0.0,0.0,64.65,13.08
1787064319.0520382,567,any_person,position,held,True,31,True,True,True,8,0.3559,43.87,0.0,0.0,23.41,0.0,0.0,68.29,13.08
1787064319.1297593,568,any_person,position,held,True,31,True,True,True,8,0.3559,45.96,0.0,0.0,21.26,0.0,0.0,68.22,13.08
1787064319.2028134,569,any_person,position,held,True,31,True,True,True,8,0.3559,42.03,0.0,0.0,20.02,0.0,0.0,63.05,13.08
1787064319.2773423,570,any_person,position,held,True,31,True,True,True,8,0.3559,40.01,0.0,0.0,19.51,0.0,1.0,60.52,13.08
1787064319.3462615,571,any_person,position,held,True,31,True,True,True,8,0.3559,43.85,0.0,0.0,21.06,0.0,1.01,65.92,13.08
1787064319.4225447,572,any_person,position,held,True,31,True,True,True,8,0.3559,44.05,0.0,0.0,21.11,0.0,0.51,65.66,13.08
1787064319.4989648,573,any_person,position,held,True,31,True,True,True,8,0.3559,42.51,0.0,0.0,21.9,0.0,0.0,64.41,13.08
1787064319.5668666,574,any_person,position,held,True,31,True,True,True,8,0.3559,43.04,0.0,0.0,20.37,0.0,1.01,64.41,13.08
1787064319.6410937,575,any_person,position,held,True,31,True,True,True,8,0.3559,45.63,0.0,0.0,21.09,0.0,1.0,68.22,13.08
1787064319.7198727,576,any_person,position,held,True,31,True,True,True,8,0.3559,46.3,0.0,0.0,20.96,0.0,1.0,68.26,13.08
1787064319.7993462,577,any_person,position,held,True,31,True,True,True,8,0.3559,46.52,0.0,0.0,22.95,0.0,0.0,70.47,13.56
1787064319.8775735,578,any_person,position,held,True,31,True,True,True,8,0.3559,46.69,0.0,0.0,21.58,0.0,0.0,69.27,13.56
1787064319.94932,579,any_person,position,held,True,31,True,True,True,8,0.3559,42.52,0.0,0.0,20.01,1.0,0.0,64.53,13.56
1787064320.0199819,580,any_person,position,held,True,31,True,True,True,8,0.3559,44.1,0.0,0.0,22.56,0.0,1.0,67.67,13.56
1787064320.093173,581,any_person,position,held,True,31,True,True,True,8,0.3559,44.19,0.0,0.0,21.0,0.0,1.0,66.19,13.56
1787064320.1760552,582,any_person,position,held,True,31,True,True,True,8,0.3559,45.94,0.0,0.0,22.94,0.0,1.0,69.88,13.56
1787064320.242102,583,any_person,position,held,True,31,True,True,True,8,0.3559,43.05,0.0,0.0,19.0,0.0,1.0,63.05,13.56
1787064320.3136218,584,any_person,position,held,True,31,True,True,True,8,0.3559,44.51,0.0,0.0,21.0,0.0,1.0,66.52,13.56
1787064320.3888998,585,any_person,position,held,True,31,True,True,True,8,0.3559,42.51,0.0,0.0,20.52,0.0,1.0,64.03,13.56
1787064320.4706302,586,any_person,position,held,True,31,True,True,True,8,0.3559,45.01,0.0,0.0,21.73,0.0,1.0,68.73,13.56
1787064320.5466466,587,any_person,position,held,True,31,True,True,True,8,0.3559,45.0,0.0,0.0,20.01,0.0,1.0,66.02,13.56
1787064320.6256104,588,any_person,position,held,True,31,True,True,True,8,0.3559,42.87,0.0,0.0,23.08,0.0,1.01,66.96,13.56
1787064320.704841,589,any_person,position,held,True,31,True,True,True,8,0.3559,45.52,0.0,0.0,21.49,0.0,1.0,68.02,13.56
1787064320.7832994,590,any_person,position,held,True,31,True,True,True,8,0.3559,45.0,0.0,0.0,20.95,0.0,1.0,66.95,13.56
1787064320.8542452,591,any_person,position,held,True,31,True,True,True,8,0.3559,44.32,0.0,0.0,21.12,0.0,1.0,66.44,13.27
1787064320.9697611,592,any_person,position,held,True,31,True,True,True,8,0.3559,48.7,0.0,0.0,22.43,0.0,1.0,72.12,13.27
1787064321.0462637,593,any_person,position,held,True,31,True,True,True,8,0.3559,43.66,0.0,0.0,21.84,0.0,1.0,66.5,13.27
1787064321.122784,594,any_person,position,held,True,31,True,True,True,8,0.3559,44.52,0.0,0.0,19.99,1.0,0.0,65.52,13.27
1787064321.1996057,595,any_person,position,held,True,31,True,True,True,8,0.3559,41.52,0.0,0.0,20.3,1.0,1.0,63.82,13.27
1787064321.2838051,596,any_person,position,held,True,31,True,True,True,8,0.3559,48.78,0.0,0.0,21.41,0.0,1.01,71.2,13.27
1787064321.3569233,597,any_person,position,held,True,31,True,True,True,8,0.3559,44.12,0.0,0.0,21.0,0.0,1.0,66.12,13.27
1787064321.4239652,598,any_person,position,held,True,31,True,True,True,8,0.3559,42.04,0.0,0.0,21.0,0.0,1.0,64.04,13.27
1787064321.49404,599,any_person,position,held,True,31,True,True,True,8,0.3632,43.08,0.0,0.0,21.98,0.0,0.0,66.08,13.27
1787064321.5783772,600,any_person,position,held,True,31,True,True,True,9,0.3554,46.01,0.0,0.0,20.76,0.0,1.0,67.77,13.27
1787064321.6527774,601,any_person,position,held,True,31,False,True,False,9,0.0344,43.06,0.0,0.0,20.33,0.0,1.01,64.4,13.27
1787064321.725761,602,any_person,position,held,True,31,False,True,False,9,0.0344,39.0,0.0,0.0,19.47,0.0,1.0,59.48,13.27
1787064321.7969506,603,any_person,position,held,True,31,False,True,False,10,0.0344,45.03,0.0,0.0,22.16,0.0,1.0,68.19,13.27
1787064321.8776164,604,any_person,position,held,True,31,False,True,False,10,0.0344,47.19,0.0,0.0,23.47,0.0,1.0,71.67,12.7
1787064321.9511514,605,any_person,position,held,True,31,False,True,False,10,0.0328,45.29,0.0,0.0,20.85,0.0,0.0,67.13,12.7
1787064322.033818,606,any_person,position,held,True,31,False,True,False,10,0.0322,47.43,0.0,0.0,23.71,0.0,1.03,72.17,12.7
1787064322.1115277,607,any_person,position,held,True,31,False,True,False,10,0.028,48.71,0.0,0.0,22.0,0.0,0.0,71.71,12.7
1787064322.1830628,608,any_person,position,held,True,31,False,True,False,10,0.0187,43.01,0.0,0.0,20.02,0.0,1.0,65.54,12.7
1787064322.262912,609,any_person,position,held,True,31,False,True,False,9,0.0187,44.09,0.0,0.0,20.52,0.0,1.01,65.61,12.7
1787064322.3445175,610,any_person,position,held,True,31,False,True,False,10,0.0187,47.01,0.0,0.0,23.59,0.0,0.0,71.61,12.7
1787064322.4167085,611,any_person,position,held,True,31,False,True,False,9,0.0187,44.67,0.0,0.0,20.52,0.0,1.0,66.19,12.7
1787064322.494239,612,any_person,position,held,True,31,False,True,False,9,0.0208,43.53,0.0,0.0,20.99,0.0,1.0,65.53,12.7
1787064322.5631564,613,any_person,position,held,True,31,False,True,False,9,0.0287,43.0,0.0,0.0,20.91,0.0,1.01,64.92,12.7
1787064322.6424034,614,any_person,position,held,True,31,False,True,False,9,0.0287,49.54,0.0,0.0,21.69,0.0,1.01,72.24,12.7
1787064322.7133121,615,any_person,position,held,True,31,False,True,False,9,0.0287,43.17,0.0,0.0,20.73,0.0,1.01,64.91,12.7
1787064322.7888303,616,any_person,position,held,True,31,False,True,False,9,0.0287,41.51,0.0,0.0,20.01,0.0,1.0,62.52,12.7
1787064322.8686428,617,any_person,position,held,True,31,False,True,False,9,0.0287,43.0,0.0,0.0,20.01,0.0,1.0,64.01,12.7
1787064322.9524758,618,any_person,position,held,True,31,False,True,False,9,0.0287,45.93,0.0,0.0,22.9,0.0,1.01,69.83,13.02
1787064323.0293345,619,any_person,position,held,True,31,False,True,False,9,0.0287,46.07,0.0,0.0,21.79,0.0,1.0,68.86,13.02
1787064323.105409,620,any_person,position,held,True,31,False,True,False,9,0.0287,46.53,0.0,0.0,21.03,0.0,1.0,68.56,13.02
1787064323.1914604,621,any_person,position,held,True,31,False,True,False,9,0.0287,53.21,0.0,0.0,20.84,0.0,1.0,75.05,13.02
1787064323.2658849,622,any_person,position,held,True,31,False,True,False,9,0.0287,48.77,0.0,0.0,21.64,0.0,1.01,71.42,13.02
1787064323.3368828,623,any_person,position,held,True,31,False,True,False,9,0.0287,43.0,0.0,0.0,20.0,0.0,0.0,64.0,13.02
1787064323.4176342,624,any_person,position,held,True,31,True,True,True,9,0.3866,42.04,0.0,0.0,23.71,0.0,1.0,66.75,13.02
1787064323.4971535,625,any_person,position,held,True,31,True,True,True,9,0.3866,45.52,0.0,0.0,21.0,0.0,0.0,67.52,13.02
1787064323.5712883,626,any_person,position,held,True,31,True,True,True,8,0.4094,41.01,0.0,0.0,20.13,0.0,1.0,62.14,13.02
1787064323.6495435,627,any_person,position,held,True,31,True,True,True,8,0.4094,41.65,0.0,0.0,20.61,0.0,1.0,63.25,13.02
1787064323.7190542,628,any_person,position,held,True,31,True,True,True,9,0.4094,44.51,0.0,0.0,21.0,0.0,1.0,66.51,13.02
1787064323.7916899,629,any_person,position,held,True,31,True,True,True,8,0.4094,43.52,0.0,0.0,21.12,0.0,0.0,65.64,13.02
1787064323.8686697,630,any_person,position,held,True,31,True,True,True,7,0.4094,42.83,0.0,0.0,21.15,0.0,1.0,64.98,13.02
1787064323.9465783,631,any_person,position,held,True,31,True,True,True,6,0.4094,42.63,0.0,0.0,21.29,0.0,1.0,64.91,13.02
1787064324.0241687,632,any_person,position,held,True,31,True,True,True,7,0.4094,42.02,0.0,0.0,20.57,0.0,1.0,63.59,13.06
1787064324.108494,633,any_person,position,held,True,31,True,True,True,8,0.4094,47.53,0.0,0.0,21.07,0.0,1.0,69.59,13.06
1787064324.1818562,634,any_person,position,held,True,31,True,True,True,8,0.4094,47.01,0.0,0.0,21.02,0.0,1.34,69.36,13.06
1787064324.2628202,635,any_person,position,held,True,31,True,True,True,7,0.4156,43.99,0.0,0.0,21.58,0.0,1.0,66.57,13.06
1787064324.347554,636,any_person,position,held,True,31,True,True,True,7,0.4288,48.0,0.0,0.0,23.73,0.0,1.0,72.73,13.06
1787064324.4225192,637,any_person,position,held,True,31,True,True,True,7,0.4288,48.52,0.0,0.0,22.44,0.0,1.0,71.96,13.06
1787064324.4990134,638,any_person,position,held,True,31,True,True,True,7,0.4288,44.51,0.0,0.0,22.98,0.0,1.0,68.49,13.06
1787064324.5768116,639,any_person,position,held,True,31,True,True,True,7,0.4288,48.01,0.0,0.0,19.79,0.0,0.0,68.8,13.06
1787064324.6474495,640,any_person,position,held,True,31,True,True,True,7,0.4288,40.55,0.0,0.0,18.08,1.01,0.0,61.64,13.06
1787064324.7321424,641,any_person,position,held,True,31,True,True,True,7,0.4288,45.01,0.0,0.0,22.17,0.0,1.01,68.18,13.06
1787064324.8075318,642,any_person,position,held,True,31,True,True,True,7,0.4288,44.18,0.0,0.0,20.23,0.0,1.0,65.41,13.06
1787064324.8825526,643,any_person,position,held,True,31,True,True,True,7,0.4288,42.0,0.0,0.0,19.51,0.0,0.0,62.51,13.06
1787064324.9654331,644,any_person,position,held,True,31,True,True,True,7,0.4288,43.26,0.0,0.0,23.62,0.0,1.0,67.88,13.06
1787064325.0382493,645,any_person,position,held,True,31,True,True,True,7,0.4288,42.25,0.0,0.0,19.22,0.0,1.34,62.82,12.82
1787064325.1171794,646,any_person,position,held,True,31,True,True,True,7,0.4288,42.51,0.0,0.0,21.41,0.0,1.0,64.92,12.82
1787064325.1923656,647,any_person,position,held,True,31,True,True,True,7,0.4288,48.11,0.0,0.0,22.08,0.0,1.0,71.19,12.82
1787064325.2804937,648,any_person,position,held,True,31,True,True,True,7,0.4288,49.67,0.0,0.0,20.72,0.0,0.0,71.38,12.82
1787064325.355829,649,any_person,position,held,True,31,True,True,True,7,0.4288,48.02,0.0,0.0,20.32,0.0,1.0,69.34,12.82
1787064325.4249666,650,any_person,position,held,True,31,True,True,True,7,0.4288,44.05,0.0,0.0,21.09,0.0,1.0,66.14,12.82
1787064325.4983552,651,any_person,position,held,True,31,True,True,True,7,0.4288,46.52,0.0,0.0,21.87,0.0,1.0,69.39,12.82
1787064325.5728135,652,any_person,position,held,True,31,True,True,True,7,0.4288,48.01,0.0,0.0,19.45,0.0,1.0,68.46,12.82
1787064325.6545446,653,any_person,position,held,True,31,True,True,True,7,0.4288,49.12,0.0,0.0,23.23,0.0,1.0,73.35,12.82
1787064325.724486,654,any_person,position,held,True,31,True,True,True,7,0.4288,44.52,0.0,0.0,20.43,0.0,1.0,65.94,12.82
1787064325.7916186,655,any_person,position,held,True,31,True,True,True,7,0.4288,42.51,0.0,0.0,20.61,0.0,1.01,64.13,12.82
1787064325.8679564,656,any_person,position,held,True,31,True,True,True,7,0.4288,46.52,0.0,0.0,20.82,1.0,0.0,69.34,12.82
1787064325.9349475,657,any_person,position,held,True,31,True,True,True,7,0.4288,43.92,0.0,0.0,19.08,0.0,0.0,63.99,12.82
1787064326.005899,658,any_person,position,held,True,31,True,True,True,7,0.4288,45.52,0.0,0.0,21.43,0.0,1.0,67.95,12.82
1787064326.08407,659,any_person,position,held,True,31,True,True,True,7,0.4288,45.66,0.0,0.0,20.52,0.0,0.0,67.17,13.39
1787064326.1570747,660,any_person,position,held,True,31,True,True,True,7,0.4288,41.0,0.0,0.0,20.01,0.0,1.0,62.01,13.39
1787064326.241804,661,any_person,position,held,True,31,True,True,True,7,0.4288,46.01,0.0,0.0,22.04,0.0,1.0,69.05,13.39
1787064326.3188882,662,any_person,position,held,True,31,True,True,True,7,0.4288,49.52,0.0,0.0,23.57,0.0,0.0,74.08,13.39
1787064326.3963416,663,any_person,position,held,True,31,True,True,True,7,0.4288,44.05,0.0,0.0,23.41,0.0,0.0,68.45,13.39
1787064326.4631722,664,any_person,position,held,True,31,True,True,True,7,0.4288,42.83,0.0,0.0,20.0,1.0,0.0,63.83,13.39
1787064326.5368612,665,any_person,position,held,True,31,True,True,True,7,0.4288,45.0,0.0,0.0,21.18,0.0,1.0,67.18,13.39
1787064326.6154065,666,any_person,position,held,True,31,True,True,True,7,0.4288,45.21,0.0,0.0,21.33,0.0,1.0,67.55,13.39
1787064326.6946812,667,any_person,position,held,True,31,True,True,True,7,0.4288,44.59,0.0,0.0,24.68,0.0,0.0,70.27,13.39
1787064326.7747953,668,any_person,position,held,True,31,True,True,True,7,0.4288,48.01,0.0,0.0,22.1,1.0,0.0,72.11,13.39
1787064326.8451717,669,any_person,position,held,True,31,True,True,True,7,0.4288,44.56,0.0,0.0,18.82,1.0,0.0,65.38,13.39
1787064326.9136467,670,any_person,position,held,True,31,True,True,True,7,0.4288,42.52,0.0,0.0,21.96,0.0,1.0,65.47,13.39
1787064326.9841967,671,any_person,position,held,True,31,True,True,True,7,0.4288,46.03,0.0,0.0,20.51,0.0,1.0,67.54,13.39
1787064327.0609028,672,any_person,position,held,True,31,True,True,True,7,0.4288,41.67,0.0,0.0,21.03,0.0,1.0,63.7,13.39
1787064327.1374097,673,any_person,position,held,True,31,True,True,True,7,0.4288,41.0,0.0,0.0,20.0,0.0,1.0,62.0,13.29
1787064327.2163224,674,any_person,position,held,True,31,True,True,True,7,0.4288,41.52,0.0,0.0,20.38,0.0,0.0,62.91,13.29
1787064327.284814,675,any_person,position,held,True,31,True,True,True,7,0.4288,42.89,0.0,0.0,20.79,0.0,1.0,64.69,13.29
1787064327.3588743,676,any_person,position,held,True,31,True,True,True,7,0.4288,44.02,0.0,0.0,22.04,0.0,1.0,67.06,13.29
1787064327.4409323,677,any_person,position,held,True,31,True,True,True,7,0.4288,50.07,0.0,0.0,21.48,0.0,1.01,72.55,13.29
1787064327.5244389,678,any_person,position,held,True,31,True,True,True,7,0.4288,53.52,0.0,0.0,22.98,0.0,1.0,77.5,13.29
1787064327.609106,679,any_person,position,held,True,31,True,True,True,7,0.4288,44.52,0.0,0.0,23.15,0.0,1.0,68.67,13.29
1787064327.6856303,680,any_person,position,held,True,31,True,True,True,7,0.4288,43.51,0.0,0.0,21.0,1.0,0.0,66.52,13.29
1787064327.7619066,681,any_person,position,held,True,31,True,True,True,7,0.4288,44.0,0.0,0.0,20.29,0.0,1.0,65.28,13.29
1787064327.843614,682,any_person,position,held,True,31,True,True,True,7,0.4288,48.0,0.0,0.0,20.2,0.0,1.0,69.2,13.29
1787064327.9182231,683,any_person,position,held,True,31,True,True,True,7,0.4288,44.8,0.0,0.0,21.8,0.0,0.0,67.61,13.29
1787064327.9857988,684,any_person,position,held,True,31,True,True,True,7,0.4288,44.95,0.0,0.0,18.39,0.0,1.24,64.58,13.29
1787064328.062216,685,any_person,position,held,True,31,True,True,True,7,0.4288,46.56,0.0,0.0,22.3,0.0,1.0,69.86,13.29
1787064328.136185,686,any_person,position,held,True,31,True,True,True,7,0.4288,42.01,0.0,0.0,21.94,0.0,1.0,64.95,13.29
1787064328.214719,687,any_person,position,held,True,31,True,True,True,7,0.4288,44.52,0.0,0.0,19.99,0.0,1.0,65.52,13.0
1787064328.2867694,688,any_person,position,held,True,31,True,True,True,7,0.4288,40.05,0.0,0.0,19.0,0.0,0.0,60.05,13.0
1787064328.355287,689,any_person,position,held,True,31,True,True,True,7,0.4288,44.01,0.0,0.0,20.51,0.0,1.0,65.52,13.0
1787064328.433225,690,any_person,position,held,True,31,True,True,True,7,0.4288,43.0,0.0,0.0,20.89,0.0,0.0,64.89,13.0
1787064328.5168972,691,any_person,position,held,True,31,True,True,True,7,0.4288,49.53,0.0,0.0,21.09,0.0,1.0,71.62,13.0
1787064328.5934763,692,any_person,position,held,True,31,True,True,True,7,0.4288,47.54,0.0,0.0,21.03,1.01,0.0,70.58,13.0
1787064328.666376,693,any_person,position,held,True,31,True,True,True,7,0.4288,48.62,0.0,0.0,20.28,0.0,1.01,69.9,13.0
1787064328.7467043,694,any_person,position,held,True,31,True,True,True,7,0.4288,43.0,0.0,0.0,20.81,1.01,0.0,65.82,13.0
1787064328.827525,695,any_person,position,held,True,31,True,True,True,7,0.4288,45.88,0.0,0.0,19.94,0.0,1.0,67.82,13.0
1787064328.8937726,696,any_person,position,held,True,31,True,True,True,7,0.4288,42.39,0.0,0.0,19.86,0.0,0.0,63.25,13.0
1787064328.9648604,697,any_person,position,held,True,31,True,True,True,7,0.4288,46.12,0.0,0.0,20.96,0.0,1.0,68.09,13.0
1787064329.0475156,698,any_person,position,held,True,31,True,True,True,7,0.4288,47.32,0.0,0.0,20.8,0.0,1.0,70.14,13.0
1787064329.1246378,699,any_person,position,held,True,31,True,True,True,7,0.4288,46.03,0.0,0.0,21.09,1.01,0.0,69.12,13.0
1787064329.2021968,700,any_person,position,held,True,31,True,True,True,7,0.4288,45.76,0.0,0.0,22.43,0.0,1.0,69.19,13.0
1787064329.268965,701,any_person,position,held,True,31,True,True,True,7,0.4288,42.26,0.0,0.0,20.51,0.0,1.0,63.77,13.28
1787064329.3357005,702,any_person,position,held,True,31,True,True,True,7,0.4288,42.0,0.0,0.0,19.23,1.0,0.0,62.23,13.28
1787064329.4174225,703,any_person,position,held,True,31,True,True,True,7,0.4288,44.52,0.0,0.0,20.82,0.0,1.0,67.21,13.28
1787064329.4948745,704,any_person,position,held,True,31,True,True,True,7,0.4288,43.43,0.0,0.0,20.51,0.0,1.0,64.94,13.28
1787064329.5714765,705,any_person,position,held,True,31,True,True,True,7,0.4288,44.01,0.0,0.0,19.59,0.0,1.0,64.61,13.28
1787064329.6504543,706,any_person,position,held,True,31,True,True,True,7,0.4288,42.7,0.0,0.0,21.28,0.0,1.0,64.98,13.28
1787064329.7359486,707,any_person,position,held,True,31,True,True,True,7,0.4288,49.89,0.0,0.0,21.94,0.0,0.0,72.83,13.28
1787064329.8105435,708,any_person,position,held,True,31,True,True,True,7,0.4288,48.52,0.0,0.0,22.07,0.0,0.0,71.6,13.28
1787064329.8870337,709,any_person,position,held,True,31,True,True,True,7,0.4288,46.14,0.0,0.0,20.35,0.0,1.0,67.49,13.28
1787064329.9612057,710,any_person,position,held,True,31,True,True,True,7,0.4288,43.68,0.0,0.0,19.98,0.0,1.01,65.17,13.28
1787064330.043184,711,any_person,position,held,True,31,True,True,True,7,0.4288,45.82,0.0,0.0,23.62,0.0,1.0,70.45,13.28
1787064330.1249943,712,any_person,position,held,True,31,True,True,True,7,0.4288,51.35,0.0,0.0,22.46,0.0,1.0,74.82,13.28
1787064330.2133796,713,any_person,position,held,True,31,True,True,True,7,0.4288,44.82,0.0,0.0,23.87,0.0,0.0,69.69,13.28
1787064330.2885146,714,any_person,position,held,True,31,True,True,True,7,0.4288,44.69,0.0,0.0,20.93,0.0,1.51,67.13,12.75
1787064330.3643966,715,any_person,position,held,True,31,True,True,True,7,0.4288,44.53,0.0,0.0,20.0,0.0,0.0,65.53,12.75
1787064330.432161,716,any_person,position,held,True,31,True,True,True,7,0.4288,43.0,0.0,0.0,20.26,0.0,1.0,64.26,12.75
1787064330.5085235,717,any_person,position,held,True,31,True,True,True,7,0.4288,47.02,0.0,0.0,20.27,0.0,1.0,68.29,12.75
1787064330.5575268,718,any_person,position,grace,False,,False,False,False,0,0.0,46.0,0.0,0.0,0.0,0.0,0.0,46.0,12.75
1787064330.6115193,719,any_person,position,grace,False,,False,False,False,0,0.0,44.99,0.0,0.0,0.0,0.0,0.0,45.99,12.75
1787064330.6720338,720,any_person,position,grace,False,,False,False,False,0,0.0,43.51,0.0,0.0,0.0,0.0,0.0,44.51,12.75
1787064330.7185469,721,any_person,position,grace,False,,False,False,False,0,0.0,42.51,0.0,0.0,0.0,0.0,0.0,43.51,12.75
1787064330.7810733,722,any_person,position,grace,False,,False,False,False,0,0.0,43.52,0.0,0.0,0.0,0.0,1.0,44.53,12.75
1787064330.8527582,723,any_person,position,reacquired,True,71,False,True,False,0,0.0,45.2,0.0,1.0,21.5,0.0,1.0,68.69,12.75
1787064330.932625,724,any_person,position,held,True,71,False,True,False,0,0.0,47.54,0.0,0.0,22.33,0.0,1.01,70.88,12.75
1787064331.0064323,725,any_person,position,held,True,71,False,True,False,0,0.0,45.46,0.0,0.0,19.83,0.0,1.01,66.29,12.75
1787064331.078006,726,any_person,position,held,True,71,False,True,False,0,0.0,48.46,0.0,0.0,19.57,0.0,1.0,69.03,12.75
1787064331.1622708,727,any_person,position,held,True,71,False,True,False,0,0.0,43.0,0.0,0.0,21.2,1.0,0.0,66.2,12.75
1787064331.2452397,728,any_person,position,held,True,71,False,True,False,0,0.0,49.68,0.0,0.0,20.78,0.0,0.0,71.46,12.75
1787064331.3209677,729,any_person,position,held,True,71,False,True,False,0,0.0,48.53,0.0,0.0,23.19,0.0,1.01,72.73,14.53
1787064331.4047844,730,any_person,position,held,True,71,False,True,False,0,0.0,52.57,0.0,0.0,21.25,0.0,1.0,74.82,14.53
1787064331.4767742,731,any_person,position,held,True,71,False,True,False,0,0.0,46.3,0.0,0.0,20.68,0.0,1.0,67.99,14.53
1787064331.5514357,732,any_person,position,held,True,71,False,True,False,0,0.0,43.33,0.0,0.0,21.34,0.0,1.0,65.68,14.53
1787064331.6196678,733,any_person,position,held,True,71,False,True,False,0,0.0,43.72,0.0,0.0,20.51,0.0,1.0,65.23,14.53
1787064331.6891813,734,any_person,position,held,True,71,False,True,False,0,0.0,44.01,0.0,0.0,19.51,0.0,1.0,64.51,14.53
1787064331.76522,735,any_person,position,held,True,71,False,True,False,0,0.0,41.53,0.0,0.0,19.51,0.0,1.0,62.04,14.53
1787064331.8483658,736,any_person,position,held,True,71,False,True,False,0,0.0,44.72,0.0,0.0,21.91,0.0,1.0,67.64,14.53
1787064331.9255595,737,any_person,position,held,True,71,False,True,False,0,0.0,45.19,0.0,0.0,21.0,0.0,0.0,67.19,14.53
1787064331.9999404,738,any_person,position,held,True,71,False,True,False,0,0.0,44.04,0.0,0.0,20.07,0.0,1.0,65.11,14.53
1787064332.0806825,739,any_person,position,held,True,71,False,True,False,0,0.0,45.08,0.0,0.0,21.46,0.0,1.0,67.55,14.53
1787064332.1586747,740,any_person,position,held,True,71,False,True,False,0,0.0,44.52,0.0,0.0,21.47,0.0,1.01,66.99,14.53
1787064332.2288985,741,any_person,position,held,True,71,False,True,False,0,0.0,46.53,0.0,0.0,19.72,0.0,0.0,67.25,14.53
1787064332.305776,742,any_person,position,held,True,71,False,True,False,0,0.0,49.03,0.0,0.0,23.84,0.0,1.0,73.87,14.53
1787064332.3754003,743,any_person,position,held,True,71,False,True,False,0,0.0,43.52,0.0,0.0,21.11,0.0,1.0,65.63,13.28
1787064332.4590108,744,any_person,position,held,True,71,False,True,False,0,0.0,49.0,0.0,0.0,22.06,0.0,1.0,72.07,13.28
1787064332.5491996,745,any_person,position,held,True,71,False,True,False,0,0.0,46.01,0.0,0.0,21.67,0.0,1.0,68.68,13.28
1787064332.6227472,746,any_person,position,held,True,71,False,True,False,0,0.0,43.04,0.0,1.0,19.51,0.0,0.0,64.55,13.28
1787064332.689261,747,any_person,position,held,True,71,False,True,False,0,0.0,41.01,0.0,0.0,21.51,0.0,0.0,63.51,13.28
1787064332.7597992,748,any_person,position,held,True,71,False,True,False,0,0.0,41.03,0.0,0.0,18.5,0.0,1.0,60.53,13.28
1787064332.8396547,749,any_person,position,held,True,71,False,True,False,0,0.0,41.0,0.0,0.0,20.34,0.0,1.01,62.35,13.28
1787064332.9206939,750,any_person,position,held,True,71,False,True,False,0,0.0,43.52,0.0,0.0,21.53,0.0,0.0,66.04,13.28
1787064332.9975514,751,any_person,position,held,True,71,False,True,False,0,0.0,43.05,0.0,0.0,20.22,0.0,1.0,64.85,13.28
1787064333.0682013,752,any_person,position,held,True,71,False,True,False,0,0.0,44.83,0.0,0.0,21.82,0.0,1.0,67.65,13.28
1787064333.1357164,753,any_person,position,held,True,71,False,True,False,0,0.0,45.0,0.0,0.0,19.0,0.0,1.0,65.01,13.28
1787064333.2069821,754,any_person,position,held,True,71,False,True,False,0,0.0,43.52,0.0,0.0,21.49,1.0,0.0,67.01,13.28
1787064333.2864983,755,any_person,position,held,True,71,False,True,False,0,0.0,50.52,0.0,0.0,21.99,0.0,0.0,73.52,13.28
1787064333.3592618,756,any_person,position,held,True,71,False,True,False,0,0.0,45.0,0.0,0.0,20.76,0.0,1.0,66.76,13.28
1787064333.4365427,757,any_person,position,held,True,71,False,True,False,0,0.0,43.03,0.0,0.0,21.26,1.0,0.0,66.28,13.19
1787064333.5110626,758,any_person,position,held,True,71,False,True,False,0,0.0,49.52,0.0,0.0,21.0,0.0,1.0,71.52,13.19
1787064333.627723,759,any_person,position,held,True,71,False,True,False,0,0.0,47.05,0.0,0.0,22.09,0.0,1.01,70.15,13.19
1787064333.7036326,760,any_person,position,held,True,71,False,True,False,0,0.0,50.54,0.0,0.0,20.37,0.0,1.0,71.91,13.19
1787064333.7821944,761,any_person,position,held,True,71,False,True,False,0,0.0,46.05,0.0,0.0,21.51,0.0,0.0,68.56,13.19
1787064333.856199,762,any_person,position,held,True,71,False,True,False,0,0.0,42.0,0.0,0.0,21.0,0.0,0.0,64.0,13.19
1787064333.9380784,763,any_person,position,held,True,71,False,True,False,0,0.0,44.51,0.0,0.0,24.37,0.0,0.0,68.88,13.19
1787064334.0123365,764,any_person,position,held,True,71,False,True,False,0,0.0,43.04,0.0,0.0,20.59,0.0,1.47,65.1,13.19
1787064334.079438,765,any_person,position,held,True,71,False,True,False,0,0.0,41.87,0.0,0.0,21.27,0.0,0.0,64.13,13.19
1787064334.1488132,766,any_person,position,held,True,71,False,True,False,0,0.0,44.02,0.0,0.0,21.36,0.0,1.0,66.38,13.19
1787064334.2274396,767,any_person,position,held,True,71,False,True,False,0,0.0,43.11,0.0,0.0,19.0,0.0,1.0,63.11,13.19
1787064334.3072197,768,any_person,position,held,True,71,False,True,False,0,0.0,43.03,0.0,0.0,20.75,0.0,1.0,64.78,13.19
1787064334.3898165,769,any_person,position,held,True,71,False,True,False,0,0.0,43.9,0.0,0.0,24.41,0.0,1.0,69.31,13.19
1787064334.4676354,770,any_person,position,held,True,71,False,True,False,0,0.0,47.0,0.0,0.0,21.81,0.0,0.0,69.82,12.61
1787064334.5429468,771,any_person,position,held,True,71,False,True,False,0,0.0,45.56,0.0,0.0,20.0,0.0,1.0,66.56,12.61
1787064334.6146212,772,any_person,position,held,True,71,False,True,False,0,0.0,44.04,0.0,0.0,22.63,0.0,1.0,67.67,12.61
1787064334.6974902,773,any_person,position,held,True,71,False,True,False,0,0.0,43.53,0.0,0.0,20.34,0.0,1.0,64.87,12.61
1787064334.7775996,774,any_person,position,held,True,71,False,True,False,0,0.0,44.31,0.0,0.0,22.08,0.0,1.0,67.39,12.61
1787064334.8600104,775,any_person,position,held,True,71,False,True,False,0,0.0,48.42,0.0,0.0,21.9,0.0,1.0,71.33,12.61
1787064334.931472,776,any_person,position,held,True,71,False,True,False,0,0.0,45.04,0.0,0.0,20.43,0.0,1.0,66.47,12.61
1787064335.0079246,777,any_person,position,held,True,71,False,True,False,0,0.0,43.46,0.0,0.0,21.97,0.0,1.01,66.44,12.61
1787064335.083317,778,any_person,position,held,True,71,False,True,False,0,0.0,43.01,0.0,0.0,19.81,0.0,1.0,63.82,12.61
1787064335.1524127,779,any_person,position,held,True,71,False,True,False,0,0.0,43.23,0.0,0.0,20.87,0.0,1.0,65.1,12.61
1787064335.2224197,780,any_person,position,held,True,71,False,True,False,0,0.0,43.47,0.0,1.51,19.39,1.42,0.7,66.49,12.61
1787064335.3025286,781,any_person,position,held,True,71,False,True,False,0,0.0,44.04,0.0,0.0,20.09,0.0,1.01,65.14,12.61
1787064335.3800998,782,any_person,position,held,True,71,False,True,False,0,0.0,44.52,0.0,0.0,20.06,0.0,0.0,66.57,12.61
1787064335.4565778,783,any_person,position,held,True,71,False,True,False,0,0.0,43.01,0.0,0.0,20.1,0.0,1.0,64.1,12.61
1787064335.5283875,784,any_person,position,held,True,71,False,True,False,0,0.0,45.13,0.0,0.0,21.16,0.0,1.51,67.81,13.2
1787064335.6254737,785,any_person,position,held,True,71,False,True,False,0,0.0,73.08,0.0,0.0,18.34,0.0,1.0,92.43,13.2
1787064335.6972547,786,any_person,position,held,True,71,False,True,False,0,0.0,45.33,0.0,0.0,21.32,0.0,1.0,67.64,13.2
1787064335.7652044,787,any_person,position,held,True,71,False,True,False,0,0.0,44.01,0.0,0.0,19.58,0.0,1.0,64.59,13.2
1787064335.8508692,788,any_person,position,held,True,71,False,True,False,0,0.0,45.73,0.0,0.0,23.43,0.0,0.0,70.15,13.2
1787064335.9235773,789,any_person,position,held,True,71,False,True,False,0,0.0,45.52,0.0,0.0,23.18,0.0,1.01,69.71,13.2
1787064335.9948835,790,any_person,position,held,True,71,False,True,False,0,0.0,44.77,0.0,0.0,22.51,0.0,1.02,68.3,13.2
1787064336.0822754,791,any_person,position,held,True,71,False,True,False,0,0.0,48.34,0.0,0.0,20.82,0.0,0.0,70.16,13.2
1787064336.1547039,792,any_person,position,held,True,71,False,True,False,0,0.0,45.0,0.0,0.0,19.43,0.0,1.0,65.43,13.2
1787064336.2330878,793,any_person,position,held,True,71,False,True,False,0,0.0,43.52,0.0,0.0,21.35,0.0,1.01,65.88,13.2
1787064336.3132615,794,any_person,position,held,True,71,False,True,False,0,0.0,43.49,0.0,0.0,23.69,0.0,1.0,68.18,13.2
1787064336.3862205,795,any_person,position,held,True,71,False,True,False,0,0.0,43.18,0.0,0.0,19.77,0.0,1.0,63.96,13.2
1787064336.4612997,796,any_person,position,held,True,71,False,True,False,0,0.0,40.17,0.0,0.0,20.91,0.0,1.0,62.08,13.2
1787064336.5442946,797,any_person,position,held,True,71,False,True,False,0,0.0,42.0,0.0,0.0,22.94,0.0,0.53,66.49,12.8
1787064336.6253195,798,any_person,position,held,True,71,False,True,False,0,0.0,45.54,0.0,0.0,22.48,0.0,1.0,69.02,12.8
1787064336.706261,799,any_person,position,held,True,71,False,True,False,0,0.0,48.92,0.0,0.0,21.02,0.0,1.0,70.94,12.8
1787064336.7826128,800,any_person,position,held,True,71,False,True,False,0,0.0,46.0,0.0,0.0,22.35,0.0,0.0,69.36,12.8
1787064336.8575962,801,any_person,position,held,True,71,False,True,False,0,0.0,43.72,0.0,0.0,21.27,0.0,0.0,65.98,12.8
1787064336.9323916,802,any_person,position,held,True,71,False,True,False,0,0.0,42.52,0.0,0.0,20.26,0.0,1.01,63.79,12.8
1787064337.0045412,803,any_person,position,held,True,71,False,True,False,0,0.0,46.55,0.0,0.0,21.6,0.0,0.0,69.15,12.8
1787064337.0741954,804,any_person,position,held,True,71,False,True,False,0,0.0,43.28,0.0,0.0,20.87,0.0,0.0,66.65,12.8
1787064337.1589916,805,any_person,position,held,True,71,False,True,False,0,0.0,47.0,0.0,0.0,22.8,0.0,1.0,70.8,12.8
1787064337.2330048,806,any_person,position,held,True,71,False,True,False,0,0.0,44.52,0.0,0.0,21.44,0.0,1.01,66.98,12.8
1787064337.303053,807,any_person,position,held,True,71,False,True,False,0,0.0,44.04,0.0,0.0,21.01,0.0,1.0,66.05,12.8
1787064337.3702848,808,any_person,position,held,True,71,False,True,False,0,0.0,43.0,0.0,0.0,20.23,0.0,1.0,64.23,12.8
1787064337.4389627,809,any_person,position,held,True,71,False,True,False,0,0.0,45.0,0.0,0.0,19.16,0.0,1.01,65.17,12.8
1787064337.5064716,810,any_person,position,held,True,71,False,True,False,0,0.0,43.52,0.0,0.0,21.0,0.0,0.0,64.52,12.8
1787064337.5896254,811,any_person,position,held,True,71,False,True,False,0,0.0,44.52,0.0,0.0,20.64,0.0,0.0,66.15,13.39
1787064337.6693306,812,any_person,position,held,True,71,False,True,False,0,0.0,44.14,0.0,0.0,22.06,0.0,1.0,67.2,13.39
1787064337.752909,813,any_person,position,held,True,71,False,True,False,0,0.0,48.49,0.0,0.0,23.58,0.0,1.01,73.07,13.39
1787064337.8249154,814,any_person,position,held,True,71,False,True,False,0,0.0,45.04,0.0,0.0,21.96,0.0,1.01,68.01,13.39
1787064337.8999395,815,any_person,position,held,True,71,False,True,False,0,0.0,43.52,0.0,0.0,20.0,0.0,1.0,64.52,13.39
1787064337.965457,816,any_person,position,held,True,71,False,True,False,0,0.0,42.0,0.0,0.0,19.51,0.0,0.0,62.52,13.39
1787064338.0444844,817,any_person,position,held,True,71,False,True,False,0,0.0,46.03,0.0,0.0,21.99,0.0,1.0,69.01,13.39
1787064338.1146564,818,any_person,position,held,True,71,False,True,False,0,0.0,45.42,0.0,0.0,20.55,0.0,0.0,66.97,13.39
1787064338.1955776,819,any_person,position,held,True,71,False,True,False,0,0.0,41.8,0.0,0.0,20.13,0.0,1.0,62.92,13.39
1787064338.2787318,820,any_person,position,held,True,71,False,True,False,0,0.0,45.0,0.0,0.0,22.15,0.0,1.01,68.15,13.39
1787064338.3564844,821,any_person,position,held,True,71,False,True,False,0,0.0,46.0,0.0,0.0,22.23,0.0,1.01,69.24,13.39
1787064338.4308681,822,any_person,position,held,True,71,False,True,False,0,0.0,43.57,0.0,0.0,20.8,0.0,1.01,65.38,13.39
1787064338.5096347,823,any_person,position,held,True,71,False,True,False,0,0.0,45.79,0.0,0.0,19.98,0.0,1.0,66.77,13.39
1787064338.5756898,824,any_person,position,held,True,71,False,True,False,0,0.0,42.0,0.0,0.0,19.05,0.0,1.01,62.06,13.39
1787064338.6443083,825,any_person,position,held,True,71,False,True,False,0,0.0,44.37,0.0,0.0,19.25,0.0,1.0,64.62,13.27
1787064338.7251554,826,any_person,position,held,True,71,False,True,False,0,0.0,43.51,0.0,0.0,19.82,0.0,1.01,64.84,13.27
1787064338.8037906,827,any_person,position,held,True,71,False,True,False,0,0.0,44.54,0.0,0.0,21.07,0.0,1.0,66.61,13.27
1787064338.8842292,828,any_person,position,held,True,71,False,True,False,0,0.0,45.01,0.0,0.0,21.43,0.0,1.0,67.44,13.27
1787064338.9597692,829,any_person,position,held,True,71,False,True,False,0,0.0,45.52,0.0,0.0,20.02,0.0,0.0,66.54,13.27
1787064339.025569,830,any_person,position,held,True,71,False,True,False,0,0.0,41.6,0.0,0.0,20.2,0.0,0.0,62.8,13.27
1787064339.095931,831,any_person,position,held,True,71,False,True,False,0,0.0,46.42,0.0,0.0,19.94,0.0,1.0,67.36,13.27
1787064339.177136,832,any_person,position,held,True,71,False,True,False,0,0.0,44.0,0.0,0.0,20.65,0.0,1.01,65.66,13.27
1787064339.2550738,833,any_person,position,held,True,71,False,True,False,0,0.0,42.0,0.0,0.0,21.12,0.0,0.0,64.13,13.27
1787064339.338277,834,any_person,position,held,True,71,False,True,False,0,0.0,43.79,0.0,0.0,23.42,0.0,1.0,68.2,13.27
1787064339.4185948,835,any_person,position,held,True,71,False,True,False,0,0.0,46.54,0.0,0.0,23.76,0.0,1.01,71.32,13.27
1787064339.496043,836,any_person,position,held,True,71,False,True,False,0,0.0,49.0,0.0,0.0,20.95,0.0,0.0,70.95,13.27
1787064339.566899,837,any_person,position,held,True,71,False,True,False,0,0.0,43.0,0.0,0.0,20.86,0.0,1.0,64.86,13.27
1787064339.6435585,838,any_person,position,held,True,71,False,True,False,0,0.0,42.15,0.0,0.0,20.0,0.0,1.0,63.15,13.27
1787064339.7217996,839,any_person,position,held,True,71,False,True,False,0,0.0,41.51,0.0,0.0,20.07,0.0,1.0,62.58,12.99
1787064339.8047776,840,any_person,position,held,True,71,False,True,False,0,0.0,45.03,0.0,0.0,20.94,0.0,0.0,66.98,12.99
1787064339.8847091,841,any_person,position,held,True,71,False,True,False,0,0.0,47.01,0.0,0.0,21.93,0.0,1.0,69.94,12.99
1787064339.9568665,842,any_person,position,held,True,71,False,True,False,0,0.0,46.01,0.0,0.0,20.54,0.6,0.0,68.16,12.99
1787064340.0372074,843,any_person,position,held,True,71,False,True,False,0,0.0,44.3,0.0,0.0,21.04,0.0,1.0,66.34,12.99
1787064340.1146126,844,any_person,position,held,True,71,False,True,False,0,0.0,42.41,0.0,0.0,21.0,0.0,1.0,64.41,12.99
1787064340.1951501,845,any_person,position,held,True,71,False,True,False,0,0.0,43.31,0.0,0.0,22.71,0.51,0.0,67.54,12.99
1787064340.2733822,846,any_person,position,held,True,71,False,True,False,0,0.0,46.0,0.0,0.0,21.23,0.0,0.0,68.23,12.99
1787064340.3430872,847,any_person,position,held,True,71,False,True,False,0,0.0,43.09,0.0,0.0,23.11,0.0,0.0,67.2,12.99
1787064340.4227204,848,any_person,position,held,True,71,False,True,False,0,0.0,42.56,0.0,0.0,20.07,0.0,1.0,63.63,12.99
1787064340.5046651,849,any_person,position,held,True,71,False,True,False,0,0.0,43.53,0.0,0.0,22.3,1.11,0.0,66.95,12.99
1787064340.58612,850,any_person,position,held,True,71,False,True,False,0,0.0,49.0,0.0,0.0,19.43,0.0,1.02,69.45,12.99
1787064340.6581225,851,any_person,position,held,True,71,False,True,False,0,0.0,43.2,0.0,0.0,20.28,0.0,1.0,64.48,12.99
1787064340.7356405,852,any_person,position,held,True,71,False,True,False,0,0.0,42.51,0.0,0.0,21.0,0.0,1.0,64.51,12.82
1787064340.8044355,853,any_person,position,held,True,71,False,True,False,0,0.0,44.52,0.0,0.0,19.28,1.0,0.0,65.8,12.82
1787064340.8764045,854,any_person,position,held,True,71,False,True,False,0,0.0,44.0,0.0,0.0,20.97,0.0,1.0,65.97,12.82
1787064340.9556117,855,any_person,position,held,True,71,False,True,False,0,0.0,44.0,0.0,0.0,20.19,0.0,1.5,65.7,12.82
1787064341.037312,856,any_person,position,held,True,71,False,True,False,0,0.0,45.85,0.0,0.0,24.4,0.0,0.71,70.95,12.82
1787064341.1119208,857,any_person,position,held,True,71,False,True,False,0,0.0,47.89,0.0,0.0,22.0,0.0,0.0,70.89,12.82
1787064341.1814337,858,any_person,position,held,True,71,False,True,False,0,0.0,40.0,0.0,0.0,19.51,0.0,0.0,60.51,12.82
1787064341.2623029,859,any_person,position,held,True,71,False,True,False,0,0.0,42.01,0.0,0.0,21.34,0.0,1.01,64.36,12.82
1787064341.347009,860,any_person,position,held,True,71,False,True,False,0,0.0,47.62,0.0,0.0,21.58,0.0,0.0,70.2,12.82
1787064341.4188483,861,any_person,position,held,True,71,False,True,False,0,0.0,40.8,0.0,0.0,21.04,0.0,0.0,62.84,12.82
1787064341.495628,862,any_person,position,held,True,71,False,True,False,0,0.0,40.83,0.0,0.0,21.17,0.0,0.0,63.28,12.82
1787064341.5783806,863,any_person,position,held,True,71,False,True,False,0,0.0,44.01,0.0,0.0,22.52,0.0,1.01,67.54,12.82
1787064341.6610663,864,any_person,position,held,True,71,False,True,False,0,0.0,47.07,0.0,0.0,23.61,0.0,1.01,71.69,12.82
1787064341.7387965,865,any_person,position,held,True,71,False,True,False,0,0.0,48.52,0.0,0.0,21.21,0.0,1.0,70.72,12.96
1787064341.8113122,866,any_person,position,held,True,71,False,True,False,0,0.0,44.14,0.0,0.0,20.38,0.0,1.0,65.52,12.96
1787064341.8849692,867,any_person,position,held,True,71,False,True,False,0,0.0,41.0,0.0,0.0,20.65,0.0,0.0,62.66,12.96
1787064341.9670177,868,any_person,position,held,True,71,False,True,False,0,0.0,45.14,0.0,0.0,20.95,0.0,1.0,67.09,12.96
1787064342.0469475,869,any_person,position,held,True,71,False,True,False,0,0.0,47.05,0.0,0.0,21.88,0.0,0.0,69.93,12.96
1787064342.1166377,870,any_person,position,held,True,71,False,True,False,0,0.0,44.42,0.0,0.0,21.27,0.0,0.0,66.69,12.96
1787064342.2001853,871,any_person,position,held,True,71,False,True,False,0,0.0,46.03,0.0,0.0,19.52,0.0,1.0,66.55,12.96
1787064342.2741904,872,any_person,position,held,True,71,False,True,False,0,0.0,41.0,0.0,0.0,21.0,0.0,0.0,62.01,12.96
1787064342.3546698,873,any_person,position,held,True,71,False,True,False,0,0.0,42.0,0.0,0.0,20.44,0.0,1.01,64.46,12.96
1787064342.4375176,874,any_person,position,held,True,71,False,True,False,0,0.0,46.66,0.0,0.0,21.13,0.0,1.0,68.79,12.96
1787064342.5133598,875,any_person,position,held,True,71,False,True,False,0,0.0,44.85,0.0,0.0,20.99,0.0,0.0,66.84,12.96
1787064342.5774255,876,any_person,position,held,True,71,False,True,False,0,0.0,40.0,0.0,0.0,20.06,0.0,1.01,61.07,12.96
1787064342.6517835,877,any_person,position,held,True,71,False,True,False,0,0.0,44.85,0.0,0.0,20.0,0.0,1.0,65.85,12.96
1787064342.7217486,878,any_person,position,held,True,71,False,True,False,0,0.0,42.53,0.0,0.0,22.43,0.0,1.01,65.97,12.96
1787064342.7949264,879,any_person,position,held,True,71,False,True,False,0,0.0,46.6,0.0,0.0,21.55,0.0,1.03,69.18,13.26
1787064342.8765366,880,any_person,position,held,True,71,False,True,False,0,0.0,50.0,0.0,0.0,20.31,0.0,1.0,71.31,13.26
1787064342.9510128,881,any_person,position,held,True,71,False,True,False,0,0.0,44.67,0.0,0.0,21.29,0.0,1.01,66.97,13.26
1787064343.0328004,882,any_person,position,held,True,71,False,True,False,0,0.0,50.54,0.0,0.0,19.71,0.0,1.03,71.28,13.26
1787064343.1099935,883,any_person,position,held,True,71,False,True,False,0,0.0,47.1,0.0,0.0,21.94,0.0,0.9,69.93,13.26
1787064343.186455,884,any_person,position,held,True,71,False,True,False,0,0.0,46.26,0.0,0.0,21.81,0.0,1.0,70.07,13.26
1787064343.2684197,885,any_person,position,held,True,71,False,True,False,0,0.0,49.26,0.0,0.0,22.71,1.0,0.0,73.97,13.26
1787064343.3402398,886,any_person,position,held,True,71,False,True,False,0,0.0,45.49,0.0,0.0,21.33,0.0,1.0,67.82,13.26
1787064343.4196968,887,any_person,position,held,True,71,False,True,False,0,0.0,46.57,0.0,0.0,20.95,1.01,0.0,69.53,13.26
1787064343.4949272,888,any_person,position,held,True,71,False,True,False,0,0.0,49.0,0.0,0.0,22.23,0.0,1.0,72.24,13.26
1787064343.578511,889,any_person,position,held,True,71,False,True,False,0,0.0,47.73,0.0,0.0,21.51,0.0,1.0,70.24,13.26
1787064343.6473663,890,any_person,position,held,True,71,False,True,False,0,0.0,42.52,0.0,0.0,18.82,0.0,0.0,62.35,13.26
1787064343.728338,891,any_person,position,held,True,71,False,True,False,0,0.0,43.74,0.0,0.0,22.2,0.0,0.0,66.94,13.26
1787064343.7953532,892,any_person,position,held,True,71,False,True,False,0,0.0,43.01,0.0,0.0,20.0,0.0,1.0,64.01,12.99
1787064343.8699613,893,any_person,position,held,True,71,False,True,False,0,0.0,47.51,0.0,0.0,20.09,0.0,1.01,68.61,12.99
1787064343.945176,894,any_person,position,held,True,71,False,True,False,0,0.0,50.51,0.0,0.0,20.7,0.0,1.0,72.21,12.99
1787064344.028646,895,any_person,position,held,True,71,False,True,False,0,0.0,48.04,0.0,0.0,22.42,0.0,1.01,71.47,12.99
1787064344.099353,896,any_person,position,held,True,71,False,True,False,0,0.0,45.05,0.0,0.0,20.65,0.0,1.01,66.71,12.99
1787064344.1809611,897,any_person,position,held,True,71,False,True,False,0,0.0,44.52,0.0,0.0,22.08,0.0,1.01,67.61,12.99
1787064344.2624054,898,any_person,position,held,True,71,False,True,False,0,0.0,48.52,0.0,0.0,21.93,0.0,1.0,71.45,12.99
1787064344.3385587,899,any_person,position,held,True,71,False,True,False,0,0.0,46.03,0.0,0.0,23.12,0.0,1.0,70.15,12.99
1787064344.4077713,900,any_person,position,held,True,71,False,True,False,0,0.0,44.52,0.0,0.0,20.69,0.0,0.0,66.21,12.99
1787064344.4898567,901,any_person,position,held,True,71,False,True,False,0,0.0,44.01,0.0,0.0,20.01,0.0,1.01,65.03,12.99
1787064344.5710783,902,any_person,position,held,True,71,False,True,False,0,0.0,44.01,0.0,0.0,22.22,0.0,1.0,67.22,12.99
1787064344.6441197,903,any_person,position,held,True,71,False,True,False,0,0.0,47.92,0.0,0.0,21.12,0.0,0.0,70.04,12.99
1787064344.7263498,904,any_person,position,held,True,71,False,True,False,0,0.0,43.54,0.0,0.0,21.68,0.0,1.0,66.23,12.99
1787064344.8053875,905,any_person,position,held,True,71,False,True,False,0,0.0,44.04,0.0,0.0,21.3,0.0,1.0,66.34,12.87
1787064344.8829067,906,any_person,position,held,True,71,False,True,False,0,0.0,44.27,0.0,0.0,20.24,0.0,1.0,65.52,12.87
1787064344.952394,907,any_person,position,held,True,71,False,True,False,0,0.0,44.44,0.0,0.0,20.04,0.0,1.01,65.49,12.87
1787064345.02091,908,any_person,position,held,True,71,False,True,False,0,0.0,43.08,0.0,0.0,20.45,0.0,0.51,64.04,12.87
1787064345.109499,909,any_person,position,held,True,71,False,True,False,0,0.0,50.51,0.0,0.0,22.8,0.0,1.03,74.34,12.87
1787064345.1868746,910,any_person,position,held,True,71,False,True,False,0,0.0,50.57,0.0,0.0,21.39,0.0,1.01,72.96,12.87
1787064345.2621784,911,any_person,position,held,True,71,False,True,False,0,0.0,46.57,0.0,0.0,20.21,0.0,0.55,68.63,12.87
1787064345.3413522,912,any_person,position,held,True,71,False,True,False,0,0.0,46.87,0.0,0.0,21.28,0.0,1.0,70.15,12.87
1787064345.411728,913,any_person,position,held,True,71,False,True,False,0,0.0,45.54,0.0,0.0,21.32,0.0,0.51,67.38,12.87
1787064345.4935582,914,any_person,position,held,True,71,False,True,False,0,0.0,43.02,0.0,0.0,20.37,0.0,1.0,65.39,12.87
1787064345.5775669,915,any_person,position,held,True,71,False,True,False,0,0.0,49.01,0.0,0.0,19.67,1.0,0.0,70.68,12.87
1787064345.6570628,916,any_person,position,held,True,71,False,True,False,0,0.0,47.51,0.0,0.0,23.48,0.0,1.0,71.99,12.87
1787064345.7348142,917,any_person,position,held,True,71,False,True,False,0,0.0,47.79,0.0,0.0,20.62,1.34,0.0,70.75,12.87
1787064345.807564,918,any_person,position,held,True,71,False,True,False,0,0.0,44.68,0.0,0.0,20.85,0.0,1.01,66.54,12.97
1787064345.879862,919,any_person,position,held,True,71,False,True,False,0,0.0,46.3,0.0,1.0,20.0,0.0,0.0,68.3,12.97
1787064345.9587107,920,any_person,position,held,True,71,False,True,False,0,0.0,40.88,0.0,0.0,20.46,0.0,1.0,62.34,12.97
1787064346.037345,921,any_person,position,held,True,71,False,True,False,0,0.0,42.93,0.0,0.0,18.7,0.0,1.0,62.63,12.97
1787064346.11754,922,any_person,position,held,True,71,False,True,False,0,0.0,42.52,0.0,0.0,21.64,0.51,0.52,65.2,12.97
1787064346.2004664,923,any_person,position,held,True,71,False,True,False,0,0.0,46.0,0.0,0.0,23.92,0.0,1.0,70.92,12.97
1787064346.2751245,924,any_person,position,held,True,71,False,True,False,0,0.0,45.97,0.0,0.0,20.69,0.0,1.0,67.66,12.97
1787064346.358112,925,any_person,position,held,True,71,False,True,False,0,0.0,48.7,0.0,0.0,22.78,0.0,1.0,72.48,12.97
1787064346.4322314,926,any_person,position,held,True,71,False,True,False,0,0.0,47.04,0.0,0.0,21.07,0.0,1.01,69.12,12.97
1787064346.5137217,927,any_person,position,held,True,71,False,True,False,0,0.0,47.4,0.0,0.0,23.03,0.0,1.0,71.42,12.97
1787064346.584273,928,any_person,position,held,True,71,False,True,False,0,0.0,43.0,0.0,0.0,20.55,0.0,1.01,64.55,12.97
1787064346.6652143,929,any_person,position,held,True,71,False,True,False,0,0.0,44.04,0.0,0.0,22.38,0.0,0.0,67.43,12.97
1787064346.7417665,930,any_person,position,held,True,71,False,True,False,0,0.0,43.52,0.0,0.0,21.04,0.0,1.0,65.56,12.97
1787064346.821064,931,any_person,position,held,True,71,False,True,False,0,0.0,45.61,0.0,0.0,20.68,0.0,1.0,67.3,12.83
1787064346.8938465,932,any_person,position,held,True,71,False,True,False,0,0.0,42.53,0.0,0.0,19.25,0.0,1.01,62.79,12.83
1787064346.9605167,933,any_person,position,held,True,71,False,True,False,0,0.0,42.53,0.0,0.0,19.14,0.0,1.0,62.67,12.83
1787064347.0302234,934,any_person,position,held,True,71,False,True,False,0,0.0,44.53,0.0,0.0,21.18,0.0,1.0,66.71,12.83
1787064347.0971718,935,any_person,position,held,True,71,False,True,False,0,0.0,43.01,0.0,0.0,18.51,0.0,1.3,62.83,12.83
1787064347.1739464,936,any_person,position,held,True,71,False,True,False,0,0.0,41.77,0.0,0.0,20.0,0.0,1.0,62.77,12.83
1787064347.2536662,937,any_person,position,held,True,71,False,True,False,0,0.0,43.51,0.0,0.0,19.7,0.0,1.0,64.21,12.83
1787064347.33311,938,any_person,position,held,True,71,False,True,False,0,0.0,42.19,0.0,0.0,22.25,0.0,0.0,65.45,12.83
1787064347.4171655,939,any_person,position,held,True,71,False,True,False,0,0.0,47.01,0.0,0.0,22.85,0.0,1.01,71.69,12.83
1787064347.4993453,940,any_person,position,held,True,71,False,True,False,0,0.0,51.52,0.0,0.0,22.91,0.0,1.0,75.43,12.83
1787064347.5709386,941,any_person,position,held,True,71,False,True,False,0,0.0,46.0,0.0,0.0,21.59,0.0,1.01,68.59,12.83
1787064347.6466985,942,any_person,position,held,True,71,False,True,False,0,0.0,44.99,0.0,0.0,21.77,0.0,1.0,67.76,12.83
1787064347.7208054,943,any_person,position,held,True,71,False,True,False,0,0.0,41.66,0.0,0.0,21.43,0.0,1.01,64.11,12.83
1787064347.8004134,944,any_person,position,held,True,71,False,True,False,0,0.0,43.15,0.0,0.0,21.61,0.0,1.0,65.76,12.83
1787064347.8783946,945,any_person,position,held,True,71,False,True,False,0,0.0,45.02,0.0,0.0,20.96,0.0,1.0,66.98,13.24
1787064347.95436,946,any_person,position,held,True,71,False,True,False,0,0.0,42.0,0.0,0.0,21.46,0.0,0.0,64.46,13.24
1787064348.0335875,947,any_person,position,held,True,71,False,True,False,0,0.0,44.03,0.0,0.0,22.19,0.0,1.01,67.23,13.24
1787064348.1037724,948,any_person,position,held,True,71,False,True,False,0,0.0,45.09,0.0,0.0,20.52,0.0,0.0,66.61,13.24
1787064348.1692274,949,any_person,position,held,True,71,False,True,False,0,0.0,41.45,0.0,0.0,20.0,0.0,1.0,62.45,13.24
1787064348.2447388,950,any_person,position,held,True,71,False,True,False,0,0.0,41.0,0.0,0.0,19.01,0.0,0.0,61.01,13.24
1787064348.328799,951,any_person,position,held,True,71,False,True,False,0,0.0,45.03,0.0,0.0,20.83,0.0,1.0,66.86,13.24
1787064348.4052746,952,any_person,position,held,True,71,False,True,False,0,0.0,43.01,0.0,0.0,21.47,0.0,0.0,65.48,13.24
1787064348.4868364,953,any_person,position,held,True,71,False,True,False,0,0.0,44.53,0.0,0.0,23.03,0.0,1.0,68.57,13.24
1787064348.5640168,954,any_person,position,held,True,71,False,True,False,0,0.0,45.0,0.0,0.0,23.18,0.0,0.0,69.18,13.24
1787064348.6195004,955,any_person,position,grace,False,,False,False,False,0,0.0,45.47,0.0,0.0,0.0,0.0,1.0,46.47,13.24
1787064348.684583,956,any_person,position,grace,False,,False,False,False,0,0.0,49.04,0.0,0.0,0.0,0.0,0.0,49.04,13.24
1787064348.742601,957,any_person,position,grace,False,,False,False,False,0,0.0,46.01,0.0,0.0,0.0,0.0,0.0,46.01,13.24
1787064348.8032703,958,any_person,position,grace,False,,False,False,False,0,0.0,45.68,0.0,0.0,0.0,0.0,0.0,45.68,13.24
1787064348.8639832,959,any_person,position,grace,False,,False,False,False,0,0.0,44.88,0.0,0.0,0.0,0.0,0.0,44.88,13.24
1787064348.9481544,960,any_person,position,reacquired,True,86,False,True,False,0,0.0,44.5,0.0,0.0,21.47,0.0,1.01,66.98,14.02
1787064349.0255055,961,any_person,position,held,True,86,False,True,False,0,0.0,45.05,0.0,0.0,21.3,0.0,0.0,66.35,14.02
1787064349.1023932,962,any_person,position,held,True,86,False,True,False,0,0.0,43.12,0.0,0.0,20.51,0.0,1.0,64.64,14.02
1787064349.1783907,963,any_person,position,held,True,86,False,True,False,0,0.0,43.09,0.0,0.0,18.43,0.0,1.0,62.52,14.02
1787064349.2478726,964,any_person,position,held,True,86,False,True,False,0,0.0,43.99,0.0,0.0,21.5,0.0,0.0,66.48,14.02
1787064349.3125293,965,any_person,position,held,True,86,False,True,False,0,0.0,40.79,0.0,0.0,19.86,0.0,1.0,61.66,14.02
1787064349.3835707,966,any_person,position,held,True,86,False,True,False,0,0.0,45.04,0.0,0.0,21.01,0.0,1.0,67.04,14.02
1787064349.4582927,967,any_person,position,held,True,86,False,True,False,0,0.0,42.2,0.0,0.0,21.01,0.0,1.0,64.21,14.02
1787064349.522897,968,any_person,position,held,True,86,False,True,False,0,0.0,41.1,0.0,0.0,19.0,0.0,1.0,61.1,14.02
1787064349.6070821,969,any_person,position,held,True,86,False,True,False,0,0.0,47.32,0.0,0.0,23.85,0.0,1.01,72.19,14.02
1787064349.680879,970,any_person,position,held,True,86,False,True,False,0,0.0,48.52,0.0,0.0,20.28,0.0,1.0,69.8,14.02
1787064349.7498717,971,any_person,position,held,True,86,False,True,False,0,0.0,43.52,0.0,0.0,21.47,0.0,1.0,65.99,14.02
1787064349.8393085,972,any_person,position,held,True,86,False,True,False,0,0.0,49.52,0.0,0.0,19.92,0.0,1.0,71.44,14.02
1787064349.9157612,973,any_person,position,held,True,86,False,True,False,0,0.0,47.55,0.0,0.0,20.44,0.0,1.01,69.0,14.02
1787064349.9923527,974,any_person,position,held,True,86,False,True,False,0,0.0,50.02,0.0,0.0,21.78,0.0,1.01,72.81,13.41
1787064350.0757399,975,any_person,position,held,True,86,False,True,False,0,0.0,50.49,0.0,0.0,21.58,0.0,0.93,73.0,13.41
1787064350.1474576,976,any_person,position,held,True,86,False,True,False,0,0.0,46.19,0.0,0.0,21.87,0.0,0.52,69.12,13.41
1787064350.221469,977,any_person,position,held,True,86,False,True,False,0,0.0,43.88,0.0,0.0,21.07,0.0,1.0,65.96,13.41
1787064350.2877736,978,any_person,position,held,True,86,False,True,False,0,0.0,42.03,0.0,0.0,20.28,0.0,1.0,63.3,13.41
1787064350.3567598,979,any_person,position,held,True,86,False,True,False,0,0.0,44.21,0.0,0.0,19.78,0.0,1.0,64.99,13.41
1787064350.4266312,980,any_person,position,held,True,86,False,True,False,0,0.0,44.68,0.0,0.0,21.19,0.0,1.0,66.87,13.41
1787064350.493533,981,any_person,position,held,True,86,False,True,False,0,0.0,43.84,0.0,0.0,19.06,0.0,1.0,63.9,13.41
1787064350.568963,982,any_person,position,held,True,86,False,True,False,0,0.0,46.66,0.0,0.0,24.27,0.0,1.0,71.92,13.41
1787064350.64464,983,any_person,position,held,True,86,False,True,False,0,0.0,43.42,0.0,0.0,22.25,0.0,1.01,66.68,13.41
1787064350.7235107,984,any_person,position,held,True,86,False,True,False,0,0.0,43.8,0.0,0.0,22.56,0.0,1.0,67.36,13.41
1787064350.7949705,985,any_person,position,held,True,86,False,True,False,0,0.0,46.09,0.0,0.0,20.87,0.0,1.0,67.96,13.41
1787064350.8675153,986,any_person,position,held,True,86,False,True,False,0,0.0,46.98,0.0,0.0,20.8,0.0,1.01,68.79,13.41
1787064350.943178,987,any_person,position,held,True,86,False,True,False,0,0.0,46.05,0.0,0.0,22.1,0.0,1.0,69.16,13.41
1787064351.0228407,988,any_person,position,held,True,86,False,True,False,0,0.0,46.87,0.0,0.0,22.28,0.0,1.01,70.16,13.59
1787064351.0915918,989,any_person,position,held,True,86,False,True,False,0,0.0,44.14,0.0,0.0,20.62,0.0,1.0,65.76,13.59
1787064351.1749408,990,any_person,position,held,True,86,False,True,False,0,0.0,44.0,0.0,0.0,21.07,0.0,1.28,66.35,13.59
1787064351.2541573,991,any_person,position,held,True,86,False,True,False,0,0.0,45.01,0.0,0.0,22.11,0.0,1.0,68.12,13.59
1787064351.3258765,992,any_person,position,held,True,86,False,True,False,0,0.0,43.56,0.0,0.0,20.16,0.0,1.0,64.72,13.59
1787064351.4095755,993,any_person,position,held,True,86,False,True,False,0,0.0,56.01,0.0,0.0,21.69,0.0,1.01,79.7,13.59
1787064351.503973,994,any_person,position,held,True,86,False,True,False,0,0.0,66.3,0.0,0.0,21.01,0.0,0.0,88.32,13.59
1787064351.5709732,995,any_person,position,held,True,86,False,True,False,0,0.0,43.0,0.0,0.0,20.0,0.0,1.0,64.0,13.59
1787064351.65033,996,any_person,position,held,True,86,False,True,False,0,0.0,42.21,0.0,0.0,20.64,0.0,1.0,63.85,13.59
1787064351.7330117,997,any_person,position,held,True,86,False,True,False,0,0.0,45.03,0.0,0.0,21.64,0.0,1.0,67.68,13.59
1787064351.8049047,998,any_person,position,held,True,86,False,True,False,0,0.0,44.74,0.0,0.0,22.16,0.0,0.0,67.9,13.59
1787064351.8703222,999,any_person,position,held,True,86,False,True,False,0,0.0,40.51,0.0,0.0,20.91,0.0,1.0,62.42,13.59
1787064351.9422352,1000,any_person,position,held,True,86,False,True,False,0,0.0,46.02,0.0,0.0,20.89,0.0,1.0,67.92,13.59
1787064352.0109632,1001,any_person,position,held,True,86,False,True,False,0,0.0,43.05,0.0,0.0,20.68,0.0,1.0,64.73,13.59
1787064352.097422,1002,any_person,position,held,True,86,False,True,False,0,0.0,48.07,0.0,0.0,23.7,0.0,0.0,72.78,13.03
1787064352.1734192,1003,any_person,position,held,True,86,False,True,False,0,0.0,46.64,0.0,0.0,22.36,0.0,0.0,70.0,13.03
1787064352.2463732,1004,any_person,position,held,True,86,False,True,False,0,0.0,45.31,0.0,0.0,23.64,0.0,1.0,69.96,13.03
1787064352.3294861,1005,any_person,position,held,True,86,False,True,False,0,0.0,47.31,0.0,0.0,22.8,0.0,1.0,71.12,13.03
1787064352.405633,1006,any_person,position,held,True,86,False,True,False,0,0.0,46.96,0.0,0.0,22.22,1.0,0.0,71.17,13.03
1787064352.4819667,1007,any_person,position,held,True,86,False,True,False,0,0.0,43.83,0.0,0.0,23.0,0.0,0.0,66.83,13.03
1787064352.559985,1008,any_person,position,held,True,86,False,True,False,0,0.0,44.0,0.0,0.0,21.0,1.0,0.0,67.0,13.03
1787064352.6386478,1009,any_person,position,held,True,86,False,True,False,0,0.0,45.76,0.0,0.0,21.9,0.0,1.0,68.66,13.03
1787064352.7106528,1010,any_person,position,held,True,86,False,True,False,0,0.0,45.68,0.0,0.0,22.78,0.0,0.5,68.96,13.03
1787064352.7948587,1011,any_person,position,held,True,86,False,True,False,0,0.0,44.01,0.0,0.0,22.19,0.0,1.0,67.2,13.03
1787064352.8750267,1012,any_person,position,held,True,86,False,True,False,0,0.0,48.0,0.0,0.0,22.16,0.0,1.0,71.17,13.03
1787064352.945765,1013,any_person,position,held,True,86,False,True,False,0,0.0,45.5,0.0,0.0,20.25,0.0,1.0,66.74,13.03
1787064353.0171604,1014,any_person,position,held,True,86,False,True,False,0,0.0,46.52,0.0,0.0,20.87,0.0,1.01,68.4,13.03
1787064353.095953,1015,any_person,position,held,True,86,False,True,False,0,0.0,48.1,0.0,0.0,22.69,0.0,1.0,71.79,13.03
1787064353.1745152,1016,any_person,position,held,True,86,False,True,False,0,0.0,49.0,0.0,0.0,22.56,0.0,1.01,72.56,13.0
1787064353.2511625,1017,any_person,position,held,True,86,False,True,False,0,0.0,49.15,0.0,0.0,21.5,0.0,1.0,71.65,13.0
1787064353.3266656,1018,any_person,position,held,True,86,False,True,False,0,0.0,46.04,0.0,0.0,22.47,0.0,1.0,69.5,13.0
1787064353.4024627,1019,any_person,position,held,True,86,False,True,False,0,0.0,44.0,0.0,0.0,21.79,0.0,1.0,66.8,13.0
1787064353.4839463,1020,any_person,position,held,True,86,False,True,False,0,0.0,45.51,0.0,0.0,22.97,0.0,1.0,69.48,13.0
1787064353.5509732,1021,any_person,position,held,True,86,False,True,False,0,0.0,43.02,0.0,0.0,19.0,0.0,1.0,63.03,13.0
1787064353.6207967,1022,any_person,position,held,True,86,False,True,False,0,0.0,43.02,0.0,0.0,21.81,0.0,1.0,65.83,13.0
1787064353.6958334,1023,any_person,position,held,True,86,False,True,False,0,0.0,42.52,0.0,0.0,21.52,0.0,1.0,65.04,13.0
1787064353.7760966,1024,any_person,position,held,True,86,False,True,False,0,0.0,45.76,0.0,0.0,21.0,0.0,0.0,67.76,13.0
1787064353.84874,1025,any_person,position,held,True,86,False,True,False,0,0.0,41.5,0.0,0.0,20.14,0.0,0.0,62.64,13.0
1787064353.9296231,1026,any_person,position,held,True,86,False,True,False,0,0.0,44.52,0.0,0.0,21.36,0.0,1.0,66.88,13.0
1787064354.0091836,1027,any_person,position,held,True,86,False,True,False,0,0.0,46.09,0.0,0.0,20.47,0.0,1.0,67.56,13.0
1787064354.0891051,1028,any_person,position,held,True,86,False,True,False,0,0.0,47.04,0.0,0.0,20.87,0.0,1.0,69.41,13.0
1787064354.161033,1029,any_person,position,held,True,86,False,True,False,0,0.0,43.52,0.0,0.0,20.4,0.0,1.0,64.92,13.0
1787064354.234615,1030,any_person,position,held,True,86,False,True,False,0,0.0,42.03,0.0,0.0,19.55,0.0,1.0,62.58,13.21
1787064354.3188658,1031,any_person,position,held,True,86,False,True,False,0,0.0,46.55,0.0,0.0,21.5,0.0,1.0,69.05,13.21
1787064354.3896842,1032,any_person,position,held,True,86,False,True,False,0,0.0,44.0,0.0,0.0,22.81,0.0,1.01,67.82,13.21
1787064354.4734263,1033,any_person,position,held,True,86,False,True,False,0,0.0,46.73,0.0,0.0,22.02,0.0,1.0,70.75,13.21
1787064354.5496051,1034,any_person,position,held,True,86,False,True,False,0,0.0,46.63,0.0,0.0,20.54,0.0,1.0,68.17,13.21
1787064354.6257389,1035,any_person,position,held,True,86,False,True,False,0,0.0,44.57,0.0,0.0,20.57,0.0,1.0,66.13,13.21
1787064354.7026904,1036,any_person,position,held,True,86,False,True,False,0,0.0,43.0,0.0,0.0,20.7,0.0,1.01,64.72,13.21
1787064354.772622,1037,any_person,position,held,True,86,False,True,False,0,0.0,42.52,0.0,0.0,23.41,0.0,0.0,66.93,13.21
1787064354.8421378,1038,any_person,position,held,True,86,False,True,False,0,0.0,43.51,0.0,0.0,21.0,0.0,0.0,65.51,13.21
1787064354.917736,1039,any_person,position,held,True,86,False,True,False,0,0.0,42.59,0.0,0.0,20.01,0.0,1.0,63.59,13.21
1787064354.9998336,1040,any_person,position,held,True,86,False,True,False,0,0.0,43.51,0.0,0.0,21.47,0.0,1.0,65.98,13.21
1787064355.0703168,1041,any_person,position,held,True,86,False,True,False,0,0.0,44.74,0.0,0.0,20.74,0.0,1.0,67.48,13.21
1787064355.139894,1042,any_person,position,held,True,86,False,True,False,0,0.0,44.54,0.0,0.0,21.03,0.0,1.01,66.58,13.21
1787064355.2199845,1043,any_person,position,held,True,86,False,True,False,0,0.0,45.14,0.0,0.0,23.61,0.0,1.0,69.75,13.21
1787064355.2923331,1044,any_person,position,held,True,86,False,True,False,0,0.0,42.88,0.0,0.0,21.46,0.0,0.0,65.35,13.24
1787064355.363012,1045,any_person,position,held,True,86,False,True,False,0,0.0,46.52,0.0,0.0,20.16,0.0,1.0,67.68,13.24
1787064355.4490569,1046,any_person,position,held,True,86,False,True,False,0,0.0,46.04,0.0,0.0,21.0,0.0,1.0,68.04,13.24
1787064355.52786,1047,any_person,position,held,True,86,False,True,False,0,0.0,47.52,0.0,0.0,22.28,0.0,0.0,70.8,13.24
1787064355.6049905,1048,any_person,position,held,True,86,False,True,False,0,0.0,47.01,0.0,0.0,21.76,0.0,0.67,70.45,13.24
1787064355.6770399,1049,any_person,position,held,True,86,False,True,False,0,0.0,45.54,0.0,0.0,20.0,0.0,1.0,66.54,13.24
1787064355.7534597,1050,any_person,position,held,True,86,False,True,False,0,0.0,43.03,0.0,0.0,21.39,0.0,1.0,65.42,13.24
1787064355.830356,1051,any_person,position,held,True,86,False,True,False,0,0.0,42.04,0.0,0.0,20.86,0.0,0.0,63.9,13.24
1787064355.9072495,1052,any_person,position,held,True,86,False,True,False,0,0.0,43.0,0.0,0.0,18.89,0.0,1.0,62.89,13.24
1787064355.9891872,1053,any_person,position,held,True,86,False,True,False,0,0.0,42.82,0.0,0.0,21.61,0.0,1.0,65.43,13.24
1787064356.0667517,1054,any_person,position,held,True,86,False,True,False,0,0.0,45.14,0.0,0.0,19.42,1.0,0.0,65.56,13.24
1787064356.1468754,1055,any_person,position,held,True,86,False,True,False,0,0.0,42.52,0.0,0.0,21.57,1.03,0.0,66.12,13.24
1787064356.2271695,1056,any_person,position,held,True,86,False,True,False,0,0.0,45.52,0.0,0.0,21.77,0.0,1.0,68.3,13.24
1787064356.3027267,1057,any_person,position,held,True,86,False,True,False,0,0.0,42.3,0.0,0.0,21.25,0.0,1.0,64.56,12.87
1787064356.3713462,1058,any_person,position,held,True,86,False,True,False,0,0.0,43.72,0.0,0.0,20.9,0.0,1.0,65.62,12.87
1787064356.4433928,1059,any_person,position,held,True,86,False,True,False,0,0.0,44.03,0.0,0.0,20.02,0.0,1.0,65.04,12.87
1787064356.5175314,1060,any_person,position,held,True,86,False,True,False,0,0.0,46.85,0.0,0.0,22.28,0.0,1.01,70.14,12.87
1787064356.5868435,1061,any_person,position,held,True,86,False,True,False,0,0.0,44.52,0.0,0.0,19.79,1.0,0.0,66.31,12.87
1787064356.6679964,1062,any_person,position,held,True,86,False,True,False,0,0.0,46.55,0.0,0.0,23.59,0.0,1.0,71.14,12.87
1787064356.7446492,1063,any_person,position,held,True,86,False,True,False,0,0.0,44.52,0.0,0.0,23.13,0.0,1.0,68.65,12.87
1787064356.8189194,1064,any_person,position,held,True,86,False,True,False,0,0.0,42.42,0.0,0.0,21.85,0.0,0.0,65.27,12.87
1787064356.8869233,1065,any_person,position,held,True,86,False,True,False,0,0.0,43.0,0.0,0.0,21.0,0.0,1.0,65.0,12.87
1787064356.9557195,1066,any_person,position,held,True,86,False,True,False,0,0.0,42.29,0.0,0.0,20.0,0.0,0.0,63.29,12.87
1787064357.0358222,1067,any_person,position,held,True,86,False,True,False,0,0.0,42.04,0.0,0.0,21.06,0.0,1.0,64.1,12.87
1787064357.1169765,1068,any_person,position,held,True,86,False,True,False,0,0.0,43.75,0.0,0.0,23.4,0.0,1.0,68.15,12.87
1787064357.1850486,1069,any_person,position,held,True,86,False,True,False,0,0.0,44.07,0.0,0.0,20.01,0.0,1.0,65.07,12.87
1787064357.2541878,1070,any_person,position,held,True,86,False,True,False,0,0.0,43.98,0.0,0.0,20.36,1.22,0.58,66.14,12.87
1787064357.3402884,1071,any_person,position,held,True,86,False,True,False,0,0.0,49.46,0.0,0.0,22.42,0.0,1.0,72.88,13.49
1787064357.4111075,1072,any_person,position,held,True,86,False,True,False,0,0.0,43.59,0.0,0.0,20.61,0.57,0.53,65.82,13.49
1787064357.4906728,1073,any_person,position,held,True,86,False,True,False,0,0.0,45.05,0.0,0.0,21.0,0.0,1.0,67.56,13.49
1787064357.5699391,1074,any_person,position,held,True,86,False,True,False,0,0.0,47.12,0.0,0.0,21.15,0.0,1.0,69.26,13.49
1787064357.6497655,1075,any_person,position,held,True,86,False,True,False,0,0.0,48.83,0.0,0.0,21.07,0.0,1.0,70.91,13.49
1787064357.725309,1076,any_person,position,held,True,86,False,True,False,0,0.0,44.52,0.0,0.0,23.51,0.0,0.0,69.03,13.49
1787064357.7977214,1077,any_person,position,held,True,86,False,True,False,0,0.0,46.23,0.0,0.0,22.18,0.0,0.0,69.41,13.49
1787064357.878592,1078,any_person,position,held,True,86,False,True,False,0,0.0,46.59,0.0,0.0,20.0,0.0,0.0,67.59,13.49
1787064357.9519882,1079,any_person,position,held,True,86,False,True,False,0,0.0,40.79,0.0,0.0,21.61,0.0,0.0,63.4,13.49
1787064358.015933,1080,any_person,position,held,True,86,False,True,False,0,0.0,41.62,0.0,0.0,18.32,0.0,1.01,60.95,13.49
1787064358.0940442,1081,any_person,position,held,True,86,False,True,False,0,0.0,42.23,0.0,0.0,21.38,0.0,0.0,64.6,13.49
1787064358.1616316,1082,any_person,position,held,True,86,False,True,False,0,0.0,42.52,0.0,0.0,21.07,0.0,1.0,64.59,13.49
1787064358.2351654,1083,any_person,position,held,True,86,False,True,False,0,0.0,44.54,0.0,0.0,20.0,0.0,1.0,65.53,13.49
1787064358.3132637,1084,any_person,position,held,True,86,False,True,False,0,0.0,44.25,0.0,0.0,20.84,0.0,0.0,66.1,13.49
1787064358.3908424,1085,any_person,position,held,True,86,False,True,False,0,0.0,43.52,0.0,0.0,21.06,0.0,0.0,65.58,13.33
1787064358.4755673,1086,any_person,position,held,True,86,False,True,False,0,0.0,47.51,0.0,0.0,22.7,0.0,0.0,71.22,13.33
1787064358.5499394,1087,any_person,position,held,True,86,False,True,False,0,0.0,44.82,0.0,0.0,22.54,0.0,1.01,68.37,13.33
1787064358.6279116,1088,any_person,position,held,True,86,False,True,False,0,0.0,45.54,0.0,0.0,21.23,0.0,0.0,67.77,13.33
1787064358.6981106,1089,any_person,position,held,True,86,False,True,False,0,0.0117,44.51,0.0,0.0,21.69,0.0,0.0,67.2,13.33
1787064358.7744431,1090,any_person,position,held,True,86,False,True,False,1,0.0117,46.61,0.0,0.0,24.19,0.0,0.0,71.8,13.33
1787064358.8468025,1091,any_person,position,held,True,86,False,True,False,1,0.0117,44.51,0.0,0.0,22.85,0.0,1.0,68.36,13.33
1787064358.9245987,1092,any_person,position,held,True,86,False,True,False,1,0.0117,45.53,0.0,0.0,22.27,0.0,1.0,68.8,13.33
1787064358.99256,1093,any_person,position,held,True,86,False,True,False,2,0.0117,43.03,0.0,0.0,20.49,0.0,0.0,64.53,13.33
1787064359.059969,1094,any_person,position,held,True,86,False,True,False,2,0.0231,43.89,0.0,0.0,19.51,0.0,1.0,64.41,13.33
1787064359.1364942,1095,any_person,position,held,True,86,False,True,False,3,0.0231,41.52,0.0,0.0,20.0,0.0,1.0,62.53,13.33
1787064359.206514,1096,any_person,position,held,True,86,False,True,False,4,0.0281,45.07,0.0,0.0,20.95,0.0,1.0,67.02,13.33
1787064359.2795181,1097,any_person,position,held,True,86,False,True,False,5,0.0281,45.0,0.0,0.0,20.0,0.0,1.0,66.0,13.33
1787064359.3569689,1098,any_person,position,held,True,86,False,True,False,5,0.0281,41.28,0.0,0.0,22.42,0.0,0.8,64.5,13.33
1787064359.4386432,1099,any_person,position,held,True,86,False,True,False,6,0.0281,46.87,0.0,0.0,20.8,0.0,1.0,68.67,13.36
1787064359.5079775,1100,any_person,position,held,True,86,False,True,False,6,0.0281,44.02,0.0,0.0,20.93,0.0,0.0,65.95,13.36
1787064359.588581,1101,any_person,position,held,True,86,False,True,False,6,0.0281,44.04,0.0,0.0,19.56,0.0,1.0,64.6,13.36
1787064359.669535,1102,any_person,position,held,True,86,False,True,False,6,0.0281,44.46,0.0,0.0,21.47,0.0,1.0,66.93,13.36
1787064359.7503965,1103,any_person,position,held,True,86,False,True,False,7,0.0281,45.52,0.0,0.0,22.34,0.0,1.0,68.86,13.36
1787064359.8271053,1104,any_person,position,held,True,86,False,True,False,8,0.044,46.62,0.0,0.0,19.69,0.0,1.0,67.31,13.36
1787064359.9038255,1105,any_person,position,held,True,86,False,True,False,9,0.044,45.09,0.0,0.0,21.67,0.0,1.0,67.76,13.36
1787064359.977042,1106,any_person,position,held,True,86,True,True,True,9,0.0528,46.69,0.0,0.0,21.52,0.0,1.01,69.22,13.36
1787064360.0588555,1107,any_person,position,held,True,86,True,True,True,9,0.0572,43.97,0.0,0.0,20.83,0.0,1.01,65.8,13.36
1787064360.1354096,1108,any_person,position,held,True,86,True,True,True,9,0.0572,42.53,0.0,0.0,20.23,0.0,1.0,63.76,13.36
1787064360.211465,1109,any_person,position,held,True,86,True,True,True,9,0.0572,41.53,0.0,0.0,20.51,0.0,0.0,63.05,13.36
1787064360.290058,1110,any_person,position,held,True,86,True,True,True,10,0.0572,41.0,0.0,0.0,20.73,0.0,1.0,63.6,13.36
1787064360.3703597,1111,any_person,position,held,True,86,True,True,True,9,0.0644,46.99,0.0,0.0,19.58,0.0,1.0,67.57,13.36
1787064360.4474247,1112,any_person,position,held,True,86,True,True,True,9,0.0732,43.51,0.0,0.0,22.55,0.0,0.0,67.06,12.89
1787064360.512544,1113,any_person,position,held,True,86,True,True,True,8,0.0961,41.52,0.0,0.0,19.93,0.0,1.01,62.45,12.89
1787064360.5849628,1114,any_person,position,held,True,86,True,True,True,7,0.1106,44.82,0.0,0.0,22.43,1.01,0.0,69.25,12.89
1787064360.6624842,1115,any_person,position,held,True,86,True,True,True,6,0.1301,43.68,0.0,0.0,20.82,0.0,1.0,65.5,12.89
1787064360.7410798,1116,any_person,position,held,True,86,True,True,True,6,0.1317,45.51,0.0,1.0,20.08,0.0,1.0,67.6,12.89
1787064360.8225842,1117,any_person,position,held,True,86,True,True,True,6,0.1317,46.66,0.0,0.0,22.84,0.0,1.0,70.5,12.89
1787064360.9002535,1118,any_person,position,held,True,86,True,True,True,7,0.1414,47.52,0.0,0.0,21.14,0.0,1.0,69.66,12.89
1787064360.978065,1119,any_person,position,held,True,86,True,True,True,7,0.1487,47.27,0.0,0.0,21.46,0.0,1.0,69.72,12.89
1787064361.0530272,1120,any_person,position,held,True,86,True,True,True,7,0.1505,45.56,0.0,0.0,22.39,0.0,1.01,68.96,12.89
1787064361.1239383,1121,any_person,position,held,True,86,True,True,True,7,0.5066,45.04,0.0,0.0,20.87,0.0,1.0,66.91,12.89
1787064361.2073872,1122,any_person,position,held,True,86,True,True,True,7,0.5066,43.54,0.0,0.0,21.91,0.0,0.0,66.45,12.89
1787064361.2859638,1123,any_person,position,held,True,86,True,True,True,7,0.5066,44.37,0.0,0.0,21.2,0.0,1.01,66.58,12.89
1787064361.3638031,1124,any_person,position,held,True,86,True,True,True,7,0.5066,41.37,0.0,0.0,22.96,0.0,1.0,65.33,12.89
1787064361.4423654,1125,any_person,position,held,True,86,True,True,True,7,0.5066,45.51,0.0,0.0,20.0,0.0,1.0,66.52,12.89
1787064361.5192928,1126,any_person,position,held,True,86,True,True,True,7,0.5066,42.28,0.0,0.0,23.14,0.0,1.0,66.42,13.06
1787064361.5888817,1127,any_person,position,held,True,86,True,True,True,7,0.5066,46.0,0.0,0.0,19.59,0.0,1.0,66.59,13.06
1787064361.6653533,1128,any_person,position,held,True,86,True,True,True,7,0.5066,48.08,0.0,0.0,20.08,0.0,1.31,69.46,13.06
1787064361.7424593,1129,any_person,position,held,True,86,True,True,True,7,0.5066,46.53,0.0,0.0,22.2,0.0,0.0,69.74,13.06
1787064361.823092,1130,any_person,position,held,True,86,True,True,True,7,0.5066,49.35,0.0,0.0,20.28,0.0,1.01,70.64,13.06
1787064361.8946106,1131,any_person,position,held,True,86,True,True,True,7,0.5066,45.01,0.0,0.0,21.51,0.0,0.0,67.52,13.06
1787064361.9668388,1132,any_person,position,held,True,86,True,True,True,7,0.5066,46.0,0.0,0.0,22.17,0.0,0.55,69.22,13.06
1787064362.0393252,1133,any_person,position,held,True,86,True,True,True,7,0.5066,47.05,0.0,0.0,21.43,0.0,1.0,69.48,13.06
1787064362.1166334,1134,any_person,position,held,True,86,True,True,True,7,0.5066,47.09,0.0,0.0,22.74,0.0,1.0,70.83,13.06
1787064362.1952193,1135,any_person,position,held,True,86,True,True,True,7,0.5066,46.09,0.0,0.0,23.5,0.0,1.0,70.59,13.06
1787064362.2658505,1136,any_person,position,held,True,86,True,True,True,7,0.5066,42.63,0.0,0.0,19.0,0.0,1.0,62.63,13.06
1787064362.3459198,1137,any_person,position,held,True,86,True,True,True,6,0.5066,43.71,0.0,0.0,20.36,0.0,1.0,65.07,13.06
1787064362.4224846,1138,any_person,position,held,True,86,True,True,True,6,0.5066,42.04,0.0,0.0,20.26,1.0,0.0,64.3,13.06
1787064362.50162,1139,any_person,position,held,True,86,True,True,True,6,0.5066,43.52,0.0,0.0,20.51,0.0,1.0,65.03,13.06
1787064362.5806155,1140,any_person,position,held,True,86,True,True,True,6,0.5066,44.0,0.0,0.0,20.99,0.0,1.01,66.0,13.19
1787064362.6582708,1141,any_person,position,held,True,86,True,True,True,7,0.5066,43.64,0.0,0.0,21.51,0.0,0.0,66.15,13.19
1787064362.7328212,1142,any_person,position,held,True,86,True,True,True,7,0.5066,41.53,0.0,0.0,20.02,0.0,1.0,62.55,13.19
1787064362.8054726,1143,any_person,position,held,True,86,True,True,True,7,0.5066,44.54,0.0,0.0,21.68,0.0,1.42,68.65,13.19
1787064362.8779008,1144,any_person,position,held,True,86,True,True,True,8,0.5066,45.7,0.0,0.0,21.58,0.0,0.0,68.28,13.19
1787064362.9537463,1145,any_person,position,held,True,86,True,True,True,8,0.5066,43.52,0.0,0.0,22.31,0.0,1.01,66.84,13.19
1787064363.0364187,1146,any_person,position,held,True,86,True,True,True,8,0.5066,48.05,0.0,0.0,21.5,0.0,0.0,70.67,13.19
1787064363.1062272,1147,any_person,position,held,True,86,True,True,True,9,0.5066,42.52,0.0,0.0,23.27,0.0,1.01,66.8,13.19
1787064363.1899621,1148,any_person,position,held,True,86,True,True,True,10,0.5066,46.06,0.0,0.0,21.52,1.0,0.0,69.58,13.19
1787064363.2656527,1149,any_person,position,held,True,86,True,True,True,9,0.5066,45.0,0.0,0.0,22.18,0.0,1.01,68.19,13.19
1787064363.3398354,1150,any_person,position,held,True,86,True,True,True,8,0.5066,43.52,0.0,0.0,21.66,0.0,1.0,66.19,13.19
1787064363.4083893,1151,any_person,position,held,True,86,True,True,True,9,0.5066,44.05,0.0,0.0,20.51,0.0,1.0,65.55,13.19
1787064363.47692,1152,any_person,position,held,True,86,True,True,True,9,0.5066,42.01,0.0,0.0,21.52,0.0,1.0,64.52,13.19
1787064363.5574348,1153,any_person,position,held,True,86,True,True,True,9,0.5066,43.51,0.0,0.0,21.0,0.0,1.0,65.51,13.19
1787064363.635574,1154,any_person,position,held,True,86,True,True,True,9,0.5066,43.17,0.0,0.0,20.97,0.0,1.0,65.14,13.27
1787064363.7141638,1155,any_person,position,held,True,86,True,True,True,9,0.5066,43.01,0.0,0.0,22.51,0.0,0.0,66.52,13.27
1787064363.7850063,1156,any_person,position,held,True,86,True,True,True,9,0.5066,44.16,0.0,0.0,22.69,0.0,1.0,67.84,13.27
1787064363.869928,1157,any_person,position,held,True,86,True,True,True,9,0.5066,43.0,0.0,0.0,22.41,0.0,0.0,66.42,13.27
1787064363.9430952,1158,any_person,position,held,True,86,True,True,True,9,0.5066,45.52,0.0,0.0,23.65,0.0,1.0,70.17,13.27
1787064364.0278943,1159,any_person,position,held,True,86,True,True,True,9,0.5066,44.26,0.0,0.0,22.54,0.0,1.0,67.8,13.27
1787064364.1066875,1160,any_person,position,held,True,86,True,True,True,9,0.5066,45.52,0.0,0.0,21.27,0.0,1.0,67.79,13.27
1787064364.1781158,1161,any_person,position,held,True,86,True,True,True,9,0.5066,45.3,0.0,0.0,22.12,0.0,1.01,68.43,13.27
1787064364.2526028,1162,any_person,position,held,True,86,True,True,True,9,0.5066,44.97,0.0,0.0,25.0,0.0,1.0,70.97,13.27
1787064364.3262,1163,any_person,position,held,True,86,True,True,True,9,0.5066,45.52,0.0,0.0,21.07,0.0,1.01,67.6,13.27
1787064364.400781,1164,any_person,position,held,True,86,True,True,True,9,0.5066,42.56,0.0,0.0,21.02,0.0,1.0,64.58,13.27
1787064364.4820926,1165,any_person,position,held,True,86,True,True,True,9,0.5066,43.01,0.0,0.0,22.29,1.01,0.0,67.31,13.27
1787064364.5469759,1166,any_person,position,held,True,86,True,True,True,9,0.5066,40.51,0.0,0.0,20.37,0.0,0.0,61.88,13.27
1787064364.6257706,1167,any_person,position,held,True,86,True,True,True,9,0.5066,46.58,0.0,0.0,23.21,0.0,1.0,70.79,13.27
1787064364.6931124,1168,any_person,position,held,True,86,True,False,False,9,0.5066,41.51,0.0,0.0,21.82,0.0,1.01,64.34,13.24
1787064364.7773342,1169,any_person,position,held,True,86,True,False,False,9,0.5066,44.12,0.0,0.0,20.97,0.0,1.0,66.09,13.24
1787064364.8590915,1170,any_person,position,held,True,86,True,False,False,9,0.5066,45.27,0.0,0.0,21.98,0.0,1.0,68.25,13.24
1787064364.9327724,1171,any_person,position,held,True,86,True,False,False,9,0.5066,42.53,0.0,0.0,20.08,0.0,1.07,63.68,13.24
1787064365.0169783,1172,any_person,position,held,True,86,True,True,True,9,0.5066,45.48,0.0,0.0,21.71,0.0,0.0,68.2,13.24
1787064365.0995827,1173,any_person,position,held,True,86,True,True,True,9,0.5066,46.13,0.0,0.0,24.14,0.0,1.01,71.28,13.24
1787064365.1739986,1174,any_person,position,held,True,86,True,True,True,9,0.5066,44.6,0.0,0.0,21.68,0.0,1.14,67.42,13.24
1787064365.2488604,1175,any_person,position,held,True,86,True,True,True,9,0.5066,42.03,0.0,0.0,22.46,0.0,1.0,65.49,13.24
1787064365.330796,1176,any_person,position,held,True,86,True,False,False,9,0.5066,43.52,0.0,0.0,23.41,0.0,1.0,67.94,13.24
1787064365.4095376,1177,any_person,position,held,True,86,True,False,False,9,0.5066,46.93,0.0,0.0,21.8,0.0,1.01,69.74,13.24
1787064365.4832768,1178,any_person,position,held,True,86,True,True,True,9,0.5066,44.0,0.0,0.0,21.74,0.0,0.0,66.74,13.24
1787064365.5447872,1179,any_person,position,held,True,86,True,True,True,9,0.5066,40.51,0.0,0.0,18.0,0.0,0.0,58.51,13.24
1787064365.6468987,1180,any_person,position,held,True,86,True,False,False,9,0.5066,45.86,0.0,0.0,43.24,0.0,1.01,90.11,13.24
1787064365.7177014,1181,any_person,position,held,True,86,True,True,True,9,0.5066,45.01,0.0,0.0,21.8,0.0,1.0,67.81,12.69
1787064365.7930074,1182,any_person,position,held,True,86,True,False,False,9,0.5066,44.0,0.0,0.0,22.08,0.0,1.22,67.31,12.69
1787064365.8643749,1183,any_person,position,held,True,86,False,True,False,0,0.0,47.01,0.0,0.0,20.64,1.01,0.0,69.17,12.69
1787064365.9338908,1184,any_person,position,held,True,86,False,True,False,0,0.0,45.51,0.0,0.0,21.0,0.0,1.0,67.52,12.69
1787064366.0056522,1185,any_person,position,held,True,86,False,True,False,0,0.0,43.0,0.0,0.0,23.76,0.0,1.0,67.76,12.69
1787064366.0769966,1186,any_person,position,held,True,86,False,True,False,0,0.0,44.14,0.0,0.0,23.21,0.0,1.0,68.34,12.69
1787064366.1515212,1187,any_person,position,held,True,86,False,True,False,0,0.0,43.52,0.0,0.0,20.0,0.0,1.0,64.52,12.69
1787064366.2367966,1188,any_person,position,held,True,86,False,True,False,0,0.0,47.03,0.0,0.0,24.24,0.0,1.0,72.28,12.69
1787064366.3059318,1189,any_person,position,held,True,86,False,True,False,0,0.0,44.01,0.0,0.0,20.11,0.0,1.01,65.14,12.69
1787064366.3797681,1190,any_person,position,held,True,86,False,True,False,0,0.0,47.21,0.0,0.0,21.54,0.0,1.0,69.75,12.69
1787064366.4519114,1191,any_person,position,held,True,86,False,True,False,0,0.0,46.03,0.0,0.0,21.1,0.0,1.01,68.14,12.69
1787066369.681895,1,any_person,position,reacquired,True,1,False,True,False,0,0.0,410.69,0.0,0.0,531.46,0.0,56.9,1001.05,0.63
1787066369.7808263,2,any_person,position,held,True,1,False,True,False,0,0.0,68.15,0.0,0.0,26.62,0.0,1.0,95.77,0.63
1787066369.8663397,3,any_person,position,held,True,1,False,True,False,0,0.0,54.85,0.0,0.0,25.65,0.0,1.01,82.51,0.63
1787066369.9564912,4,any_person,position,held,True,1,False,True,False,0,0.0,47.55,0.0,0.0,25.6,0.0,1.0,74.16,0.63
1787066370.0364616,5,any_person,position,held,True,1,False,True,False,0,0.0,48.02,0.0,0.0,26.48,0.0,0.0,75.5,0.63
1787066370.1104681,6,any_person,position,held,True,1,False,True,False,0,0.0,47.59,0.0,0.0,22.41,0.0,0.0,71.01,0.63
1787066370.1887984,7,any_person,position,held,True,1,False,True,False,0,0.0,48.15,0.0,0.0,25.83,0.0,0.0,74.97,0.63
1787066370.2736113,8,any_person,position,held,True,1,False,True,False,0,0.0,51.76,0.0,0.0,25.42,0.0,1.0,78.18,0.63
1787066370.3627205,9,any_person,position,held,True,1,False,True,False,0,0.0,48.82,0.0,0.0,24.29,0.0,1.0,74.11,0.63
1787066370.453248,10,any_person,position,held,True,1,False,True,False,0,0.0,46.3,0.0,0.0,24.5,0.0,1.01,72.53,0.63
1787066370.5267084,11,any_person,position,held,True,1,False,True,False,0,0.0,46.13,0.0,0.0,22.13,0.0,0.0,69.26,0.63
1787066370.6115997,12,any_person,position,held,True,1,False,True,False,0,0.0,52.32,0.0,0.0,23.56,0.0,1.01,76.88,0.63
1787066370.698247,13,any_person,position,held,True,1,False,True,False,0,0.0,46.07,0.0,0.0,23.45,0.0,0.0,70.52,11.81
1787066370.7795393,14,any_person,position,held,True,1,False,True,False,0,0.0,51.06,0.0,0.0,22.23,1.0,0.0,75.29,11.81
1787066370.8770018,15,any_person,position,held,True,1,False,True,False,0,0.0,55.83,0.0,0.0,23.63,0.0,1.0,80.46,11.81
1787066370.9613695,16,any_person,position,held,True,1,False,True,False,0,0.0,55.53,0.0,0.0,24.08,0.0,1.02,81.37,11.81
1787066371.0361555,17,any_person,position,held,True,1,False,True,False,0,0.0,49.97,0.0,0.0,20.62,0.0,1.0,71.59,11.81
1787066371.1172583,18,any_person,position,held,True,1,False,True,False,0,0.0,48.19,0.0,0.0,23.41,0.0,1.0,72.6,11.81
1787066371.1883013,19,any_person,position,held,True,1,False,True,False,0,0.0,45.03,0.0,0.0,22.01,0.0,1.0,68.04,11.81
1787066371.2701724,20,any_person,position,held,True,1,False,True,False,0,0.0,46.05,0.0,0.0,23.32,0.0,1.0,70.37,11.81
1787066371.3578122,21,any_person,position,held,True,1,False,True,False,0,0.0,55.01,0.0,0.0,23.64,0.0,1.0,79.64,11.81
1787066371.4319932,22,any_person,position,held,True,1,False,True,False,0,0.0,46.01,0.0,0.0,22.17,1.01,0.0,70.18,11.81
1787066371.517785,23,any_person,position,held,True,1,False,True,False,0,0.0,46.28,0.0,0.0,22.0,0.0,1.0,69.28,11.81
1787066371.5931213,24,any_person,position,held,True,1,False,True,False,0,0.0,46.63,0.0,0.0,24.7,0.0,1.0,72.34,11.81
1787066371.6758256,25,any_person,position,held,True,1,False,True,False,0,0.0,45.95,0.0,0.0,25.74,0.0,0.0,72.68,11.81
1787066371.7579305,26,any_person,position,held,True,1,False,True,False,0,0.0,50.0,0.0,0.0,25.04,0.0,0.53,76.1,12.27
1787066371.8341746,27,any_person,position,held,True,1,False,True,False,0,0.0,49.08,0.0,0.0,23.11,0.0,1.0,73.19,12.27
1787066371.9131172,28,any_person,position,held,True,1,False,True,False,0,0.0,50.16,0.0,0.0,23.79,0.0,1.0,74.94,12.27
1787066372.0046854,29,any_person,position,held,True,1,False,True,False,0,0.0,49.43,0.0,0.0,22.62,0.0,1.01,74.05,12.27
1787066372.0824275,30,any_person,position,held,True,1,False,True,False,0,0.0,51.58,0.0,0.0,22.13,0.0,1.03,74.74,12.27
1787066372.1645813,31,any_person,position,held,True,1,False,True,False,0,0.0,50.62,0.0,0.0,26.16,0.0,1.01,77.79,12.27
1787066372.2501338,32,any_person,position,held,True,1,False,True,False,0,0.0,46.93,0.0,0.0,23.63,0.0,1.0,71.56,12.27
1787066372.3272955,33,any_person,position,held,True,1,False,True,False,0,0.0,46.89,0.0,0.0,22.02,0.0,1.0,69.91,12.27
1787066372.4076447,34,any_person,position,held,True,1,False,True,False,0,0.0,46.44,0.0,0.0,24.8,0.0,1.0,72.24,12.27
1787066372.4873605,35,any_person,position,held,True,1,False,True,False,0,0.0,52.15,0.0,0.0,21.56,0.0,0.0,74.71,12.27
1787066372.5720277,36,any_person,position,held,True,1,False,True,False,0,0.0,43.52,0.0,0.0,22.15,0.0,1.0,66.67,12.27
1787066372.6511815,37,any_person,position,held,True,1,False,True,False,0,0.0,46.48,0.0,0.0,21.67,0.0,1.0,69.15,12.27
1787066372.7319136,38,any_person,position,held,True,1,False,True,False,0,0.0,47.06,0.0,0.0,24.66,0.0,0.0,72.73,12.27
1787066372.8089564,39,any_person,position,held,True,1,False,True,False,0,0.0,46.53,0.0,0.0,24.52,0.0,0.0,72.04,12.37
1787066372.8893223,40,any_person,position,held,True,1,False,True,False,0,0.0,51.04,0.0,0.0,22.32,0.0,0.0,75.36,12.37
1787066372.9629817,41,any_person,position,held,True,1,False,True,False,0,0.0,46.15,0.0,0.0,23.15,0.0,1.0,70.31,12.37
1787066373.0427198,42,any_person,position,held,True,1,False,True,False,0,0.0,47.52,0.0,0.0,23.23,0.0,1.0,71.75,12.37
1787066373.1192372,43,any_person,position,held,True,1,False,True,False,0,0.0,46.51,0.0,0.0,25.01,0.0,1.0,72.52,12.37
1787066373.1948037,44,any_person,position,held,True,1,False,True,False,0,0.0,45.03,0.0,0.0,22.54,0.0,1.0,68.57,12.37
1787066373.2817795,45,any_person,position,held,True,1,False,True,False,0,0.0,51.54,0.0,0.0,24.45,0.0,1.0,76.98,12.37
1787066373.3575826,46,any_person,position,held,True,1,False,True,False,0,0.0,48.6,0.0,0.0,21.72,0.0,1.48,71.8,12.37
1787066373.4448214,47,any_person,position,held,True,1,False,True,False,0,0.0,46.01,0.0,0.0,21.62,0.0,1.0,68.64,12.37
1787066373.528041,48,any_person,position,held,True,1,False,True,False,0,0.0,48.52,0.0,0.0,24.44,0.0,1.0,73.95,12.37
1787066373.6053493,49,any_person,position,held,True,1,False,True,False,0,0.0,50.16,0.0,0.0,22.14,0.0,1.0,73.3,12.37
1787066373.680432,50,any_person,position,held,True,1,False,True,False,0,0.0,46.54,0.0,0.0,22.54,0.0,0.0,70.08,12.37
1787066373.755317,51,any_person,position,held,True,1,False,True,False,0,0.0,48.0,0.0,0.0,22.78,0.0,1.1,71.89,12.37
1787066373.8348854,52,any_person,position,held,True,1,False,True,False,0,0.0,46.0,0.0,0.0,22.89,0.0,1.02,69.91,12.67
1787066373.917892,53,any_person,position,held,True,1,False,True,False,0,0.0,50.34,0.0,0.0,24.17,0.0,1.0,75.51,12.67
1787066373.9958432,54,any_person,position,held,True,1,False,True,False,0,0.0,51.29,0.0,0.0,21.66,1.0,0.0,74.95,12.67
1787066374.0818653,55,any_person,position,held,True,1,False,True,False,0,0.0,47.36,0.0,0.0,21.66,0.0,1.0,70.02,12.67
1787066374.156363,56,any_person,position,held,True,1,False,True,False,0,0.0,47.01,0.0,0.0,23.49,0.0,1.0,71.5,12.67
1787066374.2416358,57,any_person,position,held,True,1,False,True,False,0,0.0,49.16,0.0,0.0,23.1,0.0,1.01,73.27,12.67
1787066374.316088,58,any_person,position,held,True,1,False,True,False,0,0.0,44.84,0.0,1.0,22.6,0.0,1.17,70.45,12.67
1787066374.4016948,59,any_person,position,held,True,1,False,True,False,0,0.0,51.03,0.0,0.0,24.58,0.0,1.0,76.61,12.67
1787066374.4916751,60,any_person,position,held,True,1,False,True,False,0,0.031,49.52,0.0,0.0,22.25,0.0,1.0,73.77,12.67
1787066374.5792942,61,any_person,position,held,True,1,False,True,False,1,0.0346,46.06,0.0,0.0,22.57,0.0,1.0,69.62,12.67
1787066374.6606555,62,any_person,position,held,True,1,False,True,False,1,0.0458,49.6,0.0,0.0,22.76,0.0,0.0,73.36,12.67
1787066374.738527,63,any_person,position,held,True,1,False,True,False,2,0.0458,49.01,0.0,0.0,22.87,0.0,0.0,72.87,12.67
1787066374.8134792,64,any_person,position,held,True,1,False,True,False,3,0.0458,47.96,0.0,0.0,20.99,0.0,0.0,70.95,12.67
1787066374.8908374,65,any_person,position,held,True,1,False,True,False,3,0.0458,46.61,0.0,0.0,22.75,0.0,1.0,70.36,12.31
1787066374.9708893,66,any_person,position,held,True,1,False,True,False,3,0.0458,49.54,0.0,0.0,23.52,0.0,1.0,74.05,12.31
1787066375.0464065,67,any_person,position,held,True,1,False,True,False,3,0.0458,49.8,0.0,0.0,21.72,0.0,1.0,72.52,12.31
1787066375.1238868,68,any_person,position,held,True,1,False,True,False,3,0.0499,50.2,0.0,0.0,21.77,0.0,1.0,72.97,12.31
1787066375.1983197,69,any_person,position,held,True,1,False,True,False,4,0.0499,48.02,0.0,0.0,21.42,0.0,1.0,70.43,12.31
1787066375.2794538,70,any_person,position,held,True,1,False,True,False,4,0.0499,51.25,0.0,0.0,24.95,0.0,1.22,77.42,12.31
1787066375.3586752,71,any_person,position,held,True,1,False,True,False,5,0.0499,50.85,0.0,0.0,23.29,0.0,1.0,75.14,12.31
1787066375.4354675,72,any_person,position,held,True,1,False,True,False,5,0.0499,48.86,0.0,0.0,23.69,0.0,1.0,73.55,12.31
1787066375.5292068,73,any_person,position,held,True,1,False,True,False,6,0.0499,50.64,0.0,0.0,24.21,0.0,0.0,75.84,12.31
1787066375.605991,74,any_person,position,held,True,1,True,True,True,7,0.0512,49.56,0.0,0.0,23.22,0.0,1.0,73.78,12.31
1787066375.6853237,75,any_person,position,held,True,1,True,True,True,8,0.0512,51.1,0.0,0.0,23.23,1.0,0.0,76.33,12.31
1787066375.761923,76,any_person,position,held,True,1,True,True,True,8,0.0512,48.05,0.0,0.0,23.54,0.0,1.0,72.6,12.31
1787066375.8408098,77,any_person,position,held,True,1,True,True,True,8,0.0512,50.32,0.0,0.0,24.09,0.0,0.0,75.41,12.31
1787066375.927996,78,any_person,position,held,True,1,True,True,True,8,0.0512,46.51,0.0,0.0,22.17,0.0,1.0,69.68,12.53
1787066376.0093813,79,any_person,position,held,True,1,True,True,True,7,0.0559,48.52,0.0,0.0,22.92,0.0,0.0,72.87,12.53
1787066376.085931,80,any_person,position,held,True,1,True,True,True,8,0.0559,46.81,0.0,0.0,23.51,0.0,0.0,71.32,12.53
1787066376.1684024,81,any_person,position,held,True,1,True,True,True,7,0.0559,52.41,0.0,0.0,22.06,0.0,1.0,75.47,12.53
1787066376.2588627,82,any_person,position,held,True,1,True,True,True,6,0.0559,47.02,0.0,0.0,23.89,0.0,1.0,71.91,12.53
1787066376.338561,83,any_person,position,held,True,1,True,True,True,6,0.0559,47.87,0.0,0.0,23.82,0.0,1.0,72.69,12.53
1787066376.4155495,84,any_person,position,held,True,1,True,True,True,7,0.0559,49.55,0.0,0.0,23.44,0.0,0.0,73.99,12.53
1787066376.4928598,85,any_person,position,held,True,1,True,True,True,7,0.0559,45.8,0.0,0.0,23.51,0.0,1.0,70.31,12.53
1787066376.570415,86,any_person,position,held,True,1,True,True,True,7,0.0559,46.52,0.0,0.0,23.03,0.0,0.0,70.55,12.53
1787066376.649629,87,any_person,position,held,True,1,True,True,True,7,0.0559,47.36,0.0,0.0,22.84,0.0,1.0,71.21,12.53
1787066376.733833,88,any_person,position,held,True,1,True,True,True,7,0.0559,49.52,0.0,0.0,27.68,0.0,1.0,78.2,12.53
1787066376.808585,89,any_person,position,held,True,1,True,True,True,7,0.0559,47.98,0.0,0.0,21.77,0.0,1.0,70.75,12.53
1787066376.882066,90,any_person,position,held,True,1,True,True,True,7,0.0559,47.06,0.0,0.0,22.41,0.0,1.01,70.48,12.53
1787066376.9597816,91,any_person,position,held,True,1,True,True,True,7,0.0559,48.64,0.0,0.0,24.07,0.0,1.01,73.72,12.6
1787066377.0454803,92,any_person,position,held,True,1,True,True,True,7,0.0559,51.13,0.0,0.0,24.57,0.0,1.0,77.7,12.6
1787066377.136557,93,any_person,position,held,True,1,True,True,True,7,0.0559,49.95,0.0,0.0,24.61,1.01,0.0,76.56,12.6
1787066377.2121353,94,any_person,position,held,True,1,True,True,True,7,0.0559,48.26,0.0,0.0,23.33,0.0,1.0,72.58,12.6
1787066377.2918534,95,any_person,position,held,True,1,True,True,True,7,0.0559,51.52,0.0,0.0,23.43,0.0,1.12,76.72,12.6
1787066377.3807695,96,any_person,position,held,True,1,True,True,True,7,0.0559,49.24,0.0,0.0,23.16,0.0,1.0,73.4,12.6
1787066377.456257,97,any_person,position,held,True,1,True,True,True,7,0.0559,48.59,0.0,0.0,22.91,0.0,1.0,72.49,12.6
1787066377.5391746,98,any_person,position,held,True,1,True,True,True,7,0.0559,49.7,0.0,0.0,24.42,0.0,1.0,75.12,12.6
1787066377.6160047,99,any_person,position,held,True,1,True,True,True,7,0.0559,50.03,0.0,0.0,22.79,0.0,1.01,73.83,12.6
1787066377.690554,100,any_person,position,held,True,1,True,True,True,7,0.0559,47.41,0.0,0.0,22.14,0.0,1.0,70.55,12.6
1787066377.7637413,101,any_person,position,held,True,1,True,True,True,7,0.0559,44.26,0.0,0.0,20.93,0.0,1.0,66.19,12.6
1787066377.8506556,102,any_person,position,held,True,1,True,True,True,7,0.0559,50.95,0.0,0.0,23.95,0.0,1.01,75.91,12.6
1787066377.9401386,103,any_person,position,held,True,1,True,True,True,7,0.0559,46.34,0.0,0.0,24.14,0.0,0.0,71.49,12.6
1787066378.0205758,104,any_person,position,held,True,1,True,True,True,7,0.0559,48.51,0.0,0.0,24.93,0.0,1.0,74.44,12.25
1787066378.1120667,105,any_person,position,held,True,1,True,True,True,7,0.0559,48.82,0.0,0.0,23.11,0.0,1.0,72.93,12.25
1787066378.1843903,106,any_person,position,held,True,1,True,True,True,7,0.0559,45.04,0.0,0.0,22.29,0.0,1.0,68.33,12.25
1787066378.260618,107,any_person,position,held,True,1,True,True,True,7,0.0559,43.16,0.0,0.0,22.07,0.0,1.0,66.23,12.25
1787066378.3371432,108,any_person,position,held,True,1,True,True,True,7,0.0559,48.29,0.0,0.0,24.46,0.0,0.77,73.52,12.25
1787066378.425411,109,any_person,position,held,True,1,True,True,True,7,0.0559,48.73,0.0,0.0,24.61,0.0,1.0,75.34,12.25
1787066378.5200353,110,any_person,position,held,True,1,True,True,True,7,0.0559,52.51,0.0,0.0,23.2,0.0,1.0,76.71,12.25
1787066378.6088727,111,any_person,position,held,True,1,True,True,True,7,0.0559,47.96,0.0,0.0,22.37,0.0,0.0,71.33,12.25
1787066378.6836648,112,any_person,position,held,True,1,True,True,True,7,0.0559,46.55,0.0,0.0,21.25,0.0,0.0,68.79,12.25
1787066378.7619295,113,any_person,position,held,True,1,True,True,True,7,0.0559,46.54,0.0,0.0,22.62,0.0,0.0,70.15,12.25
1787066378.8392162,114,any_person,position,held,True,1,True,True,True,7,0.0559,46.21,0.0,0.0,22.08,0.0,1.0,69.29,12.25
1787066378.9205654,115,any_person,position,held,True,1,True,True,True,7,0.0559,48.52,0.0,0.0,22.82,0.0,1.0,73.35,12.25
1787066378.9984906,116,any_person,position,held,True,1,True,True,True,7,0.0559,49.04,0.0,0.0,22.4,0.0,1.0,72.44,12.25
1787066379.0722342,117,any_person,position,held,True,1,True,True,True,7,0.0559,47.27,0.0,0.0,21.47,0.0,0.0,69.74,12.36
1787066379.156075,118,any_person,position,held,True,1,True,True,True,7,0.0559,51.59,0.0,0.0,22.57,0.0,0.68,75.84,12.36
1787066379.244518,119,any_person,position,held,True,1,True,True,True,7,0.0559,47.13,0.0,0.0,22.68,0.0,1.0,70.8,12.36
1787066379.319819,120,any_person,position,held,True,1,True,True,True,7,0.0559,46.03,0.0,0.0,22.27,0.0,1.0,69.3,12.36
1787066379.3980315,121,any_person,position,held,True,1,True,True,True,7,0.0559,46.03,0.0,0.0,22.18,0.0,1.0,69.21,12.36
1787066379.4792447,122,any_person,position,held,True,1,True,True,True,7,0.0559,48.05,0.0,0.0,23.15,0.0,1.01,72.21,12.36
1787066379.5548935,123,any_person,position,held,True,1,True,True,True,7,0.0559,47.82,0.0,0.0,21.83,0.0,0.0,69.65,12.36
1787066379.6401012,124,any_person,position,held,True,1,True,True,True,7,0.0559,52.32,0.0,0.0,24.37,0.0,1.0,77.7,12.36
1787066379.7270446,125,any_person,position,held,True,1,True,True,True,7,0.0559,47.0,0.0,0.0,21.93,1.0,0.0,70.94,12.36
1787066379.8004916,126,any_person,position,held,True,1,True,True,True,7,0.0559,48.04,0.0,0.0,21.41,0.0,1.0,70.45,12.36
1787066379.8765097,127,any_person,position,held,True,1,True,True,True,7,0.0559,43.43,0.0,0.0,21.59,0.0,1.0,66.02,12.36
1787066379.9567199,128,any_person,position,held,True,1,True,True,True,7,0.0559,47.02,0.0,0.0,21.69,0.0,0.5,69.21,12.36
1787066380.0374668,129,any_person,position,held,True,1,True,True,True,7,0.0559,48.01,0.0,0.0,23.73,0.0,1.0,72.74,12.36
1787066380.1156635,130,any_person,position,held,True,1,True,True,True,7,0.0559,49.72,0.0,0.0,21.48,0.0,1.0,72.2,12.46
1787066380.1903543,131,any_person,position,held,True,1,True,True,True,7,0.0559,46.04,0.0,0.0,21.65,0.0,1.0,68.69,12.46
1787066380.2699506,132,any_person,position,held,True,1,True,True,True,7,0.0559,48.43,0.0,0.0,21.88,0.0,0.0,71.31,12.46
1787066380.3435688,133,any_person,position,held,True,1,True,True,True,7,0.0559,46.29,0.0,0.0,23.32,0.0,1.0,70.61,12.46
1787066380.4236803,134,any_person,position,held,True,1,True,True,True,7,0.0559,44.51,0.0,0.0,21.64,0.0,1.45,68.61,12.46
1787066380.504165,135,any_person,position,held,True,1,True,True,True,7,0.0559,48.47,0.0,0.0,22.26,0.0,1.01,71.75,12.46
1787066380.5834846,136,any_person,position,held,True,1,True,True,True,7,0.0559,48.48,0.0,0.0,23.37,0.0,1.0,72.85,12.46
1787066380.662439,137,any_person,position,held,True,1,True,True,True,7,0.0559,49.7,0.0,0.0,23.26,0.0,1.0,73.96,12.46
1787066380.737983,138,any_person,position,held,True,1,True,True,True,7,0.0559,49.2,0.0,0.0,22.34,0.0,1.0,72.54,12.46
1787066380.8153074,139,any_person,position,held,True,1,True,True,True,7,0.0559,49.39,0.0,0.0,21.94,0.0,1.0,73.32,12.46
1787066380.8910656,140,any_person,position,held,True,1,True,True,True,7,0.0559,49.53,0.0,0.0,22.08,1.0,0.0,72.6,12.46
1787066380.9671981,141,any_person,position,held,True,1,True,True,True,7,0.0559,45.28,0.0,0.0,20.85,0.0,1.01,67.13,12.46
1787066381.0491312,142,any_person,position,held,True,1,True,True,True,7,0.0559,46.53,0.0,0.0,23.41,0.0,1.0,70.94,12.46
1787066381.1283576,143,any_person,position,held,True,1,True,True,True,7,0.0559,47.38,0.0,0.0,23.34,0.0,0.0,71.72,12.84
1787066381.2149038,144,any_person,position,held,True,1,True,True,True,7,0.0559,54.66,0.0,0.0,23.61,0.0,1.0,79.27,12.84
1787066381.2903,145,any_person,position,held,True,1,True,True,True,7,0.0559,47.52,0.0,0.0,22.88,0.0,1.0,71.4,12.84
1787066381.3768,146,any_person,position,held,True,1,True,True,True,7,0.0559,47.8,0.0,0.0,20.69,0.0,1.0,69.5,12.84
1787066381.4509764,147,any_person,position,held,True,1,True,True,True,7,0.0559,48.17,0.0,0.0,21.01,0.0,1.0,70.18,12.84
1787066381.5317755,148,any_person,position,held,True,1,True,True,True,7,0.0559,45.05,0.0,0.0,23.25,0.0,1.0,69.29,12.84
1787066381.6086035,149,any_person,position,held,True,1,True,True,True,7,0.0559,47.49,0.0,0.0,21.33,0.0,1.01,69.83,12.84
1787066381.6883883,150,any_person,position,held,True,1,True,True,True,7,0.0559,48.64,0.0,0.0,23.15,0.0,1.0,72.79,12.84
1787066381.7660568,151,any_person,position,held,True,1,True,True,True,7,0.0559,48.02,0.0,0.0,23.52,0.0,1.0,72.54,12.84
1787066381.8479068,152,any_person,position,held,True,1,True,True,True,7,0.0559,49.52,0.0,0.0,25.0,0.0,1.0,76.02,12.84
1787066381.9344256,153,any_person,position,held,True,1,True,True,True,7,0.0559,46.0,0.0,0.0,22.01,0.0,1.0,69.01,12.84
1787066382.010976,154,any_person,position,held,True,1,True,True,True,7,0.0559,46.55,0.0,0.0,20.0,0.0,1.0,67.55,12.84
1787066382.090551,155,any_person,position,held,True,1,True,True,True,7,0.0559,45.07,0.0,0.0,22.0,0.0,1.0,68.07,12.84
1787066382.1739461,156,any_person,position,held,True,1,True,True,True,7,0.0559,46.01,0.0,0.0,23.89,0.0,1.5,71.4,12.43
1787066382.2532835,157,any_person,position,held,True,1,True,True,True,7,0.0559,50.52,0.0,0.0,23.23,0.0,1.0,74.75,12.43
1787066382.3315098,158,any_person,position,held,True,1,True,True,True,7,0.0559,50.21,0.0,0.0,23.51,0.0,0.0,74.72,12.43
1787066382.4023695,159,any_person,position,held,True,1,True,True,True,7,0.0559,45.03,0.0,0.0,21.82,0.0,1.0,67.86,12.43
1787066382.4851103,160,any_person,position,held,True,1,True,True,True,7,0.0559,47.73,0.0,0.0,23.99,0.0,1.01,72.74,12.43
1787066382.5592408,161,any_person,position,held,True,1,True,True,True,7,0.0559,45.44,0.0,0.0,20.53,1.16,0.0,68.14,12.43
1787066382.6328673,162,any_person,position,held,True,1,True,True,True,7,0.0559,47.81,0.0,0.0,21.81,0.0,1.01,70.63,12.43
1787066382.7123864,163,any_person,position,held,True,1,True,True,True,7,0.0559,43.51,0.0,0.0,21.44,0.0,1.0,65.95,12.43
1787066382.7971656,164,any_person,position,held,True,1,True,True,True,7,0.0559,47.84,0.0,0.0,23.94,0.0,1.0,72.78,12.43
1787066382.8724499,165,any_person,position,held,True,1,True,True,True,7,0.0559,49.67,0.0,0.0,20.62,0.0,1.0,71.28,12.43
1787066382.949469,166,any_person,position,held,True,1,True,True,True,7,0.0559,47.01,0.0,0.0,22.01,0.0,1.0,71.02,12.43
1787066383.0299184,167,any_person,position,held,True,1,True,True,True,7,0.0559,48.53,0.0,0.0,22.91,0.0,1.0,72.43,12.43
1787066383.1078432,168,any_person,position,held,True,1,True,True,True,7,0.0559,50.14,0.0,0.0,21.78,0.0,1.01,72.93,12.43
1787066383.1788368,169,any_person,position,held,True,1,True,True,True,7,0.0559,44.51,0.0,0.0,21.48,0.0,1.0,66.99,12.94
1787066383.26403,170,any_person,position,held,True,1,True,True,True,7,0.0559,50.18,0.0,0.0,22.51,0.0,1.0,73.69,12.94
1787066383.339257,171,any_person,position,held,True,1,True,True,True,7,0.0559,48.52,0.0,0.0,22.46,0.0,0.0,71.99,12.94
1787066383.4159844,172,any_person,position,held,True,1,True,True,True,7,0.0559,48.03,0.0,0.0,20.68,0.0,1.01,69.72,12.94
1787066383.4950423,173,any_person,position,held,True,1,True,True,True,7,0.0559,47.82,0.0,0.0,23.0,0.0,1.0,71.81,12.94
1787066383.5762992,174,any_person,position,held,True,1,True,True,True,7,0.0559,51.89,0.0,0.0,21.37,0.0,1.0,75.26,12.94
1787066383.6519883,175,any_person,position,held,True,1,True,True,True,7,0.0559,47.22,0.0,0.0,23.46,1.01,0.0,72.69,12.94
1787066383.7292762,176,any_person,position,held,True,1,True,True,True,7,0.0559,49.15,0.0,0.0,21.43,0.0,1.18,72.78,12.94
1787066383.8065314,177,any_person,position,held,True,1,True,True,True,7,0.0559,49.66,0.0,0.0,22.09,0.0,0.51,72.26,12.94
1787066383.8800323,178,any_person,position,held,True,1,True,True,True,7,0.0559,47.03,0.0,0.0,21.46,0.0,1.0,69.49,12.94
1787066383.9619923,179,any_person,position,held,True,1,True,True,True,7,0.0559,49.0,0.0,0.0,22.68,0.0,1.0,72.68,12.94
1787066384.0400715,180,any_person,position,held,True,1,True,True,True,7,0.0559,49.02,0.0,0.0,23.06,0.0,1.0,73.08,12.94
1787066384.1166205,181,any_person,position,held,True,1,True,True,True,7,0.0559,48.06,0.0,0.0,20.95,0.0,1.35,70.36,12.94
1787066384.1975856,182,any_person,position,held,True,1,True,True,True,7,0.0559,48.1,0.0,0.0,23.77,0.0,1.0,72.87,12.76
1787066384.2884045,183,any_person,position,held,True,1,True,True,True,7,0.0559,46.53,0.0,0.0,22.92,0.0,1.0,70.45,12.76
1787066384.3713248,184,any_person,position,held,True,1,True,True,True,7,0.0559,49.51,0.0,0.0,22.4,1.0,0.0,73.92,12.76
1787066384.4474592,185,any_person,position,held,True,1,True,True,True,7,0.0559,47.52,0.0,0.0,24.61,0.0,1.0,73.13,12.76
1787066384.522974,186,any_person,position,held,True,1,True,True,True,7,0.0559,49.52,0.0,0.0,22.0,0.0,1.0,72.52,12.76
1787066384.5990586,187,any_person,position,held,True,1,True,True,True,7,0.0559,47.55,0.0,0.0,21.54,0.0,1.0,70.09,12.76
1787066384.6801584,188,any_person,position,held,True,1,True,True,True,7,0.0559,48.59,0.0,0.0,23.51,0.0,1.0,73.1,12.76
1787066384.7541642,189,any_person,position,held,True,1,True,True,True,7,0.0559,48.0,0.0,0.0,21.0,0.0,1.0,70.01,12.76
1787066384.8324628,190,any_person,position,held,True,1,True,True,True,7,0.0559,50.0,0.0,0.0,23.79,0.0,1.0,74.79,12.76
1787066384.9137208,191,any_person,position,held,True,1,True,True,True,7,0.0559,47.55,0.0,0.0,23.6,0.0,1.0,72.15,12.76
1787066384.9872577,192,any_person,position,held,True,1,True,True,True,7,0.0559,45.93,0.0,0.0,22.61,0.0,1.0,70.54,12.76
1787066385.0704124,193,any_person,position,held,True,1,True,True,True,7,0.0559,48.84,0.0,0.0,22.32,0.0,1.0,72.15,12.76
1787066385.1519327,194,any_person,position,held,True,1,True,True,True,7,0.0559,49.01,0.0,0.0,23.43,0.5,0.0,73.95,12.76
1787066385.2297683,195,any_person,position,held,True,1,True,True,True,7,0.0559,50.59,0.0,0.0,23.24,0.0,1.0,74.83,12.59
1787066385.3130329,196,any_person,position,held,True,1,True,True,True,7,0.0559,53.52,0.0,0.0,23.22,1.01,0.0,78.76,12.59
1787066385.3929849,197,any_person,position,held,True,1,True,True,True,7,0.0559,49.94,0.0,0.0,25.0,1.0,0.0,76.95,12.59
1787066385.4679422,198,any_person,position,held,True,1,True,True,True,7,0.0559,48.53,0.0,0.0,22.03,0.0,1.41,71.96,12.59
1787066385.558301,199,any_person,position,held,True,1,True,True,True,7,0.0559,49.99,0.0,0.0,24.03,0.0,1.01,75.03,12.59
1787066385.63473,200,any_person,position,held,True,1,True,True,True,7,0.0559,49.34,0.0,0.0,23.09,0.0,1.0,73.43,12.59
1787066385.7114527,201,any_person,position,held,True,1,True,True,True,7,0.0559,49.26,0.0,0.0,22.0,1.0,0.0,73.26,12.59
1787066385.7870352,202,any_person,position,held,True,1,True,True,True,7,0.0559,47.55,0.0,0.0,23.04,0.0,1.0,71.58,12.59
1787066385.8651776,203,any_person,position,held,True,1,True,True,True,7,0.0559,49.41,0.0,0.0,21.73,0.0,0.0,72.14,12.59
1787066385.9442742,204,any_person,position,held,True,1,True,True,True,7,0.0559,49.09,0.0,0.0,23.01,0.0,1.0,73.1,12.59
1787066386.017559,205,any_person,position,held,True,1,True,True,True,7,0.0559,45.78,0.0,0.0,22.0,0.0,0.5,68.29,12.59
1787066386.095122,206,any_person,position,held,True,1,True,True,True,7,0.0559,48.23,0.0,0.0,24.33,0.0,0.0,73.56,12.59
1787066386.177099,207,any_person,position,held,True,1,True,True,True,7,0.0559,49.06,0.0,0.0,22.44,0.0,1.47,72.98,12.59
1787066386.2539933,208,any_person,position,held,True,1,True,True,True,7,0.0559,50.02,0.0,0.0,20.87,0.0,1.0,71.89,12.69
1787066386.333019,209,any_person,position,held,True,1,True,True,True,7,0.0559,50.01,0.0,0.0,21.51,0.0,1.0,72.52,12.69
1787066386.4132764,210,any_person,position,held,True,1,True,True,True,7,0.0559,52.25,0.0,0.0,23.0,0.0,1.01,76.26,12.69
1787066386.5020177,211,any_person,position,held,True,1,True,True,True,7,0.0559,48.15,0.0,0.0,21.6,0.0,0.0,70.74,12.69
1787066386.5820084,212,any_person,position,held,True,1,True,True,True,7,0.0559,48.74,0.0,0.0,22.24,0.0,1.0,71.98,12.69
1787066386.665873,213,any_person,position,held,True,1,True,True,True,7,0.0559,49.85,0.0,0.0,26.25,0.0,0.76,76.86,12.69
1787066386.7392716,214,any_person,position,held,True,1,True,True,True,7,0.0559,47.21,0.0,0.0,22.05,0.0,0.0,70.26,12.69
1787066386.816772,215,any_person,position,held,True,1,True,True,True,7,0.0559,50.67,0.0,0.0,22.84,0.0,1.0,74.5,12.69
1787066386.894941,216,any_person,position,held,True,1,True,True,True,7,0.0559,49.21,0.0,0.0,21.97,0.0,1.0,72.17,12.69
1787066386.974077,217,any_person,position,held,True,1,True,True,True,7,0.0559,49.35,0.0,0.0,24.68,0.0,1.0,75.03,12.69
1787066387.0566747,218,any_person,position,held,True,1,True,True,True,7,0.0559,44.4,0.0,0.0,19.82,1.0,0.0,65.22,12.69
1787066387.1375124,219,any_person,position,held,True,1,True,True,True,7,0.0559,45.0,0.0,0.0,21.33,0.0,1.0,67.33,12.69
1787066387.212977,220,any_person,position,held,True,1,True,True,True,7,0.0559,50.05,0.0,0.0,20.42,0.0,1.0,71.47,12.69
1787066387.300816,221,any_person,position,held,True,1,True,True,True,7,0.0559,49.54,0.0,0.0,23.3,0.0,1.0,74.84,12.42
1787066387.3866498,222,any_person,position,held,True,1,True,True,True,7,0.0559,44.99,0.0,0.0,22.1,0.0,1.0,68.09,12.42
1787066387.4703493,223,any_person,position,held,True,1,True,True,True,7,0.0559,48.52,0.0,0.0,23.83,0.0,1.0,74.34,12.42
1787066387.547486,224,any_person,position,held,True,1,True,True,True,7,0.0559,49.24,0.0,0.0,22.47,0.0,1.02,73.72,12.42
1787066387.6254,225,any_person,position,held,True,1,True,True,True,7,0.0559,50.51,0.0,0.0,22.4,0.0,1.01,73.92,12.42
1787066387.7157047,226,any_person,position,held,True,1,True,True,True,7,0.0559,45.76,0.0,0.0,25.49,0.0,1.06,72.31,12.42
1787066387.7943323,227,any_person,position,held,True,1,True,True,True,7,0.0559,48.53,0.0,0.0,23.65,0.0,0.0,73.18,12.42
1787066387.8682518,228,any_person,position,held,True,1,True,True,True,7,0.0559,47.01,0.0,0.0,20.91,0.0,1.0,68.92,12.42
1787066387.953908,229,any_person,position,held,True,1,True,True,True,7,0.0559,50.69,0.0,0.0,24.97,0.0,1.0,76.66,12.42
1787066388.042095,230,any_person,position,held,True,1,True,True,True,7,0.0559,47.3,0.0,0.0,23.32,0.0,1.0,71.62,12.42
1787066388.1148217,231,any_person,position,held,True,1,True,True,True,7,0.0559,44.51,0.0,0.0,21.21,0.0,1.0,66.72,12.42
1787066388.1842532,232,any_person,position,held,True,1,True,True,True,7,0.0559,43.26,0.0,0.0,22.17,0.0,1.0,66.43,12.42
1787066388.2658098,233,any_person,position,held,True,1,True,True,True,7,0.0559,53.39,0.0,0.0,22.16,1.0,0.0,77.55,12.42
1787066388.3542163,234,any_person,position,held,True,1,True,True,True,7,0.0559,48.04,0.0,0.0,24.37,0.0,1.0,73.41,12.34
1787066388.4286504,235,any_person,position,held,True,1,True,True,True,7,0.0559,47.51,0.0,0.0,22.87,0.0,0.0,71.43,12.34
1787066388.5104105,236,any_person,position,held,True,1,True,True,True,7,0.0559,47.67,0.0,0.0,23.58,0.0,1.0,72.25,12.34
1787066388.583471,237,any_person,position,held,True,1,True,True,True,7,0.0559,46.03,0.0,0.0,22.53,0.0,0.5,69.06,12.34
1787066388.6686094,238,any_person,position,held,True,1,True,True,True,7,0.0559,50.43,0.0,0.0,23.28,0.0,1.0,74.71,12.34
1787066388.7548323,239,any_person,position,held,True,1,True,True,True,7,0.0559,45.53,0.0,0.0,22.26,0.0,0.0,68.79,12.34
1787066388.8384876,240,any_person,position,held,True,1,True,True,True,7,0.0559,48.0,0.0,0.0,25.15,0.0,1.0,74.15,12.34
1787066388.9168603,241,any_person,position,held,True,1,True,True,True,7,0.0559,50.53,0.0,0.0,23.04,0.69,0.6,75.37,12.34
1787066388.993185,242,any_person,position,held,True,1,True,True,True,7,0.0559,50.11,0.0,0.0,21.7,0.0,1.51,73.32,12.34
1787066389.0657432,243,any_person,position,held,True,1,True,True,True,7,0.0559,47.69,0.0,0.0,20.86,0.0,0.0,69.55,12.34
1787066389.1462011,244,any_person,position,held,True,1,True,True,True,7,0.0559,48.51,0.0,0.0,23.95,0.0,1.0,73.46,12.34
1787066389.2192242,245,any_person,position,held,True,1,True,True,True,7,0.0559,44.52,0.0,0.0,21.51,0.0,0.0,67.03,12.34
1787066389.2898595,246,any_person,position,held,True,1,True,True,True,7,0.0559,45.52,0.0,0.0,21.11,0.0,1.01,67.64,12.34
1787066389.363669,247,any_person,position,held,True,1,True,True,True,7,0.0559,47.03,0.0,0.0,22.78,0.0,1.0,70.81,12.88
1787066389.4427998,248,any_person,position,held,True,1,True,True,True,7,0.0559,50.93,0.0,0.0,22.92,0.0,0.0,75.13,12.88
1787066389.5202837,249,any_person,position,held,True,1,True,True,True,7,0.0559,50.71,0.0,0.0,22.37,0.0,1.0,74.08,12.88
1787066389.5934844,250,any_person,position,held,True,1,True,True,True,7,0.0559,45.87,0.0,0.0,23.32,0.0,1.01,70.2,12.88
1787066389.670655,251,any_person,position,held,True,1,True,True,True,7,0.0559,47.68,0.0,0.0,22.48,0.0,1.0,71.17,12.88
1787066389.7479348,252,any_person,position,held,True,1,True,True,True,7,0.0559,46.34,0.0,0.0,22.94,0.0,1.0,70.28,12.88
1787066389.8294582,253,any_person,position,held,True,1,True,True,True,7,0.0559,48.52,0.0,0.0,22.92,0.0,1.01,73.46,12.88
1787066389.9035332,254,any_person,position,held,True,1,True,True,True,7,0.0559,47.53,0.0,0.0,22.3,0.0,1.25,71.08,12.88
1787066389.9845312,255,any_person,position,held,True,1,True,True,True,7,0.0559,49.19,0.0,0.0,23.8,0.0,1.0,73.99,12.88
1787066390.0629497,256,any_person,position,held,True,1,True,True,True,7,0.0559,48.19,0.0,0.0,25.23,0.0,1.0,74.42,12.88
1787066390.139124,257,any_person,position,held,True,1,True,True,True,7,0.0559,47.52,0.0,0.0,24.66,0.0,1.0,73.17,12.88
1787066390.228729,258,any_person,position,held,True,1,True,True,True,7,0.0559,48.09,0.0,0.0,22.01,0.0,1.0,71.1,12.88
1787066390.2995384,259,any_person,position,held,True,1,True,True,True,7,0.0559,44.52,0.0,0.0,22.29,0.0,0.0,67.81,12.88
1787066390.3836665,260,any_person,position,held,True,1,True,True,True,7,0.0559,46.61,0.0,0.0,22.01,0.0,1.0,69.62,12.75
1787066390.4671757,261,any_person,position,held,True,1,True,True,True,7,0.0559,49.37,0.0,0.0,23.14,0.0,0.0,73.51,12.75
1787066390.5434618,262,any_person,position,held,True,1,True,False,False,7,0.0559,47.51,0.0,0.0,23.78,0.0,0.0,72.29,12.75
1787066390.6174214,263,any_person,position,held,True,1,True,False,False,7,0.0559,45.61,0.0,0.0,20.83,0.0,1.01,67.45,12.75
1787066390.702026,264,any_person,position,held,True,1,True,True,True,7,0.0559,48.47,0.0,0.0,25.14,0.0,1.0,74.61,12.75
1787066390.775864,265,any_person,position,held,True,1,True,False,False,7,0.0559,45.52,0.0,0.0,24.32,0.0,1.0,70.84,12.75
1787066390.8528461,266,any_person,position,held,True,1,True,False,False,7,0.0559,47.01,0.0,0.0,21.98,0.0,1.0,69.99,12.75
1787066390.9361107,267,any_person,position,held,True,1,True,False,False,7,0.0559,50.01,0.0,0.0,24.7,0.0,1.01,75.72,12.75
1787066391.0104897,268,any_person,position,held,True,1,True,False,False,7,0.0559,47.54,0.0,0.0,22.84,0.0,1.0,71.38,12.75
1787066391.0925102,269,any_person,position,held,True,1,True,False,False,7,0.0559,51.85,0.0,0.0,26.17,0.0,1.0,79.02,12.75
1787066391.1833165,270,any_person,position,held,True,1,True,False,False,7,0.0559,47.39,0.0,0.0,24.48,0.0,1.0,72.87,12.75
1787066391.26477,271,any_person,position,held,True,1,True,False,False,7,0.0559,50.92,0.0,0.0,23.53,0.0,1.0,75.45,12.75
1787066391.3390307,272,any_person,position,held,True,1,True,False,False,7,0.0559,47.35,0.0,0.0,20.44,1.47,0.0,70.27,12.75
1787066391.4129152,273,any_person,position,held,True,1,True,False,False,7,0.0559,44.89,0.0,0.0,22.0,0.0,1.0,67.89,12.63
1787066391.4946537,274,any_person,position,held,True,1,True,False,False,7,0.0559,47.52,0.0,0.0,23.51,0.0,1.0,72.03,12.63
1787066391.5721374,275,any_person,position,held,True,1,True,False,False,7,0.0559,47.01,0.0,0.0,23.48,0.0,1.0,71.49,12.63
1787066391.6501184,276,any_person,position,held,True,1,True,False,False,7,0.0559,46.51,0.0,0.0,22.5,1.0,0.0,71.02,12.63
1787066391.7226357,277,any_person,position,held,True,1,True,False,False,7,0.0559,47.04,0.0,0.0,21.98,0.0,0.0,70.01,12.63
1787066391.8106687,278,any_person,position,held,True,1,True,False,False,7,0.0559,51.03,0.0,0.0,25.0,0.0,1.0,77.03,12.63
1787066391.8811593,279,any_person,position,held,True,1,True,False,False,7,0.0559,43.0,0.0,0.0,22.49,0.0,1.0,66.49,12.63
1787066391.9652042,280,any_person,position,held,True,1,True,False,False,7,0.0559,51.02,0.0,0.0,24.02,0.0,1.0,76.05,12.63
1787066392.0610034,281,any_person,position,held,True,1,True,False,False,7,0.0559,52.86,0.0,0.0,23.91,0.0,1.01,78.29,12.63
1787066392.1488025,282,any_person,position,held,True,1,True,False,False,7,0.0559,47.68,0.0,0.0,23.84,0.0,0.0,72.53,12.63
1787066392.229536,283,any_person,position,held,True,1,True,False,False,7,0.0559,49.62,0.0,0.0,23.41,0.0,1.51,74.53,12.63
1787066392.3191717,284,any_person,position,held,True,1,True,False,False,7,0.0559,46.51,0.0,0.0,24.51,0.0,0.0,72.02,12.63
1787066392.3959684,285,any_person,position,held,True,1,True,False,False,7,0.0559,49.04,0.0,0.0,23.75,0.0,0.0,73.79,12.63
1787066392.478932,286,any_person,position,held,True,1,True,False,False,7,0.0559,50.01,0.0,0.0,23.95,0.0,1.0,75.96,12.19
1787066392.5547752,287,any_person,position,held,True,1,True,False,False,7,0.0559,47.14,0.0,0.0,23.71,0.0,0.0,71.85,12.19
1787066392.6315536,288,any_person,position,held,True,1,True,False,False,7,0.0559,48.27,0.0,0.0,23.51,0.0,1.01,72.78,12.19
1787066392.7142918,289,any_person,position,held,True,1,True,False,False,7,0.0559,50.27,0.0,0.0,26.47,0.0,1.0,77.74,12.19
1787066392.7983618,290,any_person,position,held,True,1,True,False,False,7,0.0559,44.28,0.0,0.0,22.79,0.0,1.01,68.07,12.19
1787066392.8807037,291,any_person,position,held,True,1,True,False,False,7,0.0559,47.39,0.0,0.0,23.95,0.0,1.0,72.34,12.19
1787066392.9544275,292,any_person,position,held,True,1,True,False,False,7,0.0559,46.03,0.0,0.0,23.58,0.0,1.0,70.61,12.19
1787066393.034254,293,any_person,position,held,True,1,True,False,False,7,0.0559,45.12,0.0,0.0,21.43,0.0,1.0,67.55,12.19
1787066393.120106,294,any_person,position,held,True,1,True,False,False,7,0.0559,50.52,0.0,0.0,22.33,0.0,1.0,73.85,12.19
1787066393.1990757,295,any_person,position,held,True,1,True,True,True,7,0.0559,51.02,0.0,0.0,23.94,0.0,1.01,75.97,12.19
1787066393.2742379,296,any_person,position,held,True,1,True,True,True,7,0.0559,47.28,0.0,0.0,22.88,0.0,1.01,71.16,12.19
1787066393.3492334,297,any_person,position,held,True,1,True,True,True,7,0.0559,47.0,0.0,0.0,23.0,0.0,1.0,71.0,12.19
1787066393.4314196,298,any_person,position,held,True,1,True,True,True,7,0.0559,48.87,0.0,0.0,22.31,0.0,1.01,72.19,12.19
1787066393.5073655,299,any_person,position,held,True,1,True,True,True,7,0.0559,47.04,0.0,0.0,22.91,0.0,1.0,70.95,12.64
1787066393.584497,300,any_person,position,held,True,1,True,True,True,7,0.0559,46.42,0.0,0.0,21.71,0.0,1.0,69.13,12.64
1787066393.6662166,301,any_person,position,held,True,1,True,True,True,7,0.0559,46.73,0.0,0.0,25.2,0.0,1.0,72.93,12.64
1787066393.7404287,302,any_person,position,held,True,1,True,True,True,7,0.0559,47.22,0.0,0.0,22.0,0.0,1.0,70.22,12.64
1787066393.8186557,303,any_person,position,held,True,1,True,True,True,7,0.0559,47.05,0.0,0.0,22.18,0.0,0.0,70.23,12.64
1787066393.8939524,304,any_person,position,held,True,1,True,True,True,7,0.0559,44.54,0.0,0.0,21.76,0.0,1.0,67.3,12.64
1787066393.9683404,305,any_person,position,held,True,1,True,True,True,7,0.0559,46.87,0.0,0.0,22.51,1.0,0.0,71.39,12.64
1787066394.043758,306,any_person,position,held,True,1,True,True,True,7,0.0559,49.13,0.0,0.0,22.29,0.0,1.0,72.42,12.64
1787066394.1352954,307,any_person,position,held,True,1,True,True,True,7,0.0559,48.37,0.0,0.0,23.03,1.44,0.0,73.85,12.64
1787066394.2264266,308,any_person,position,held,True,1,True,True,True,7,0.0559,46.53,0.0,0.0,23.49,0.0,1.0,71.02,12.64
1787066394.302688,309,any_person,position,held,True,1,True,True,True,7,0.0559,48.57,0.0,0.0,22.69,0.0,1.0,73.26,12.64
1787066394.3793325,310,any_person,position,held,True,1,True,True,True,7,0.0559,50.0,0.0,0.0,22.64,0.0,0.0,73.64,12.64
1787066394.4618921,311,any_person,position,held,True,1,True,True,True,7,0.0559,48.0,0.0,0.0,23.56,0.0,1.0,72.56,12.64
1787066394.5359297,312,any_person,position,held,True,1,True,True,True,7,0.0559,46.17,0.0,0.0,23.54,0.0,1.0,70.72,12.64
1787066394.6152868,313,any_person,position,held,True,1,True,True,True,7,0.0559,47.26,0.0,0.0,22.1,1.0,0.0,71.36,12.64
1787066394.6898718,314,any_person,position,held,True,1,True,True,True,7,0.0559,44.69,0.0,0.0,22.89,0.0,0.0,68.58,12.64
1787066394.768415,315,any_person,position,held,True,1,True,True,True,7,0.0559,46.29,0.0,0.0,22.25,0.0,1.0,69.54,12.64
1787066394.843126,316,any_person,position,held,True,1,True,True,True,7,0.0559,47.3,0.0,0.0,22.42,0.0,1.0,70.71,12.64
1787066394.921942,317,any_person,position,held,True,1,True,True,True,7,0.0559,45.51,0.0,0.0,21.3,0.0,1.0,67.81,12.64
1787066394.9991298,318,any_person,position,held,True,1,True,True,True,7,0.0559,44.97,0.0,0.0,21.21,0.0,1.01,67.19,12.64
1787066395.0775216,319,any_person,position,held,True,1,True,True,True,7,0.0559,45.8,0.0,0.0,22.59,0.0,1.0,69.39,12.64
1787066395.1589415,320,any_person,position,held,True,1,True,True,True,7,0.0559,49.0,0.0,0.0,22.42,0.0,1.0,72.42,12.64
1787066395.2352223,321,any_person,position,held,True,1,True,True,True,7,0.0559,47.28,0.0,1.0,21.0,0.0,1.0,70.28,12.64
1787066395.3092105,322,any_person,position,held,True,1,True,True,True,7,0.0559,43.52,0.0,0.0,20.46,1.01,0.0,65.99,12.64
1787066395.389241,323,any_person,position,held,True,1,True,True,True,7,0.0559,44.51,0.0,0.0,21.52,1.0,0.0,68.03,12.64
1787066395.4759,324,any_person,position,held,True,1,True,True,True,7,0.0559,53.01,0.0,0.0,22.64,0.0,1.01,76.66,12.64
1787066395.5654457,325,any_person,position,held,True,1,True,True,True,7,0.0559,48.39,0.0,0.0,23.67,0.0,1.01,73.07,12.63
1787066395.6552067,326,any_person,position,held,True,1,True,True,True,7,0.0559,47.37,0.0,0.0,22.38,0.0,1.0,70.75,12.63
1787066395.7327318,327,any_person,position,held,True,1,True,True,True,7,0.0559,47.95,0.0,0.0,21.58,0.0,0.0,70.53,12.63
1787066395.8077617,328,any_person,position,held,True,1,True,True,True,7,0.0559,45.52,0.0,0.0,21.51,0.0,0.0,68.03,12.63
1787066395.879608,329,any_person,position,held,True,1,True,True,True,7,0.0559,46.03,0.0,0.0,22.2,0.0,1.0,69.23,12.63
1787066395.96995,330,any_person,position,held,True,1,True,True,True,7,0.0559,48.81,0.0,0.0,22.54,0.0,1.0,72.34,12.63
1787066396.0429354,331,any_person,position,held,True,1,True,True,True,7,0.0559,44.66,0.0,0.0,22.33,0.0,1.0,67.99,12.63
1787066396.1266153,332,any_person,position,held,True,1,True,True,True,7,0.0559,48.03,0.0,0.0,23.65,0.0,0.0,72.68,12.63
1787066396.2014751,333,any_person,position,held,True,1,True,True,True,7,0.0559,47.55,0.0,0.0,21.32,0.0,1.0,69.86,12.63
1787066396.2804124,334,any_person,position,held,True,1,True,True,True,7,0.0559,46.02,0.0,0.0,22.65,0.0,1.0,69.67,12.63
1787066396.3554122,335,any_person,position,held,True,1,True,True,True,7,0.0559,45.01,0.0,0.0,22.0,0.0,0.0,68.0,12.63
1787066396.4247596,336,any_person,position,held,True,1,True,True,True,7,0.0559,44.53,0.0,0.0,20.81,0.0,1.01,66.35,12.63
1787066396.5124626,337,any_person,position,held,True,1,True,True,True,7,0.0559,46.08,0.0,0.0,23.63,0.0,1.0,70.71,12.63
1787066396.5873413,338,any_person,position,held,True,1,True,True,True,7,0.0559,48.01,0.0,0.0,22.87,0.0,1.0,71.88,12.72
1787066396.6721,339,any_person,position,held,True,1,True,True,True,7,0.0559,51.27,0.0,0.0,22.47,0.0,1.0,74.74,12.72
1787066396.7634544,340,any_person,position,held,True,1,True,True,True,7,0.0559,50.61,0.0,0.0,21.75,0.0,1.0,73.35,12.72
1787066396.840443,341,any_person,position,held,True,1,True,True,True,7,0.0559,51.01,0.0,0.0,21.44,0.0,1.04,73.49,12.72
1787066396.913513,342,any_person,position,held,True,1,True,True,True,7,0.0559,44.12,0.0,0.0,22.87,0.0,0.86,67.85,12.72
1787066396.9959605,343,any_person,position,held,True,1,True,True,True,7,0.0559,49.56,0.0,0.0,22.77,0.0,1.01,73.84,12.72
1787066397.0781238,344,any_person,position,held,True,1,True,True,True,7,0.0559,54.86,0.0,0.0,23.46,0.0,1.09,79.42,12.72
1787066397.165275,345,any_person,position,held,True,1,True,True,True,7,0.0559,49.82,0.0,0.0,23.69,0.0,0.0,74.52,12.72
1787066397.2590756,346,any_person,position,held,True,1,True,True,True,7,0.0559,50.66,0.0,0.0,25.02,0.0,0.51,76.19,12.72
1787066397.3472023,347,any_person,position,held,True,1,True,True,True,7,0.0559,45.83,0.0,0.0,24.71,0.0,1.0,71.54,12.72
1787066397.4207234,348,any_person,position,held,True,1,True,True,True,7,0.0559,45.51,0.0,0.0,21.0,0.0,1.0,67.52,12.72
1787066397.5043428,349,any_person,position,held,True,1,True,True,True,7,0.0559,48.77,0.0,1.0,23.33,0.0,1.0,74.1,12.72
1787066397.5788026,350,any_person,position,held,True,1,True,True,True,7,0.0559,45.93,0.0,0.0,24.5,0.0,1.0,71.44,12.72
1787066397.6555438,351,any_person,position,held,True,1,True,True,True,7,0.0559,46.74,0.0,0.0,22.0,0.0,0.0,69.74,12.17
1787066397.7371192,352,any_person,position,held,True,1,True,True,True,7,0.0559,49.09,0.0,0.0,24.47,0.0,1.01,74.58,12.17
1787066397.8151774,353,any_person,position,held,True,1,True,True,True,7,0.0559,50.28,0.0,0.0,21.78,1.01,0.0,74.06,12.17
1787066397.8923252,354,any_person,position,held,True,1,True,True,True,7,0.0559,48.0,0.0,0.0,25.15,0.0,1.0,74.15,12.17
1787066397.9655542,355,any_person,position,held,True,1,True,True,True,7,0.0559,46.03,0.0,0.0,23.2,0.0,1.0,70.23,12.17
1787066398.0379314,356,any_person,position,held,True,1,True,True,True,7,0.0559,45.93,0.0,0.0,21.93,0.0,1.0,68.87,12.17
1787066398.122444,357,any_person,position,held,True,1,True,True,True,7,0.0559,48.52,0.0,0.0,21.27,0.0,1.0,70.79,12.17
1787066398.1977296,358,any_person,position,held,True,1,True,True,True,7,0.0559,45.53,0.0,0.0,21.76,1.0,0.0,69.29,12.17
1787066398.2805886,359,any_person,position,held,True,1,True,True,True,7,0.0559,48.79,0.0,0.0,24.07,0.0,1.0,73.86,12.17
1787066398.3535836,360,any_person,position,held,True,1,True,True,True,7,0.0559,47.0,0.0,1.0,20.99,0.0,1.01,70.0,12.17
1787066398.4348032,361,any_person,position,held,True,1,False,True,False,0,0.0,46.99,0.0,0.0,25.23,0.0,1.0,73.22,12.17
1787066398.5065901,362,any_person,position,held,True,1,False,True,False,0,0.0,44.43,0.0,0.0,21.6,0.0,1.76,67.79,12.17
1787066398.5884876,363,any_person,position,held,True,1,False,True,False,0,0.0,46.85,0.0,0.0,22.03,0.0,1.0,69.88,12.17
1787066398.6665492,364,any_person,position,held,True,1,False,True,False,0,0.0,49.1,0.0,0.0,21.38,0.0,1.07,71.55,12.86
1787066398.7476377,365,any_person,position,held,True,1,False,True,False,0,0.0,49.28,0.0,0.0,23.29,0.0,1.0,73.58,12.86
1787066398.8233583,366,any_person,position,held,True,1,False,True,False,0,0.0,49.12,0.0,0.0,21.59,0.0,1.01,71.72,12.86
1787066398.9054148,367,any_person,position,held,True,1,False,True,False,0,0.0,50.75,0.0,0.0,23.3,0.0,1.01,75.05,12.86
1787066398.996228,368,any_person,position,held,True,1,False,True,False,0,0.0,47.56,0.0,0.0,23.25,1.0,0.0,71.82,12.86
1787066399.07057,369,any_person,position,held,True,1,False,True,False,0,0.0,46.54,0.0,0.0,22.33,0.0,1.0,69.87,12.86
1787066399.171652,370,any_person,position,held,True,1,False,True,False,0,0.0,74.93,0.0,0.0,21.14,0.0,1.01,97.08,12.86
1787066399.2475574,371,any_person,position,held,True,1,False,True,False,0,0.0,50.9,0.0,0.0,23.01,0.0,0.0,73.91,12.86
1787066399.3244436,372,any_person,position,held,True,1,False,True,False,0,0.0,48.51,0.0,0.0,23.28,0.0,0.0,72.8,12.86
1787066399.3994102,373,any_person,position,held,True,1,False,True,False,0,0.0,47.52,0.0,0.0,21.45,0.0,1.0,70.97,12.86
1787066399.4755385,374,any_person,position,held,True,1,False,True,False,0,0.0,45.53,0.0,0.0,21.59,0.0,1.01,68.13,12.86
1787067612.3983982,1,any_person,position,reacquired,True,1,False,True,False,0,0.0,437.26,0.0,0.0,513.45,0.0,47.63,1002.41,0.62
1787067612.494894,2,any_person,position,held,True,1,False,True,False,0,0.0,56.19,0.0,0.0,28.05,0.0,0.0,85.25,0.62
1787067612.5744915,3,any_person,position,held,True,1,False,True,False,0,0.0,45.04,0.0,0.0,24.51,1.0,0.0,71.55,0.62
1787067612.6424153,4,any_person,position,held,True,1,False,True,False,0,0.0,45.92,0.0,0.0,20.0,0.0,1.0,66.92,0.62
1787067612.7417912,5,any_person,position,held,True,1,False,True,False,0,0.0,59.04,0.0,0.0,24.09,0.0,1.0,84.13,0.62
1787067612.8368256,6,any_person,position,held,True,1,False,True,False,0,0.0,60.02,0.0,0.0,25.0,0.0,1.0,86.03,0.62
1787067612.916452,7,any_person,position,held,True,1,False,True,False,0,0.0,46.1,0.0,0.0,23.51,0.0,1.0,70.61,0.62
1787067612.995965,8,any_person,position,held,True,1,False,True,False,0,0.0,45.0,0.0,0.0,25.51,0.0,1.0,71.51,0.62
1787067613.078241,9,any_person,position,held,True,1,False,True,False,0,0.0,49.76,0.0,0.0,23.52,0.0,1.0,75.27,0.62
1787067613.1593366,10,any_person,position,held,True,1,False,True,False,0,0.0,42.51,0.0,0.0,20.07,0.0,1.0,63.59,0.62
1787067613.2448494,11,any_person,position,held,True,1,False,True,False,0,0.0,45.51,0.0,0.0,24.0,0.0,1.0,70.51,0.62
1787067613.3486383,12,any_person,position,held,True,1,False,True,False,0,0.0,47.52,0.0,0.0,47.27,0.0,1.0,95.79,0.62
1787067613.4776182,13,any_person,position,held,True,1,False,True,False,0,0.0,77.97,0.0,0.0,24.01,0.0,1.0,102.98,11.12
1787067613.5564778,14,any_person,position,held,True,1,False,True,False,0,0.0,48.1,0.0,0.0,22.76,0.0,1.0,71.86,11.12
1787067613.6332226,15,any_person,position,held,True,1,False,True,False,0,0.0,44.74,0.0,0.0,24.0,0.0,0.0,70.74,11.12
1787067613.7107868,16,any_person,position,held,True,1,False,True,False,0,0.0,46.03,0.0,0.0,23.53,0.0,1.0,70.56,11.12
1787067613.8079085,17,any_person,position,held,True,1,False,True,False,0,0.0,66.61,0.0,0.0,21.51,0.0,1.0,89.12,11.12
1787067613.9005232,18,any_person,position,held,True,1,False,True,False,0,0.0,65.53,0.0,0.0,23.08,0.0,1.0,90.61,11.12
1787067613.9843228,19,any_person,position,held,True,1,False,True,False,0,0.0,50.29,0.0,0.0,25.0,0.0,3.0,79.29,11.12
1787067614.081812,20,any_person,position,held,True,1,False,True,False,0,0.0,51.07,0.0,0.0,32.91,0.0,1.0,84.98,11.12
1787067614.1677032,21,any_person,position,held,True,1,False,True,False,0,0.0,53.27,0.0,0.0,22.11,0.0,1.0,76.38,11.12
1787067614.2588494,22,any_person,position,held,True,1,False,True,False,0,0.0,46.32,0.0,0.0,26.31,0.0,1.0,73.64,11.12
1787067614.3351588,23,any_person,position,held,True,1,False,True,False,0,0.0,46.45,0.0,0.0,24.85,0.0,0.5,72.31,11.12
1787067614.4153175,24,any_person,position,held,True,1,False,True,False,0,0.0,49.46,0.0,0.0,24.69,0.0,1.0,75.15,11.12
1787067614.5879042,25,any_person,position,held,True,1,False,True,False,0,0.0,127.29,0.0,0.0,23.73,0.0,0.5,152.53,10.81
1787067614.6794484,26,any_person,position,held,True,1,False,True,False,0,0.0,51.41,0.0,0.0,21.59,0.0,1.01,74.01,10.81
1787067614.7683911,27,any_person,position,held,True,1,False,True,False,0,0.0,47.92,0.0,0.0,20.51,0.0,1.0,70.43,10.81
1787067614.8705766,28,any_person,position,held,True,1,False,True,False,0,0.0,69.54,0.0,0.0,22.64,0.0,1.0,94.18,10.81
1787067614.9615467,29,any_person,position,held,True,1,False,True,False,0,0.0,51.87,0.0,0.0,22.0,1.0,0.0,75.87,10.81
1787067615.0396008,30,any_person,position,held,True,1,False,True,False,0,0.0,48.53,0.0,0.0,25.52,0.0,1.0,75.05,10.81
1787067615.131352,31,any_person,position,held,True,1,False,True,False,0,0.0,46.24,0.0,0.0,25.51,1.0,0.0,73.75,10.81
1787067615.2134912,32,any_person,position,held,True,1,False,True,False,0,0.0,55.03,0.0,0.0,22.11,0.0,0.0,78.14,10.81
1787067615.2950954,33,any_person,position,held,True,1,False,True,False,0,0.0,44.09,0.0,0.0,21.52,0.0,1.0,66.61,10.81
1787067615.3752663,34,any_person,position,held,True,1,False,True,False,0,0.0,47.84,0.0,0.0,21.32,0.0,1.0,70.16,10.81
1787067615.4520795,35,any_person,position,held,True,1,False,True,False,0,0.0,45.81,0.0,0.0,23.0,0.0,0.0,69.81,10.81
1787067615.536883,36,any_person,position,held,True,1,False,True,False,0,0.0,49.03,0.0,0.0,24.78,1.0,0.0,75.8,10.81
1787067615.6900363,37,any_person,position,held,True,1,False,True,False,0,0.0,108.04,0.0,0.0,23.1,0.0,1.01,132.15,10.89
1787067615.773039,38,any_person,position,held,True,1,False,True,False,0,0.0,52.87,0.0,0.0,22.12,0.0,1.01,76.0,10.89
1787067615.8707583,39,any_person,position,held,True,1,False,True,False,0,0.0,48.78,0.0,0.0,30.16,0.0,1.0,79.94,10.89
1787067616.001475,40,any_person,position,held,True,1,False,True,False,0,0.0,100.2,0.0,0.0,27.52,0.0,1.0,128.72,10.89
1787067616.0881774,41,any_person,position,held,True,1,False,True,False,0,0.0,50.35,0.0,0.0,27.34,0.0,0.0,78.69,10.89
1787067616.1781526,42,any_person,position,held,True,1,False,False,False,0,0.0,61.46,0.0,0.0,26.01,0.0,1.0,88.47,10.89
1787067616.2777064,43,any_person,position,held,True,1,False,True,False,0,0.0,56.15,0.0,0.0,24.0,0.0,0.0,81.14,10.89
1787067616.3576255,44,any_person,position,held,True,1,False,False,False,0,0.0,44.79,0.0,0.0,22.31,1.0,0.0,68.1,10.89
1787067616.4361072,45,any_person,position,held,True,1,False,False,False,0,0.0,45.23,0.0,0.0,23.25,0.0,0.0,69.48,10.89
1787067616.5160494,46,any_person,position,held,True,1,False,False,False,0,0.0,46.94,0.0,0.0,23.0,0.0,1.0,70.94,10.89
1787067616.590785,47,any_person,position,held,True,1,False,True,False,0,0.0,45.46,0.0,0.0,23.03,0.0,0.0,68.5,10.89
1787067616.6729717,48,any_person,position,held,True,1,False,False,False,0,0.0,45.61,0.0,0.0,25.07,1.0,0.0,72.68,10.89
1787067616.8453004,49,any_person,position,held,True,1,False,False,False,0,0.0,142.58,0.0,0.0,24.24,0.0,1.0,168.32,10.39
1787067616.9345846,50,any_person,position,held,True,1,False,True,False,0,0.0,50.69,0.0,0.0,26.73,0.0,1.0,78.42,10.39
1787067617.012797,51,any_person,position,held,True,1,False,False,False,0,0.0,50.04,0.0,0.0,24.17,0.0,1.0,75.21,10.39
1787067617.0931706,52,any_person,position,held,True,1,False,False,False,0,0.0,50.61,0.0,0.0,26.76,0.0,0.0,78.38,10.39
1787067617.1741142,53,any_person,position,held,True,1,False,True,False,0,0.0,49.59,0.0,0.0,24.78,0.0,1.0,75.38,10.39
1787067617.2634182,54,any_person,position,held,True,1,False,True,False,0,0.0,48.01,0.0,0.0,23.19,0.0,1.0,72.19,10.39
1787067617.345268,55,any_person,position,held,True,1,False,True,False,0,0.0,48.86,0.0,0.0,25.99,0.0,1.0,75.85,10.39
1787067617.4312837,56,any_person,position,held,True,1,False,True,False,0,0.0,44.75,0.0,0.0,23.26,0.0,0.0,69.02,10.39
1787067617.510463,57,any_person,position,held,True,1,False,True,False,0,0.0,45.56,0.0,0.0,23.61,0.0,1.0,70.18,10.39
1787067617.582068,58,any_person,position,held,True,1,False,True,False,0,0.0,44.55,0.0,0.0,22.35,0.0,0.7,67.61,10.39
1787067617.654194,59,any_person,position,held,True,1,False,True,False,0,0.0,45.11,0.0,0.0,23.01,0.0,1.0,69.12,10.39
1787067617.7297745,60,any_person,position,held,True,1,False,True,False,0,0.0,46.19,0.0,0.0,23.58,0.0,1.0,70.78,10.39
1787067617.8101158,61,any_person,position,held,True,1,False,True,False,0,0.0,47.23,0.0,0.0,22.73,1.0,0.0,71.96,10.39
1787067617.8882303,62,any_person,position,held,True,1,False,True,False,0,0.0,50.52,0.0,0.0,23.59,0.0,1.0,75.11,12.46
1787067617.9782877,63,any_person,position,held,True,1,False,True,False,0,0.0,58.52,0.0,0.0,26.03,0.0,1.0,85.55,12.46
1787067618.059787,64,any_person,position,held,True,1,False,True,False,0,0.0,48.5,0.0,0.0,22.0,0.0,1.0,71.5,12.46
1787067618.1358638,65,any_person,position,held,True,1,False,True,False,0,0.0,46.92,0.0,0.0,21.16,0.0,1.0,69.08,12.46
1787067618.2198398,66,any_person,position,held,True,1,False,True,False,0,0.0,50.58,0.0,0.0,24.39,0.0,1.0,75.98,12.46
1787067618.3134823,67,any_person,position,held,True,1,False,True,False,0,0.0,52.01,0.0,0.0,23.63,0.0,1.0,76.64,12.46
1787067618.4040227,68,any_person,position,held,True,1,False,True,False,0,0.0,48.52,0.0,0.0,24.47,0.0,1.03,74.54,12.46
1787067618.4862263,69,any_person,position,held,True,1,False,True,False,0,0.0,51.95,0.0,0.0,25.38,0.0,1.0,78.33,12.46
1787067618.5693002,70,any_person,position,held,True,1,False,True,False,0,0.0,45.22,0.0,0.0,22.35,0.0,1.0,68.57,12.46
1787067618.6503947,71,any_person,position,held,True,1,False,True,False,0,0.0,47.39,0.0,0.0,22.19,0.0,1.0,71.58,12.46
1787067618.73015,72,any_person,position,held,True,1,False,True,False,0,0.0,47.95,0.0,0.0,24.8,0.0,1.0,73.75,12.46
1787067618.8038933,73,any_person,position,held,True,1,False,True,False,0,0.0,46.73,0.0,0.0,22.51,0.0,1.0,70.24,12.46
1787067618.8801403,74,any_person,position,held,True,1,False,True,False,0,0.0,46.72,0.0,0.0,21.53,0.0,1.0,69.25,12.46
1787067618.962568,75,any_person,position,held,True,1,False,True,False,0,0.0,48.02,0.0,0.0,23.41,0.0,1.0,72.43,12.1
1787067619.0394297,76,any_person,position,held,True,1,False,True,False,0,0.0,47.53,0.0,0.0,24.33,0.0,1.0,72.86,12.1
1787067619.1211357,77,any_person,position,held,True,1,False,True,False,0,0.0,50.31,0.0,0.0,24.4,0.0,1.0,75.71,12.1
1787067619.2021995,78,any_person,position,held,True,1,False,True,False,0,0.0,51.44,0.0,0.0,24.63,0.0,1.0,77.06,12.1
1787067619.288714,79,any_person,position,held,True,1,False,True,False,0,0.0,47.0,0.0,0.0,22.51,1.0,0.0,72.51,12.1
1787067619.3710945,80,any_person,position,held,True,1,False,True,False,0,0.0,50.22,0.0,0.0,24.65,0.0,1.0,76.87,12.1
1787067619.459288,81,any_person,position,held,True,1,False,True,False,0,0.0,49.62,0.0,0.0,22.0,0.0,1.0,72.62,12.1
1787067619.53981,82,any_person,position,held,True,1,False,True,False,0,0.0,50.52,0.0,0.0,23.0,0.0,1.0,74.52,12.1
1787067619.6295514,83,any_person,position,held,True,1,False,True,False,0,0.0,47.73,0.0,0.0,22.01,1.0,0.0,71.73,12.1
1787067619.705598,84,any_person,position,held,True,1,False,True,False,0,0.0,47.54,0.0,0.0,24.51,0.0,1.0,73.05,12.1
1787067619.7864294,85,any_person,position,held,True,1,False,True,False,0,0.0,46.83,0.0,0.0,24.0,0.0,1.0,71.83,12.1
1787067619.862814,86,any_person,position,held,True,1,False,True,False,0,0.0,47.51,0.0,0.0,21.87,0.0,1.0,70.38,12.1
1787067619.936772,87,any_person,position,held,True,1,False,True,False,0,0.0,43.52,0.0,0.0,21.44,0.0,1.0,65.96,12.1
1787067620.0075326,88,any_person,position,held,True,1,False,True,False,0,0.0,46.25,0.0,0.0,20.51,0.0,1.0,67.76,12.44
1787067620.0966964,89,any_person,position,held,True,1,False,True,False,0,0.0,48.26,0.0,0.0,21.9,0.0,1.0,71.17,12.44
1787067620.1683407,90,any_person,position,held,True,1,False,True,False,0,0.0,46.57,0.0,0.0,20.08,0.0,1.0,67.65,12.44
1787067620.2503884,91,any_person,position,held,True,1,False,True,False,0,0.0036,46.24,0.0,0.0,22.8,0.0,1.01,70.04,12.44
1787067620.3359103,92,any_person,position,held,True,1,False,True,False,0,0.0228,50.52,0.0,0.0,27.01,0.0,0.0,78.52,12.44
1787067620.4169474,93,any_person,position,held,True,1,False,True,False,1,0.0228,52.52,0.0,0.0,24.51,0.0,1.0,78.04,12.44
1787067620.5037346,94,any_person,position,held,True,1,False,True,False,2,0.0251,48.0,0.0,0.0,23.89,0.0,1.0,73.89,12.44
1787067620.584794,95,any_person,position,held,True,1,False,True,False,3,0.0251,52.55,0.0,0.0,24.51,0.0,1.0,78.06,12.44
1787067620.678775,96,any_person,position,held,True,1,False,True,False,3,0.0251,52.93,0.0,0.0,23.51,1.0,0.0,78.45,12.44
1787067620.760996,97,any_person,position,held,True,1,False,True,False,4,0.0251,45.03,0.0,0.0,22.19,0.0,1.0,68.22,12.44
1787067620.8408833,98,any_person,position,held,True,1,False,True,False,5,0.0251,47.52,0.0,0.0,21.86,0.0,1.0,70.38,12.44
1787067620.9176712,99,any_person,position,held,True,1,False,True,False,6,0.0251,47.28,0.0,0.0,21.0,0.0,1.0,69.28,12.44
1787067620.9974992,100,any_person,position,held,True,1,False,True,False,7,0.0251,47.0,0.0,0.0,21.83,0.0,1.0,69.83,12.44
1787067621.074082,101,any_person,position,held,True,1,False,True,False,7,0.0251,44.21,0.0,0.0,22.37,0.0,1.0,67.58,12.19
1787067621.1548243,102,any_person,position,held,True,1,False,True,False,7,0.0341,51.65,0.0,0.0,24.09,0.0,0.0,76.74,12.19
1787067621.2284107,103,any_person,position,held,True,1,False,True,False,7,0.0473,45.04,0.0,0.0,20.03,0.0,1.01,66.08,12.19
1787067621.3089225,104,any_person,position,held,True,1,True,True,True,7,0.0564,44.01,0.0,0.0,21.51,0.0,1.0,66.51,12.19
1787067621.3886104,105,any_person,position,held,True,1,True,True,True,7,0.0626,46.27,0.0,0.0,22.42,0.0,1.0,69.69,12.19
1787067621.4729197,106,any_person,position,held,True,1,True,True,True,7,0.0667,49.6,0.0,0.0,24.89,0.0,0.0,75.49,12.19
1787067621.5666173,107,any_person,position,held,True,1,True,True,True,8,0.0667,50.51,0.0,0.0,24.93,0.0,1.0,76.44,12.19
1787067621.6565278,108,any_person,position,held,True,1,True,True,True,9,0.0667,49.47,0.0,0.0,23.69,0.0,1.0,74.16,12.19
1787067621.7324796,109,any_person,position,held,True,1,True,True,True,9,0.0667,48.54,0.0,0.0,22.63,0.0,0.78,71.95,12.19
1787067621.8132126,110,any_person,position,held,True,1,True,True,True,10,0.0667,49.79,0.0,0.0,24.21,0.0,1.0,75.0,12.19
1787067621.9054053,111,any_person,position,held,True,1,True,True,True,9,0.0667,50.52,0.0,0.0,22.67,0.0,1.0,74.19,12.19
1787067621.9817936,112,any_person,position,held,True,1,True,True,True,9,0.0667,50.05,0.0,0.0,21.33,0.0,1.01,72.39,12.19
1787067622.050904,113,any_person,position,held,True,1,True,True,True,9,0.0667,44.11,0.0,0.0,21.0,0.0,1.0,66.11,12.19
1787067622.1327124,114,any_person,position,held,True,1,True,True,True,9,0.0639,44.52,0.0,0.0,22.29,0.0,0.0,67.81,12.28
1787067622.215211,115,any_person,position,held,True,1,True,True,True,8,0.0646,48.42,0.0,0.0,23.08,0.0,1.0,72.49,12.28
1787067622.2913654,116,any_person,position,held,True,1,True,True,True,8,0.0646,47.15,0.0,0.0,22.0,0.0,1.0,70.16,12.28
1787067622.3638737,117,any_person,position,held,True,1,True,True,True,8,0.0646,46.51,0.0,0.0,22.0,0.0,0.0,69.51,12.28
1787067622.4474554,118,any_person,position,held,True,1,True,True,True,8,0.0646,46.84,0.0,0.0,22.74,0.0,0.0,70.58,12.28
1787067622.516971,119,any_person,position,held,True,1,True,True,True,8,0.0646,44.01,0.0,0.0,21.51,0.0,1.0,66.52,12.28
1787067622.6034973,120,any_person,position,held,True,1,True,True,True,8,0.0646,49.04,0.0,0.0,22.78,0.0,0.7,72.53,12.28
1787067622.6849625,121,any_person,position,held,True,1,True,True,True,8,0.0646,51.14,0.0,0.0,23.81,0.0,1.01,75.95,12.28
1787067622.7710888,122,any_person,position,held,True,1,True,True,True,8,0.0646,56.03,0.0,0.0,24.75,0.0,1.0,81.78,12.28
1787067622.8581467,123,any_person,position,held,True,1,True,True,True,8,0.0646,51.03,0.0,0.0,24.02,1.0,0.0,77.06,12.28
1787067622.9465137,124,any_person,position,held,True,1,True,True,True,8,0.0646,46.52,0.0,0.0,23.07,0.0,1.0,70.59,12.28
1787067623.0270486,125,any_person,position,held,True,1,True,True,True,8,0.0646,50.52,0.0,0.0,23.02,0.0,0.0,74.54,12.28
1787067623.1020896,126,any_person,position,held,True,1,True,True,True,8,0.0646,49.52,0.0,0.0,21.52,0.0,1.0,72.04,12.28
1787067623.1760666,127,any_person,position,held,True,1,False,True,False,0,0.0,46.78,0.0,0.0,21.2,0.0,1.0,68.98,12.46
1787067623.255494,128,any_person,position,held,True,1,False,True,False,0,0.0,49.62,0.0,0.0,21.5,0.0,1.0,72.12,12.46
1787067623.3366556,129,any_person,position,held,True,1,False,True,False,0,0.0,51.52,0.0,0.0,21.64,0.0,1.0,74.16,12.46
1787067623.4096224,130,any_person,position,held,True,1,False,True,False,0,0.0,46.0,0.0,0.0,20.96,0.0,1.01,68.97,12.46
1787067623.4918625,131,any_person,position,held,True,1,False,True,False,0,0.0,49.04,0.0,0.0,23.19,0.0,1.0,73.24,12.46
1787067623.5682893,132,any_person,position,held,True,1,False,True,False,0,0.0,48.06,0.0,0.0,23.37,0.0,1.0,72.43,12.46
1787067623.6413844,133,any_person,position,held,True,1,False,True,False,0,0.0,46.67,0.0,0.0,22.43,0.0,0.0,70.1,12.46
1787067623.7218442,134,any_person,position,held,True,1,False,True,False,0,0.0,47.52,0.0,0.0,21.93,1.0,0.0,71.46,12.46
1787067623.7980845,135,any_person,position,held,True,1,False,True,False,0,0.0,48.24,0.0,0.0,21.0,0.0,1.0,70.24,12.46
1787067623.8794124,136,any_person,position,held,True,1,False,True,False,0,0.0,48.82,0.0,0.0,24.0,0.0,1.0,73.82,12.46
1787067623.9581633,137,any_person,position,held,True,1,False,True,False,0,0.0,49.52,0.0,0.0,24.23,0.0,1.0,74.75,12.46
1787067624.0375197,138,any_person,position,held,True,1,False,True,False,0,0.0,50.54,0.0,0.0,23.82,0.0,1.0,75.36,12.46
1787067624.1270363,139,any_person,position,held,True,1,False,True,False,0,0.0,48.52,0.0,0.0,22.0,0.0,1.0,71.52,12.46
1787067624.2080872,140,any_person,position,held,True,1,False,True,False,0,0.0,48.0,0.0,0.0,24.05,0.0,1.0,73.05,12.6
1787067624.3050709,141,any_person,position,held,True,1,False,True,False,0,0.0,52.01,0.0,0.0,24.47,0.0,1.0,77.48,12.6
1787067624.383353,142,any_person,position,held,True,1,False,True,False,0,0.0,49.08,0.0,0.0,23.97,0.0,1.0,74.05,12.6
1787067624.4663978,143,any_person,position,held,True,1,False,True,False,0,0.0,44.54,0.0,0.0,21.0,0.0,0.0,66.54,12.6
1787067624.5462642,144,any_person,position,held,True,1,False,True,False,0,0.0,46.52,0.0,0.0,21.34,0.0,1.0,68.87,12.6
1787067624.6168194,145,any_person,position,held,True,1,False,True,False,0,0.0,44.52,0.0,0.0,21.04,0.0,1.0,66.56,12.6
1787067624.7020018,146,any_person,position,held,True,1,False,True,False,0,0.0,43.37,0.0,0.0,22.5,1.01,0.0,67.88,12.6
1787067624.7806432,147,any_person,position,held,True,1,False,True,False,0,0.0,52.13,0.0,0.0,22.51,0.0,1.0,75.64,12.6
1787067624.8522003,148,any_person,position,held,True,1,False,True,False,0,0.0,46.04,0.0,0.0,21.51,0.0,1.0,68.56,12.6
1787067624.9379852,149,any_person,position,held,True,1,False,True,False,0,0.0,44.49,0.0,0.0,22.42,0.0,0.0,67.92,12.6
1787067625.0219364,150,any_person,position,held,True,1,False,True,False,0,0.0,50.01,0.0,0.0,23.59,0.0,1.01,74.6,12.6
1787067625.1100461,151,any_person,position,held,True,1,False,True,False,0,0.0,47.01,0.0,0.0,22.57,0.0,1.0,70.58,12.6
1787067625.187112,152,any_person,position,held,True,1,False,True,False,0,0.0247,46.69,0.0,0.0,21.37,0.0,1.01,69.07,12.6
1787067625.2687376,153,any_person,position,held,True,1,False,True,False,0,0.0277,48.54,0.0,0.0,23.26,0.0,1.0,72.8,12.26
1787067625.3573864,154,any_person,position,held,True,1,False,True,False,0,0.0319,57.55,0.0,0.0,25.09,0.0,1.0,83.65,12.26
1787067625.445179,155,any_person,position,held,True,1,False,True,False,1,0.0319,53.65,0.0,0.0,24.15,0.0,1.0,78.79,12.26
1787067625.5362778,156,any_person,position,held,True,1,False,True,False,1,0.0319,49.34,0.0,0.0,25.3,0.0,1.47,76.1,12.26
1787067625.6342363,157,any_person,position,held,True,1,False,True,False,1,0.0319,57.41,0.0,0.0,24.39,0.0,1.01,82.81,12.26
1787067625.7138803,158,any_person,position,held,True,1,False,True,False,1,0.0319,45.12,0.0,0.0,22.51,0.0,1.0,68.64,12.26
1787067625.7837362,159,any_person,position,held,True,1,False,True,False,2,0.0319,44.52,0.0,0.0,21.33,0.0,1.0,66.86,12.26
1787067625.8726337,160,any_person,position,held,True,1,False,True,False,3,0.0319,49.54,0.0,0.0,22.06,0.0,1.0,72.6,12.26
1787067625.9512901,161,any_person,position,held,True,1,False,True,False,4,0.0319,48.32,0.0,0.0,25.34,0.0,1.0,74.66,12.26
1787067626.0251088,162,any_person,position,held,True,1,False,True,False,4,0.0319,49.12,0.0,0.0,20.51,0.0,1.0,70.63,12.26
1787067626.1066227,163,any_person,position,held,True,1,False,True,False,4,0.0319,47.38,0.0,0.0,25.13,1.01,0.0,74.51,12.26
1787067626.1985378,164,any_person,position,held,True,1,False,True,False,5,0.0319,49.86,0.0,0.0,22.96,0.0,1.04,74.91,12.26
1787067626.276036,165,any_person,position,held,True,1,False,True,False,5,0.0319,48.61,0.0,0.0,24.38,0.0,1.0,73.99,11.91
1787067626.35361,166,any_person,position,held,True,1,False,True,False,5,0.0319,48.54,0.0,0.0,24.04,0.0,1.0,73.57,11.91
1787067626.4283051,167,any_person,position,held,True,1,False,True,False,5,0.0378,48.4,0.0,0.0,22.3,0.0,1.0,71.7,11.91
1787067626.4998825,168,any_person,position,held,True,1,False,True,False,5,0.0405,45.57,0.0,0.0,21.01,0.0,1.0,67.57,11.91
1787067626.5830216,169,any_person,position,held,True,1,False,True,False,5,0.0438,46.09,0.0,0.0,22.53,0.0,1.01,69.63,11.91
1787067626.6638374,170,any_person,position,held,True,1,False,True,False,6,0.0438,47.23,0.0,0.0,23.09,0.0,1.0,71.31,11.91
1787067626.7454455,171,any_person,position,held,True,1,False,True,False,7,0.0438,52.27,0.0,0.0,22.3,0.0,1.0,75.57,11.91
1787067626.8345654,172,any_person,position,held,True,1,False,True,False,8,0.0438,49.63,0.0,0.0,21.19,0.0,1.28,72.1,11.91
1787067626.9111521,173,any_person,position,held,True,1,False,True,False,8,0.0462,48.21,0.0,0.0,22.37,1.0,0.0,72.58,11.91
1787067626.9951518,174,any_person,position,held,True,1,False,True,False,8,0.0474,53.0,0.0,0.0,24.0,0.0,1.0,78.0,11.91
1787067627.0675716,175,any_person,position,held,True,1,True,True,True,8,0.0524,47.85,0.0,0.0,20.56,0.0,1.01,69.42,11.91
1787067627.1374884,176,any_person,position,held,True,1,True,True,True,8,0.0829,43.92,0.0,0.0,21.0,0.0,1.0,65.92,11.91
1787067627.2114277,177,any_person,position,held,True,1,True,True,True,8,0.0829,46.65,0.0,0.0,22.89,0.0,1.0,70.54,11.91
1787067627.2864256,178,any_person,position,held,True,1,True,True,True,8,0.0829,46.52,0.0,0.0,21.48,1.0,0.0,70.0,12.87
1787067627.3688648,179,any_person,position,held,True,1,True,True,True,7,0.0829,48.54,0.0,0.0,24.9,0.0,0.0,74.43,12.87
1787067627.4428482,180,any_person,position,held,True,1,True,True,True,7,0.0908,45.52,0.0,0.0,24.47,0.0,1.0,70.98,12.87
1787067627.5209289,181,any_person,position,held,True,1,True,True,True,8,0.0908,50.48,0.0,0.0,23.61,0.0,1.0,75.08,12.87
1787067627.5988426,182,any_person,position,held,True,1,True,True,True,8,0.0954,48.35,0.0,0.0,23.37,0.0,1.0,72.72,12.87
1787067627.6862528,183,any_person,position,held,True,1,True,True,True,9,0.0813,56.25,0.0,0.0,25.66,1.0,0.0,83.91,12.87
1787067627.7707055,184,any_person,position,held,True,1,True,True,True,9,0.0784,50.52,0.0,0.0,22.93,0.0,1.0,74.45,12.87
1787067627.8502553,185,any_person,position,held,True,1,True,True,True,9,0.0741,53.04,0.0,0.0,22.51,0.0,1.0,76.55,12.87
1787067627.940594,186,any_person,position,held,True,1,True,True,True,9,0.062,47.6,0.0,0.0,25.41,0.0,0.51,73.51,12.87
1787067628.0179243,187,any_person,position,held,True,1,True,True,True,9,0.062,49.52,0.0,0.0,21.03,1.0,0.5,72.06,12.87
1787067628.0984607,188,any_person,position,held,True,1,True,True,True,9,0.062,50.22,0.0,0.0,23.8,0.0,0.5,74.53,12.87
1787067628.1909523,189,any_person,position,held,True,1,True,True,True,9,0.062,48.17,0.0,0.0,24.73,0.0,1.0,73.91,12.87
1787067628.2678351,190,any_person,position,held,True,1,True,True,True,9,0.062,50.14,0.0,0.0,21.75,0.0,1.0,72.89,12.87
1787067628.3482223,191,any_person,position,held,True,1,True,True,True,9,0.062,50.97,0.0,0.0,24.41,0.0,1.0,76.38,12.24
1787067628.440194,192,any_person,position,held,True,1,True,True,True,9,0.062,49.32,0.0,0.0,22.74,0.48,0.83,73.37,12.24
1787067628.5189643,193,any_person,position,held,True,1,True,True,True,9,0.062,53.27,0.0,0.0,20.88,0.0,0.51,75.67,12.24
1787067628.6094608,194,any_person,position,held,True,1,True,True,True,9,0.062,48.32,0.0,0.0,23.14,0.0,1.0,73.46,12.24
1787067628.6873133,195,any_person,position,held,True,1,True,True,True,9,0.062,50.12,0.0,0.0,23.74,0.0,1.0,74.85,12.24
1787067628.766647,196,any_person,position,held,True,1,True,True,True,9,0.062,50.53,0.0,0.0,23.8,0.0,1.0,75.33,12.24
1787067628.8580222,197,any_person,position,held,True,1,False,True,False,0,0.0,50.11,0.0,0.0,22.58,0.0,1.43,74.12,12.24
1787067628.9471388,198,any_person,position,held,True,1,False,True,False,0,0.0,46.04,0.0,0.0,24.02,0.0,0.99,71.05,12.24
1787067629.0267622,199,any_person,position,held,True,1,False,True,False,0,0.0,47.51,0.0,0.0,22.11,0.0,1.0,70.62,12.24
1787067629.1093965,200,any_person,position,held,True,1,False,True,False,0,0.0,50.52,0.0,0.0,22.52,0.0,1.0,75.04,12.24
1787067629.1845024,201,any_person,position,held,True,1,False,True,False,0,0.0,49.01,0.0,0.0,22.1,0.0,1.0,72.11,12.24
1787067629.2570832,202,any_person,position,held,True,1,False,True,False,0,0.0,46.41,0.0,0.0,21.16,0.0,1.01,68.58,12.24
1787067629.3427486,203,any_person,position,held,True,1,False,True,False,0,0.0,50.1,0.0,0.0,22.04,0.0,1.51,73.66,12.24
1787067629.4252985,204,any_person,position,held,True,1,False,True,False,0,0.0,54.45,0.0,0.0,24.02,0.0,0.0,79.48,12.07
1787067629.5013714,205,any_person,position,held,True,1,False,True,False,0,0.0,47.41,0.0,0.0,23.65,0.0,1.01,72.07,12.07
1787067629.599821,206,any_person,position,held,True,1,False,True,False,0,0.0,61.06,0.0,0.0,20.79,1.0,0.0,83.85,12.07
1787067629.6788764,207,any_person,position,held,True,1,False,True,False,0,0.0,46.4,0.0,0.0,21.15,0.0,1.0,68.55,12.07
1787067629.7559028,208,any_person,position,held,True,1,False,True,False,0,0.0,46.51,0.0,0.0,20.0,0.0,1.0,67.51,12.07
1787067629.8412068,209,any_person,position,held,True,1,False,True,False,0,0.0,49.03,0.0,0.0,24.27,0.0,1.0,74.3,12.07
1787067629.9284866,210,any_person,position,held,True,1,False,True,False,0,0.0,46.79,0.0,0.0,21.48,0.0,1.01,69.27,12.07
1787067630.0081222,211,any_person,position,held,True,1,False,True,False,0,0.0,47.19,0.0,0.0,22.94,0.0,1.0,71.12,12.07
1787067630.0871391,212,any_person,position,held,True,1,False,True,False,0,0.0,48.9,0.0,0.0,21.12,0.0,1.0,71.02,12.07
1787067630.1654143,213,any_person,position,held,True,1,False,True,False,0,0.0,47.28,0.0,0.0,23.48,0.0,1.0,72.76,12.07
1787067630.2385857,214,any_person,position,held,True,1,False,True,False,0,0.0,47.39,0.0,0.0,21.27,0.0,1.0,69.66,12.07
1787067630.316858,215,any_person,position,held,True,1,False,True,False,0,0.0,47.52,0.0,0.0,21.75,0.0,1.0,70.27,12.07
1787067630.3902733,216,any_person,position,held,True,1,False,True,False,0,0.0,47.0,0.0,0.0,21.03,1.0,0.0,70.02,12.07
1787067630.4743783,217,any_person,position,held,True,1,False,True,False,0,0.0,48.51,0.0,0.0,23.16,0.0,0.0,72.68,12.39
1787067630.5494993,218,any_person,position,held,True,1,False,True,False,0,0.0,47.12,0.0,0.0,22.79,0.0,1.01,70.92,12.39
1787067630.632174,219,any_person,position,held,True,1,False,True,False,0,0.0,50.59,0.0,0.0,23.54,0.0,1.03,75.68,12.39
1787067630.722406,220,any_person,position,held,True,1,False,True,False,0,0.0,49.03,0.0,0.0,22.2,0.0,1.0,73.22,12.39
1787067630.8019438,221,any_person,position,held,True,1,False,True,False,0,0.0,50.01,0.0,0.0,22.54,0.0,1.0,74.54,12.39
1787067630.8793514,222,any_person,position,held,True,1,False,True,False,0,0.0,48.2,0.0,0.0,24.71,0.0,1.0,73.9,12.39
1787067630.9635437,223,any_person,position,held,True,1,False,True,False,0,0.0,56.87,0.0,0.0,20.81,0.0,1.0,78.68,12.39
1787067631.0541952,224,any_person,position,held,True,1,False,True,False,0,0.0,50.68,0.0,0.0,24.75,0.0,1.0,76.43,12.39
1787067631.1414478,225,any_person,position,held,True,1,False,True,False,0,0.0,48.61,0.0,0.0,22.07,0.0,1.01,71.69,12.39
1787067631.2155313,226,any_person,position,held,True,1,False,True,False,0,0.0,45.54,0.0,0.0,21.54,0.0,0.0,68.09,12.39
1787067631.2996745,227,any_person,position,held,True,1,False,True,False,0,0.0,49.9,0.0,0.0,23.95,0.0,1.29,75.14,12.39
1787067631.3745034,228,any_person,position,held,True,1,False,True,False,0,0.0,48.11,0.0,0.0,22.12,0.0,1.21,71.44,12.39
1787067631.45558,229,any_person,position,held,True,1,False,True,False,0,0.0,54.52,0.0,0.0,22.07,0.0,1.1,77.7,12.39
1787067631.539829,230,any_person,position,held,True,1,False,True,False,0,0.0,43.04,0.0,0.0,21.66,0.0,0.0,66.71,12.2
1787067631.6229901,231,any_person,position,held,True,1,False,True,False,0,0.0,50.11,0.0,0.0,22.03,0.0,0.0,73.14,12.2
1787067631.700847,232,any_person,position,held,True,1,False,True,False,0,0.0,51.99,0.0,0.0,20.87,0.0,1.0,73.86,12.2
1787067631.779073,233,any_person,position,held,True,1,False,True,False,0,0.0,48.86,0.0,0.0,24.37,0.0,0.0,74.23,12.2
1787067631.8597784,234,any_person,position,held,True,1,False,True,False,0,0.0,52.59,0.0,0.0,23.61,0.0,0.0,77.2,12.2
1787067631.9439802,235,any_person,position,held,True,1,False,True,False,0,0.0,43.69,0.0,0.0,22.51,0.0,0.0,67.2,12.2
1787067632.0222778,236,any_person,position,held,True,1,False,True,False,0,0.0,45.0,0.0,0.0,22.29,0.0,1.0,68.3,12.2
1787067632.1093168,237,any_person,position,held,True,1,False,True,False,0,0.0,54.46,0.0,0.0,22.57,0.0,1.0,78.04,12.2
1787067632.1999733,238,any_person,position,held,True,1,False,True,False,0,0.0,48.52,0.0,0.0,24.85,0.0,1.0,74.36,12.2
1787067632.276281,239,any_person,position,held,True,1,False,True,False,0,0.0,47.51,0.0,0.0,23.8,0.0,1.0,72.31,12.2
1787067632.3500388,240,any_person,position,held,True,1,False,True,False,0,0.0,48.22,0.0,0.0,21.54,0.0,1.0,70.76,12.2
1787067632.4258902,241,any_person,position,held,True,1,False,True,False,0,0.0,49.09,0.0,0.0,22.51,0.0,1.0,72.6,12.2
1787067632.5037458,242,any_person,position,held,True,1,False,True,False,0,0.0,45.63,0.0,0.0,21.23,0.0,0.0,67.86,12.2
1787067632.5846126,243,any_person,position,held,True,1,False,True,False,0,0.0,47.84,0.0,0.0,22.52,1.0,0.0,71.35,12.44
1787067632.6565814,244,any_person,position,held,True,1,False,True,False,0,0.0,44.0,0.0,0.0,21.01,0.0,0.0,66.51,12.44
1787067632.730025,245,any_person,position,held,True,1,False,True,False,0,0.0,47.92,0.0,0.0,21.01,0.5,0.0,70.44,12.44
1787067632.813084,246,any_person,position,held,True,1,False,True,False,0,0.0,44.01,0.0,0.0,22.28,0.0,1.13,68.05,12.44
1787067632.8891501,247,any_person,position,held,True,1,False,True,False,0,0.0,48.92,0.0,0.0,22.43,0.0,1.37,72.72,12.44
1787067632.9720795,248,any_person,position,held,True,1,False,True,False,0,0.0,45.6,0.0,0.0,22.81,0.0,1.01,69.41,12.44
1787067633.0528028,249,any_person,position,held,True,1,False,True,False,0,0.0,47.77,0.0,0.0,23.96,0.0,1.0,72.72,12.44
1787067633.127028,250,any_person,position,held,True,1,False,True,False,0,0.0,48.52,0.0,0.0,21.71,0.0,1.0,71.23,12.44
1787067633.2061,251,any_person,position,held,True,1,False,True,False,0,0.0,46.35,0.0,0.0,22.73,0.0,0.0,70.08,12.44
1787067633.290671,252,any_person,position,held,True,1,False,True,False,0,0.0,51.0,0.0,0.0,25.06,0.0,0.0,77.06,12.44
1787067633.3828254,253,any_person,position,held,True,1,False,True,False,0,0.0,48.37,0.0,0.0,24.27,0.0,0.0,74.65,12.44
1787067633.4588084,254,any_person,position,held,True,1,False,True,False,0,0.0,47.52,0.0,0.0,23.47,0.0,0.0,71.98,12.44
1787067633.5307164,255,any_person,position,held,True,1,False,True,False,0,0.0,48.93,0.0,0.0,19.97,0.0,0.0,68.9,12.44
1787067633.614131,256,any_person,position,held,True,1,False,True,False,0,0.0,47.2,0.0,0.0,23.22,0.0,0.0,71.42,12.63
1787067633.690965,257,any_person,position,held,True,1,False,True,False,0,0.0,48.63,0.0,0.0,23.21,0.0,1.0,72.83,12.63
1787067633.769496,258,any_person,position,held,True,1,False,True,False,0,0.0,45.03,0.0,0.0,23.49,0.0,1.0,70.53,12.63
1787067633.8435323,259,any_person,position,held,True,1,False,True,False,0,0.0,44.03,0.0,0.0,21.0,0.0,1.0,66.03,12.63
1787067633.9259539,260,any_person,position,held,True,1,False,True,False,0,0.0,46.02,0.0,0.0,22.4,0.0,1.0,70.42,12.63
1787067634.0068455,261,any_person,position,held,True,1,False,True,False,0,0.0,50.42,0.0,0.0,22.47,0.0,1.0,73.89,12.63
1787067634.0937624,262,any_person,position,held,True,1,False,True,False,0,0.0,46.5,0.0,0.0,21.4,0.0,1.0,68.9,12.63
1787067634.173324,263,any_person,position,held,True,1,False,True,False,0,0.0,52.04,0.0,0.0,22.51,0.0,1.01,75.56,12.63
1787067634.2503455,264,any_person,position,held,True,1,False,True,False,0,0.0,45.26,0.0,0.0,22.25,0.0,1.0,68.51,12.63
1787067634.3282926,265,any_person,position,held,True,1,False,True,False,0,0.0,45.31,0.0,0.0,21.64,0.0,1.0,67.95,12.63
1787067634.409476,266,any_person,position,held,True,1,False,True,False,0,0.0,48.0,0.0,0.0,21.73,0.0,1.0,71.24,12.63
1787067634.488818,267,any_person,position,held,True,1,False,True,False,0,0.0,47.21,0.0,0.0,25.13,0.0,1.0,73.34,12.63
1787067634.5660148,268,any_person,position,held,True,1,False,True,False,0,0.0,48.52,0.0,0.0,21.86,0.0,1.0,71.38,12.63
1787067634.6392674,269,any_person,position,held,True,1,False,True,False,0,0.0,44.62,0.0,0.0,22.0,0.0,0.0,67.62,12.68
1787067634.711297,270,any_person,position,held,True,1,False,True,False,0,0.0,44.52,0.0,0.0,22.52,0.0,1.0,68.03,12.68
1787067634.8013108,271,any_person,position,held,True,1,False,True,False,0,0.0,48.09,0.0,0.0,22.02,0.0,1.0,71.11,12.68
1787067634.8765888,272,any_person,position,held,True,1,False,True,False,0,0.0,48.92,0.0,0.0,21.36,0.0,1.0,71.28,12.68
1787067634.9538255,273,any_person,position,held,True,1,False,True,False,0,0.0,46.13,0.0,0.0,21.11,0.0,1.0,68.24,12.68
1787067635.0347748,274,any_person,position,held,True,1,False,True,False,0,0.0,46.27,0.0,0.0,22.68,0.0,1.0,69.95,12.68
1787067635.1136827,275,any_person,position,held,True,1,False,True,False,0,0.0,47.26,0.0,0.0,21.94,0.71,0.0,70.91,12.68
1787067635.1889193,276,any_person,position,held,True,1,False,True,False,0,0.0,46.45,0.0,0.0,21.78,0.0,1.0,69.23,12.68
1787067635.2699652,277,any_person,position,held,True,1,False,True,False,0,0.0,48.38,0.0,0.0,23.66,0.0,1.01,73.05,12.68
1787067635.343655,278,any_person,position,held,True,1,False,True,False,0,0.0,47.02,0.0,0.0,22.67,0.0,0.0,70.69,12.68
1787067635.415205,279,any_person,position,held,True,1,False,True,False,0,0.0,44.52,0.0,0.0,23.04,0.0,0.0,68.55,12.68
1787067635.498351,280,any_person,position,held,True,1,False,True,False,0,0.0,44.67,0.0,0.0,22.46,0.0,0.54,67.67,12.68
1787067635.5801964,281,any_person,position,held,True,1,False,True,False,0,0.0,47.52,0.0,0.0,23.26,0.0,1.0,71.77,12.68
1787067635.6588964,282,any_person,position,held,True,1,False,True,False,0,0.0,50.99,0.0,0.0,22.41,0.0,1.29,75.7,12.75
1787067635.7346082,283,any_person,position,held,True,1,False,True,False,0,0.0,47.34,0.0,0.0,22.0,0.0,1.0,70.34,12.75
1787067635.8152885,284,any_person,position,held,True,1,False,True,False,0,0.0,47.46,0.0,0.0,24.22,0.0,1.0,72.68,12.75
1787067635.8925664,285,any_person,position,held,True,1,False,True,False,0,0.0,49.0,0.0,0.0,22.28,0.0,0.0,72.28,12.75
1787067635.9665926,286,any_person,position,held,True,1,False,True,False,0,0.0,47.03,0.0,0.0,21.0,0.0,0.0,69.03,12.75
1787067636.0465567,287,any_person,position,held,True,1,False,True,False,0,0.0,46.55,0.0,0.0,23.42,0.0,1.0,70.96,12.75
1787067636.1223872,288,any_person,position,held,True,1,False,True,False,0,0.0,48.0,0.0,0.0,21.83,0.0,1.0,71.83,12.75
1787067636.2004194,289,any_person,position,held,True,1,False,True,False,0,0.0,45.51,0.0,0.0,21.52,0.0,0.0,68.03,12.75
1787067636.2817225,290,any_person,position,held,True,1,False,True,False,0,0.0,45.0,0.0,0.0,24.78,0.0,1.01,70.79,12.75
1787067636.3654716,291,any_person,position,held,True,1,False,True,False,0,0.0,50.43,0.0,0.0,25.32,0.0,1.0,76.75,12.75
1787067636.4512658,292,any_person,position,held,True,1,False,True,False,0,0.0,47.53,0.0,0.0,22.26,0.0,0.0,70.79,12.75
1787067636.5231478,293,any_person,position,held,True,1,False,True,False,0,0.0,47.12,0.0,0.0,20.77,0.0,1.0,68.88,12.75
1787067636.6036494,294,any_person,position,held,True,1,False,True,False,0,0.0,46.69,0.0,0.0,19.81,0.0,1.0,67.5,12.75
1787067636.6850374,295,any_person,position,held,True,1,False,True,False,0,0.0,46.01,0.0,0.0,22.86,0.0,1.01,70.88,12.67
1787067636.763869,296,any_person,position,held,True,1,False,True,False,0,0.0,49.52,0.0,0.0,24.24,0.0,1.06,74.83,12.67
1787067636.851757,297,any_person,position,held,True,1,False,True,False,0,0.0,58.02,0.0,0.0,23.36,0.0,1.5,82.88,12.67
1787067636.9365644,298,any_person,position,held,True,1,False,True,False,0,0.0,47.53,0.0,0.0,23.03,0.0,1.0,72.56,12.67
1787067637.0096862,299,any_person,position,held,True,1,False,True,False,0,0.0,45.03,0.0,0.0,21.09,1.0,0.0,67.12,12.67
1787067637.0899377,300,any_person,position,held,True,1,False,True,False,0,0.0,45.09,0.0,0.0,22.58,0.0,1.0,68.67,12.67
1787067637.162451,301,any_person,position,held,True,1,False,True,False,0,0.0,46.51,0.0,0.0,21.0,0.0,1.0,68.51,12.67
1787067637.2496994,302,any_person,position,held,True,1,False,True,False,0,0.0,49.74,0.0,0.0,20.51,0.0,1.0,71.25,12.67
1787067637.3210845,303,any_person,position,held,True,1,False,True,False,0,0.0,41.79,0.0,0.0,21.59,0.0,1.0,64.39,12.67
1787067637.4047112,304,any_person,position,held,True,1,False,True,False,0,0.0,48.21,0.0,0.0,22.43,0.0,1.0,71.63,12.67
1787067637.4875062,305,any_person,position,held,True,1,False,True,False,0,0.0065,50.56,0.0,0.0,25.24,0.0,1.0,76.8,12.67
1787067637.566622,306,any_person,position,held,True,1,False,True,False,0,0.0314,51.73,0.0,0.0,22.39,0.0,1.0,75.12,12.67
1787067637.6552439,307,any_person,position,held,True,1,False,True,False,0,0.0321,49.87,0.0,0.0,22.75,0.0,1.0,73.62,12.67
1787067637.7242732,308,any_person,position,held,True,1,False,True,False,0,0.036,44.52,0.0,0.0,19.51,0.0,1.0,65.03,12.51
1787067637.7999308,309,any_person,position,held,True,1,False,True,False,1,0.036,48.0,0.0,0.0,22.12,0.0,1.04,71.66,12.51
1787067637.888498,310,any_person,position,held,True,1,False,True,False,2,0.0367,49.82,0.0,0.0,23.09,0.0,1.0,73.92,12.51
1787067637.966786,311,any_person,position,held,True,1,False,True,False,2,0.0392,48.29,0.0,0.0,25.0,0.0,1.0,74.29,12.51
1787067638.041117,312,any_person,position,held,True,1,False,True,False,3,0.0392,49.32,0.0,0.0,21.01,0.0,1.0,71.33,12.51
1787067638.1177163,313,any_person,position,held,True,1,False,True,False,4,0.0405,46.52,0.0,0.0,21.08,0.0,1.0,68.6,12.51
1787067638.1959295,314,any_person,position,held,True,1,False,True,False,5,0.0405,44.07,0.0,0.0,23.15,0.0,1.0,68.22,12.51
1787067638.2756906,315,any_person,position,held,True,1,False,True,False,6,0.0405,44.51,0.0,0.0,22.25,1.0,0.0,69.76,12.51
1787067638.3491101,316,any_person,position,held,True,1,False,True,False,6,0.0414,47.42,0.0,0.0,22.0,0.0,0.0,70.42,12.51
1787067638.435817,317,any_person,position,held,True,1,False,True,False,7,0.0414,47.42,0.0,0.0,24.28,0.0,1.0,72.71,12.51
1787067638.5119596,318,any_person,position,held,True,1,False,True,False,8,0.0414,46.88,0.0,0.0,23.25,0.0,0.0,71.14,12.51
1787067638.5867927,319,any_person,position,held,True,1,False,True,False,8,0.0414,44.83,0.0,0.0,22.49,0.0,1.0,68.32,12.51
1787067638.6652994,320,any_person,position,held,True,1,False,True,False,9,0.0414,44.07,0.0,0.0,23.92,0.0,1.01,69.0,12.51
1787067638.7471292,321,any_person,position,held,True,1,False,True,False,9,0.0414,50.04,0.0,0.0,21.79,1.0,0.0,73.83,12.71
1787067638.8249788,322,any_person,position,held,True,1,False,True,False,10,0.0414,48.18,0.0,0.0,23.37,0.0,1.0,72.54,12.71
1787067638.90081,323,any_person,position,held,True,1,False,True,False,10,0.0414,46.4,0.0,0.0,23.43,0.0,0.0,70.83,12.71
1787067638.9788706,324,any_person,position,held,True,1,False,True,False,10,0.0349,46.68,0.0,0.0,22.38,0.0,1.0,70.06,12.71
1787067639.0548098,325,any_person,position,held,True,1,False,True,False,11,0.0106,46.82,0.0,0.0,23.12,0.0,1.0,71.94,12.71
1787067639.1422117,326,any_person,position,held,True,1,False,True,False,11,0.0217,56.4,0.0,0.0,21.0,0.0,1.0,78.4,12.71
1787067639.2262692,327,any_person,position,held,True,1,False,True,False,10,0.0227,44.1,0.0,0.0,23.12,0.0,1.0,68.22,12.71
1787067639.2949586,328,any_person,position,held,True,1,False,True,False,10,0.0227,44.06,0.0,0.0,20.63,0.0,1.0,65.69,12.71
1787067639.3723984,329,any_person,position,held,True,1,False,True,False,10,0.0227,47.21,0.0,0.0,24.23,0.0,1.0,72.44,12.71
1787067639.4449651,330,any_person,position,held,True,1,False,True,False,9,0.0261,46.57,0.0,0.0,21.0,0.0,1.0,68.57,12.71
1787067639.5304644,331,any_person,position,held,True,1,False,True,False,8,0.0262,49.53,0.0,0.0,23.97,0.0,1.0,75.5,12.71
1787067639.6181974,332,any_person,position,held,True,1,False,True,False,7,0.0368,46.51,0.0,0.0,22.29,0.0,1.0,69.8,12.71
1787067639.6967473,333,any_person,position,held,True,1,False,True,False,7,0.0368,49.3,0.0,0.0,23.25,0.0,0.0,74.55,12.71
1787067639.7754478,334,any_person,position,held,True,1,False,True,False,8,0.0368,46.51,0.0,0.0,23.18,1.01,0.0,71.7,12.64
1787067639.87599,335,any_person,position,held,True,1,False,True,False,8,0.0368,53.2,0.0,0.0,25.01,0.0,1.33,79.54,12.64
1787067639.9542444,336,any_person,position,held,True,1,False,True,False,7,0.0368,42.02,0.0,0.0,20.21,1.01,0.0,64.24,12.64
1787067640.0300531,337,any_person,position,held,True,1,False,True,False,8,0.0368,47.27,0.0,0.0,23.54,0.0,1.0,72.81,12.64
1787067640.1202235,338,any_person,position,held,True,1,False,True,False,7,0.0368,49.51,0.0,0.0,25.43,0.0,1.01,75.95,12.64
1787067640.2100935,339,any_person,position,held,True,1,False,True,False,7,0.0368,48.14,0.0,0.0,21.74,0.0,1.0,71.87,12.64
1787067640.2830884,340,any_person,position,held,True,1,False,True,False,7,0.0368,44.0,0.0,0.0,21.47,0.0,1.01,66.48,12.64
1787067640.36511,341,any_person,position,held,True,1,False,True,False,7,0.0368,48.02,0.0,0.0,22.0,0.0,1.0,71.02,12.64
1787067640.43838,342,any_person,position,held,True,1,False,True,False,8,0.0368,45.12,0.0,0.0,21.15,0.0,1.0,67.27,12.64
1787067640.5229561,343,any_person,position,held,True,1,False,True,False,8,0.0368,50.01,0.0,0.0,22.56,0.0,0.0,73.58,12.64
1787067640.6042979,344,any_person,position,held,True,1,False,True,False,9,0.0368,49.62,0.0,0.0,25.73,0.0,1.0,76.34,12.64
1787067640.6914876,345,any_person,position,held,True,1,False,True,False,9,0.0368,47.01,0.0,0.0,22.01,0.0,1.0,70.52,12.64
1787067640.7657745,346,any_person,position,held,True,1,False,True,False,8,0.0368,49.07,0.0,0.0,21.22,0.0,1.0,71.29,12.64
1787067640.8401453,347,any_person,position,held,True,1,False,True,False,9,0.0279,42.52,0.0,0.0,19.85,0.0,1.0,63.37,12.21
1787067640.9294684,348,any_person,position,held,True,1,False,True,False,9,0.0279,49.07,0.0,0.0,24.75,0.0,1.0,74.82,12.21
1787067641.0079095,349,any_person,position,held,True,1,False,True,False,10,0.0279,49.51,0.0,0.0,23.92,0.0,1.01,74.43,12.21
1787067641.081701,350,any_person,position,held,True,1,False,True,False,10,0.0279,46.79,0.0,0.0,22.5,0.0,0.5,69.79,12.21
1787067641.163407,351,any_person,position,held,True,1,False,True,False,10,0.0279,47.35,0.0,0.0,23.35,0.0,1.0,73.69,12.21
1787067641.2405272,352,any_person,position,held,True,1,False,True,False,9,0.0242,48.04,0.0,0.0,24.08,0.0,1.0,73.12,12.21
1787067641.3185537,353,any_person,position,held,True,1,False,True,False,9,0.0242,50.0,0.0,0.0,22.02,0.0,1.0,73.03,12.21
1787067641.3924637,354,any_person,position,held,True,1,False,True,False,9,0.0242,48.0,0.0,0.0,20.91,0.0,1.0,69.91,12.21
1787067641.4684262,355,any_person,position,held,True,1,False,True,False,8,0.0242,48.52,0.0,0.0,22.45,0.0,1.0,71.96,12.21
1787067641.5526977,356,any_person,position,held,True,1,False,True,False,8,0.0242,49.51,0.0,0.0,23.77,0.0,1.0,74.27,12.21
1787067641.6247566,357,any_person,position,held,True,1,False,True,False,9,0.0242,45.8,0.0,0.0,20.26,0.0,1.0,68.06,12.21
1787067641.7059507,358,any_person,position,held,True,1,False,True,False,9,0.0242,45.06,0.0,0.0,24.14,0.0,1.0,70.19,12.21
1787067641.7844713,359,any_person,position,held,True,1,False,True,False,10,0.0242,47.8,0.0,0.0,22.2,0.0,0.0,71.01,12.21
1787067641.8873549,360,any_person,position,held,True,1,False,True,False,10,0.0242,75.34,0.0,0.0,20.55,0.0,1.0,96.88,12.41
1787067641.9706252,361,any_person,position,held,True,1,False,True,False,10,0.0239,47.03,0.0,0.0,23.23,0.0,1.0,71.27,12.41
1787067642.0499594,362,any_person,position,held,True,1,False,True,False,9,0.0369,49.82,0.0,0.0,24.81,0.0,1.2,76.33,12.41
1787067642.1304915,363,any_person,position,held,True,1,False,True,False,10,0.0369,50.73,0.0,0.0,23.82,0.0,1.0,75.55,12.41
1787067642.2119684,364,any_person,position,held,True,1,False,True,False,10,0.0369,54.64,0.0,0.0,21.89,0.0,0.0,77.53,12.41
1787067642.3004217,365,any_person,position,held,True,1,False,True,False,9,0.0369,49.51,0.0,0.0,23.44,0.0,1.0,73.94,12.41
1787067642.3758416,366,any_person,position,held,True,1,False,True,False,9,0.0369,49.33,0.0,0.0,22.09,0.0,1.0,72.42,12.41
1787067642.4544945,367,any_person,position,held,True,1,False,True,False,9,0.0369,48.29,0.0,0.0,21.36,0.0,1.0,70.65,12.41
1787067642.531889,368,any_person,position,held,True,1,False,True,False,9,0.0369,47.01,0.0,0.0,21.4,0.0,0.0,69.4,12.41
1787067642.6117496,369,any_person,position,held,True,1,False,True,False,9,0.0369,46.7,0.0,0.0,22.47,1.0,0.0,71.18,12.41
1787067642.682771,370,any_person,position,held,True,1,False,True,False,9,0.0284,45.51,0.0,0.0,21.51,0.0,1.0,68.02,12.41
1787067642.7690115,371,any_person,position,held,True,1,False,True,False,8,0.0284,47.03,0.0,0.0,23.21,0.0,1.0,71.24,12.41
1787067642.8415275,372,any_person,position,held,True,1,False,True,False,9,0.0284,46.52,0.0,0.0,20.99,0.0,1.0,68.52,12.41
1787067642.9219587,373,any_person,position,held,True,1,False,True,False,10,0.0305,44.95,0.0,0.0,21.98,0.0,1.0,67.92,12.57
1787067643.001625,374,any_person,position,held,True,1,False,True,False,11,0.0305,46.07,0.0,0.0,22.56,0.0,1.0,69.63,12.57
1787067643.0769138,375,any_person,position,held,True,1,False,True,False,11,0.0305,44.78,0.0,0.0,21.51,0.0,0.0,67.28,12.57
1787067643.1567664,376,any_person,position,held,True,1,False,True,False,10,0.0305,46.59,0.0,0.0,22.26,0.0,1.0,69.85,12.57
1787067643.2399454,377,any_person,position,held,True,1,False,True,False,9,0.0399,51.95,0.0,0.0,23.23,0.0,1.0,76.18,12.57
1787067643.3328712,378,any_person,position,held,True,1,False,True,False,9,0.0399,49.04,0.0,0.0,24.53,0.0,1.0,74.57,12.57
1787067643.413504,379,any_person,position,held,True,1,False,True,False,9,0.0399,52.29,0.0,0.0,24.02,0.0,0.81,77.63,12.57
1787067643.505424,380,any_person,position,held,True,1,True,True,True,10,0.0542,51.0,0.0,0.0,23.62,0.0,1.0,76.62,12.57
1787067643.5958977,381,any_person,position,held,True,1,True,True,True,10,0.0542,50.08,0.0,0.0,23.12,0.0,0.64,73.84,12.57
1787067643.6902926,382,any_person,position,held,True,1,True,True,True,10,0.0542,51.99,0.0,0.0,22.79,0.0,1.54,76.32,12.57
1787067643.7791958,383,any_person,position,held,True,1,True,True,True,10,0.0542,48.66,0.0,0.0,23.54,0.0,1.0,73.2,12.57
1787067643.8580403,384,any_person,position,held,True,1,True,True,True,10,0.0542,50.03,0.0,0.0,23.8,1.01,0.0,75.84,12.57
1787067643.9393792,385,any_person,position,held,True,1,True,True,True,10,0.0542,54.0,0.0,0.0,23.33,0.0,1.0,78.34,11.79
1787067644.03013,386,any_person,position,held,True,1,True,True,True,10,0.0542,50.78,0.0,0.0,24.93,0.0,1.01,76.72,11.79
1787067644.114109,387,any_person,position,held,True,1,True,True,True,10,0.4307,46.0,0.0,0.0,22.01,0.0,1.0,69.0,11.79
1787067644.1859004,388,any_person,position,held,True,1,True,True,True,10,0.4521,47.03,0.0,0.0,20.77,0.0,1.0,68.79,11.79
1787067644.2718143,389,any_person,position,held,True,1,True,True,True,11,0.4521,48.6,0.0,0.0,22.8,0.0,0.0,72.4,11.79
1787067644.3482058,390,any_person,position,held,True,1,True,True,True,10,0.4521,46.1,0.0,0.0,23.26,0.0,0.0,70.39,11.79
1787067644.4233637,391,any_person,position,held,True,1,True,True,True,10,0.4521,48.0,0.0,0.0,22.95,0.5,0.7,72.15,11.79
1787067644.5117505,392,any_person,position,held,True,1,True,True,True,9,0.4521,53.0,0.0,0.0,23.71,0.0,1.0,77.71,11.79
1787067644.6050808,393,any_person,position,held,True,1,True,True,True,10,0.4521,50.79,0.0,0.0,26.03,0.0,1.0,78.82,11.79
1787067644.69579,394,any_person,position,held,True,1,True,True,True,10,0.4521,52.01,0.0,0.0,22.97,0.0,1.0,75.98,11.79
1787067644.784023,395,any_person,position,held,True,1,True,True,True,9,0.4521,46.83,0.0,0.0,23.38,0.0,1.01,71.22,11.79
1787067644.8606057,396,any_person,position,held,True,1,True,True,True,9,0.4521,45.99,0.0,0.0,21.58,0.0,1.01,69.58,11.79
1787067644.938832,397,any_person,position,held,True,1,True,True,True,9,0.4521,50.0,0.0,0.0,23.23,0.0,1.0,75.23,11.79
1787067645.0202987,398,any_person,position,held,True,1,True,True,True,9,0.4521,49.65,0.0,0.0,23.3,0.0,1.01,73.95,12.03
1787067645.0976653,399,any_person,position,held,True,1,True,True,True,10,0.4521,48.5,0.0,0.0,22.87,1.0,0.0,73.37,12.03
1787067645.1752243,400,any_person,position,held,True,1,True,True,True,10,0.4521,51.32,0.0,0.0,21.0,0.0,0.0,73.32,12.03
1787067645.2502635,401,any_person,position,held,True,1,True,True,True,10,0.4521,49.04,0.0,0.0,21.0,1.0,0.0,72.04,12.03
1787067645.333281,402,any_person,position,held,True,1,True,True,True,10,0.4521,51.0,0.0,0.0,22.51,0.0,0.0,75.02,12.03
1787067645.4056478,403,any_person,position,held,True,1,True,True,True,10,0.4521,45.0,0.0,0.0,22.01,0.0,0.0,68.01,12.03
1787067645.487831,404,any_person,position,held,True,1,True,True,True,10,0.4521,49.0,0.0,0.0,22.17,0.0,1.01,72.18,12.03
1787067645.5633686,405,any_person,position,held,True,1,True,True,True,10,0.4407,45.83,0.0,0.0,22.14,0.51,0.53,69.54,12.03
1787067645.6474607,406,any_person,position,held,True,1,True,True,True,11,0.0647,50.43,0.0,0.0,24.59,0.0,1.01,76.03,12.03
1787067645.7405477,407,any_person,position,held,True,1,True,True,True,11,0.0647,51.07,0.0,0.0,24.52,0.0,1.0,76.6,12.03
1787067645.8331242,408,any_person,position,held,True,1,True,True,True,12,0.0513,49.44,0.0,0.0,23.62,0.0,1.01,74.58,12.03
1787067645.9071803,409,any_person,position,held,True,1,False,True,False,13,0.0349,47.69,0.0,0.0,21.29,0.0,1.0,70.97,12.03
1787067645.989347,410,any_person,position,held,True,1,False,True,False,13,0.0349,54.45,0.0,0.0,23.72,0.0,1.0,79.17,12.03
1787067646.0823114,411,any_person,position,held,True,1,False,True,False,12,0.04,49.32,0.0,0.0,23.64,1.01,0.0,74.96,12.24
1787067646.158352,412,any_person,position,held,True,1,False,True,False,12,0.04,48.53,0.0,0.0,23.01,0.0,0.51,72.04,12.24
1787067646.2367463,413,any_person,position,held,True,1,False,True,False,12,0.04,49.22,0.0,0.0,22.17,1.0,0.0,73.39,12.24
1787067646.309752,414,any_person,position,held,True,1,False,True,False,12,0.04,47.0,0.0,0.0,21.01,1.0,0.0,70.01,12.24
1787067646.3880987,415,any_person,position,held,True,1,False,True,False,12,0.04,47.03,0.0,0.0,21.32,0.0,1.0,69.35,12.24
1787067646.4659543,416,any_person,position,held,True,1,False,True,False,12,0.04,45.52,0.0,0.0,22.34,0.0,1.0,69.86,12.24
1787067646.5453498,417,any_person,position,held,True,1,False,True,False,12,0.04,47.83,0.0,0.0,22.57,0.0,1.0,72.4,12.24
1787067646.6139376,418,any_person,position,held,True,1,False,True,False,12,0.04,42.31,0.0,0.0,22.28,0.0,1.0,65.59,12.24
1787067646.7119646,419,any_person,position,held,True,1,False,True,False,12,0.04,58.52,0.0,0.0,23.01,1.0,0.0,83.52,12.24
1787067646.807876,420,any_person,position,held,True,1,False,True,False,12,0.04,62.15,0.0,0.0,23.25,0.0,1.0,86.4,12.24
1787067646.8906226,421,any_person,position,held,True,1,False,True,False,12,0.04,51.24,0.0,0.0,22.51,0.0,1.0,75.75,12.24
1787067646.9796553,422,any_person,position,held,True,1,False,True,False,0,0.0,48.03,0.0,0.0,22.0,0.0,1.01,71.04,12.24
1787067647.0574052,423,any_person,position,held,True,1,False,True,False,0,0.0,51.01,0.0,0.0,22.75,0.0,1.0,74.75,12.24
1787067647.1408188,424,any_person,position,held,True,1,False,True,False,0,0.0,51.83,0.0,0.0,23.41,0.0,1.0,76.24,12.28
1787067647.2333755,425,any_person,position,held,True,1,False,True,False,0,0.0,53.05,0.0,0.0,22.49,0.0,0.51,76.04,12.28
1787067647.320374,426,any_person,position,held,True,1,False,True,False,0,0.0,46.47,0.0,0.0,22.74,0.0,1.0,70.71,12.28
1787067647.395794,427,any_person,position,held,True,1,False,True,False,0,0.0,46.52,0.0,0.0,21.39,0.0,1.0,68.91,12.28
1787067647.474407,428,any_person,position,held,True,1,False,True,False,0,0.017,47.52,0.0,0.0,21.1,0.0,1.0,69.62,12.28
1787067647.5499249,429,any_person,position,held,True,1,False,True,False,1,0.017,45.51,0.0,0.0,22.01,0.0,0.0,68.52,12.28
1787067647.6226065,430,any_person,position,held,True,1,False,True,False,1,0.0215,45.56,0.0,0.0,23.12,0.0,1.0,69.68,12.28
1787067647.7031236,431,any_person,position,held,True,1,False,True,False,1,0.0313,43.51,0.0,0.0,21.01,0.0,0.0,65.52,12.28
1787067647.7851639,432,any_person,position,held,True,1,False,True,False,1,0.0395,46.52,0.0,0.0,22.52,0.0,0.0,70.04,12.28
1787067647.8576918,433,any_person,position,held,True,1,False,True,False,1,0.0417,42.52,0.0,0.0,21.0,0.0,0.0,64.53,12.28
1787067647.93099,434,any_person,position,held,True,1,False,True,False,1,0.0432,46.53,0.0,0.0,21.77,0.0,1.01,70.3,12.28
1787067648.0069435,435,any_person,position,held,True,1,False,True,False,1,0.0447,47.7,0.0,0.0,23.26,0.0,1.0,71.95,12.28
1787067648.0904093,436,any_person,position,held,True,1,False,True,False,1,0.0463,52.93,0.0,0.0,23.53,0.0,1.01,77.47,12.28
1787067648.1815448,437,any_person,position,held,True,1,False,True,False,2,0.0463,49.51,0.0,0.0,23.62,0.0,0.0,73.13,12.49
1787067648.2772439,438,any_person,position,held,True,1,False,True,False,3,0.0466,50.02,0.0,0.0,25.77,0.0,1.0,76.79,12.49
1787067648.356659,439,any_person,position,held,True,1,False,True,False,3,0.0479,51.31,0.0,0.0,24.11,0.0,1.0,76.41,12.49
1787067648.447651,440,any_person,position,held,True,1,False,True,False,3,0.0485,48.96,0.0,0.0,24.03,0.0,1.0,73.99,12.49
1787067648.5216918,441,any_person,position,held,True,1,False,True,False,4,0.0485,45.53,0.0,0.0,22.51,0.0,1.0,69.04,12.49
1787067648.5985496,442,any_person,position,held,True,1,False,True,False,5,0.0485,45.22,0.0,0.0,21.63,0.0,1.0,67.86,12.49
1787067648.6760674,443,any_person,position,held,True,1,False,True,False,6,0.0485,45.51,0.0,0.0,21.01,0.0,1.0,67.52,12.49
1787067648.7591345,444,any_person,position,held,True,1,False,True,False,6,0.0485,50.17,0.0,0.0,21.84,0.0,1.0,73.0,12.49
1787067648.8303661,445,any_person,position,held,True,1,False,True,False,7,0.0485,44.54,0.0,0.0,20.69,0.0,1.01,66.23,12.49
1787067648.9076855,446,any_person,position,held,True,1,False,True,False,8,0.0485,47.61,0.0,0.0,23.7,0.0,1.01,73.32,12.49
1787067648.99147,447,any_person,position,held,True,1,False,True,False,8,0.0485,47.51,0.0,0.0,24.11,0.0,1.16,72.78,12.49
1787067649.0659938,448,any_person,position,held,True,1,False,True,False,9,0.032,47.82,0.0,0.0,21.7,0.0,1.0,70.52,12.49
1787067649.1504698,449,any_person,position,held,True,1,False,True,False,9,0.0282,52.03,0.0,0.0,24.0,0.0,1.0,77.03,12.49
1787067649.2401633,450,any_person,position,held,True,1,False,True,False,10,0.0282,49.53,0.0,0.0,24.16,0.0,1.0,74.69,12.28
1787067649.354082,451,any_person,position,held,True,1,False,True,False,10,0.0282,52.48,0.0,0.0,25.72,0.0,0.51,79.42,12.28
1787067649.4441662,452,any_person,position,held,True,1,False,True,False,11,0.0282,49.84,0.0,0.0,24.39,1.0,0.0,76.23,12.28
1787067649.538549,453,any_person,position,held,True,1,False,True,False,12,0.0282,50.24,0.0,0.0,26.13,0.0,0.0,77.38,12.28
1787067649.6111841,454,any_person,position,held,True,1,False,True,False,13,0.0282,48.48,0.0,0.0,20.16,0.0,1.0,69.64,12.28
1787067649.687905,455,any_person,position,held,True,1,False,True,False,12,0.0282,45.33,0.0,0.0,23.39,0.0,1.0,69.72,12.28
1787067649.7664747,456,any_person,position,held,True,1,False,True,False,12,0.0282,47.42,0.0,0.0,23.15,0.0,1.0,71.57,12.28
1787067649.8433843,457,any_person,position,held,True,1,False,True,False,13,0.0282,47.0,0.0,0.0,22.9,0.0,1.01,70.9,12.28
1787067649.9189234,458,any_person,position,held,True,1,False,True,False,14,0.0282,47.38,0.0,0.0,21.4,0.0,0.0,70.15,12.28
1787067649.9986086,459,any_person,position,held,True,1,False,True,False,13,0.0285,47.19,0.0,0.0,22.56,0.0,1.08,70.83,12.28
1787067650.0716164,460,any_person,position,held,True,1,False,True,False,12,0.0384,46.96,0.0,0.0,20.74,1.01,0.0,69.71,12.28
1787067650.1520898,461,any_person,position,held,True,1,False,True,False,11,0.0454,45.52,0.0,0.0,22.63,0.0,1.01,69.16,12.28
1787067650.2330544,462,any_person,position,held,True,1,True,True,True,11,0.0553,49.48,0.0,0.0,21.19,0.0,1.01,71.68,12.28
1787067650.311035,463,any_person,position,held,True,1,True,True,True,10,0.0675,48.05,0.0,0.0,22.49,1.01,0.0,72.55,12.14
1787067650.3906047,464,any_person,position,held,True,1,True,True,True,9,0.0761,50.92,0.0,0.0,21.65,0.0,1.0,73.57,12.14
1787067650.4664357,465,any_person,position,held,True,1,True,True,True,9,0.0761,48.68,0.0,0.0,21.84,0.0,1.32,71.83,12.14
1787067650.548756,466,any_person,position,held,True,1,True,True,True,8,0.0761,49.95,0.0,0.0,24.54,0.0,1.01,76.0,12.14
1787067650.6379602,467,any_person,position,held,True,1,True,True,True,9,0.0761,47.1,0.0,0.0,23.03,0.0,0.53,71.18,12.14
1787067650.7210438,468,any_person,position,held,True,1,True,True,True,8,0.0761,55.48,0.0,0.0,23.82,0.0,0.0,80.3,12.14
1787067650.7966695,469,any_person,position,held,True,1,True,True,True,8,0.0759,50.0,0.0,0.0,20.12,0.0,1.0,72.12,12.14
1787067650.8886178,470,any_person,position,held,True,1,True,True,True,8,0.0759,50.37,0.0,0.0,22.85,0.0,1.01,74.23,12.14
1787067650.9736683,471,any_person,position,held,True,1,True,True,True,8,0.0759,45.04,0.0,0.0,21.0,0.0,1.0,67.05,12.14
1787067651.0453582,472,any_person,position,held,True,1,True,True,True,8,0.0759,45.31,0.0,0.0,22.38,0.0,0.0,68.69,12.14
1787067651.1305664,473,any_person,position,held,True,1,True,True,True,9,0.0759,45.0,0.0,0.0,22.21,0.0,1.0,68.2,12.14
1787067651.2090914,474,any_person,position,held,True,1,True,True,True,9,0.0759,47.0,0.0,0.0,21.01,0.0,0.51,68.53,12.14
1787067651.2821238,475,any_person,position,held,True,1,True,True,True,8,0.0687,39.03,0.0,0.0,22.0,0.0,0.0,62.03,12.14
1787067651.357334,476,any_person,position,held,True,1,True,True,True,8,0.0687,48.52,0.0,0.0,22.68,0.0,1.01,72.21,12.42
1787067651.4300597,477,any_person,position,held,True,1,True,True,True,8,0.0687,46.54,0.0,0.0,21.18,0.0,1.0,68.72,12.42
1787067651.5055234,478,any_person,position,held,True,1,True,True,True,8,0.0687,46.0,0.0,0.0,21.08,0.0,1.0,68.09,12.42
1787067651.5881753,479,any_person,position,held,True,1,True,True,True,8,0.0687,49.51,0.0,0.0,23.13,0.0,0.0,73.65,12.42
1787067651.6658268,480,any_person,position,held,True,1,True,True,True,8,0.0687,49.59,0.0,0.0,22.56,0.0,1.0,73.15,12.42
1787067651.740803,481,any_person,position,held,True,1,True,True,True,8,0.0687,45.14,0.0,0.0,22.71,0.0,0.0,68.98,12.42
1787067651.8261364,482,any_person,position,held,True,1,True,True,True,8,0.0687,53.79,0.0,0.0,21.89,0.0,0.0,76.68,12.42
1787067651.9036803,483,any_person,position,held,True,1,True,True,True,8,0.0687,48.88,0.0,0.0,25.02,0.0,0.0,74.9,12.42
1787067651.988902,484,any_person,position,held,True,1,True,True,True,8,0.0687,46.22,0.0,0.0,21.71,0.0,1.0,68.94,12.42
1787067652.06791,485,any_person,position,held,True,1,True,True,True,8,0.0687,46.5,0.0,0.0,22.0,0.0,1.0,69.5,12.42
1787067652.1407125,486,any_person,position,held,True,1,False,True,False,0,0.0,43.08,0.0,0.0,20.73,0.0,0.0,64.8,12.42
1787067652.2197351,487,any_person,position,held,True,1,False,True,False,0,0.0,44.0,0.0,0.0,21.02,0.0,0.0,66.02,12.42
1787067652.2908268,488,any_person,position,held,True,1,False,True,False,0,0.0,45.53,0.0,0.0,21.06,0.0,1.0,67.59,12.42
1787067652.362344,489,any_person,position,held,True,1,False,True,False,0,0.0,46.52,0.0,0.0,21.0,0.0,1.0,68.52,12.94
1787067652.4462821,490,any_person,position,held,True,1,False,True,False,0,0.0,49.73,0.0,0.0,22.41,0.0,1.0,73.14,12.94
1787067652.531991,491,any_person,position,held,True,1,False,True,False,0,0.0,44.56,0.0,0.0,22.51,0.0,1.0,68.07,12.94
1787067652.607765,492,any_person,position,held,True,1,False,True,False,0,0.0,45.86,0.0,0.0,19.91,0.0,1.0,66.77,12.94
1787067652.6889803,493,any_person,position,held,True,1,False,True,False,0,0.0,47.48,0.0,0.0,23.22,0.0,0.0,71.7,12.94
1787067652.769237,494,any_person,position,held,True,1,False,True,False,0,0.0,47.59,0.0,0.0,24.67,1.0,0.0,74.26,12.94
1787067652.8410466,495,any_person,position,held,True,1,False,True,False,0,0.0,47.3,0.0,0.0,20.51,0.0,1.0,68.81,12.94
1787067652.920927,496,any_person,position,held,True,1,False,True,False,0,0.0,46.5,0.0,0.0,23.37,0.0,1.01,70.88,12.94
1787067652.9964728,497,any_person,position,held,True,1,False,True,False,0,0.0,46.0,0.0,0.0,21.03,0.0,1.0,68.03,12.94
1787067653.0804238,498,any_person,position,held,True,1,False,True,False,0,0.0,48.7,0.0,0.0,24.41,0.0,1.83,74.95,12.94
1787067653.1715176,499,any_person,position,held,True,1,False,True,False,0,0.0,47.68,0.0,0.0,24.93,0.0,1.01,73.63,12.94
1787067653.2421288,500,any_person,position,held,True,1,False,True,False,0,0.0,45.58,0.0,0.0,20.03,0.0,1.0,66.62,12.94
1787067653.3209612,501,any_person,position,held,True,1,False,True,False,0,0.0,46.0,0.0,0.0,21.47,0.0,1.0,68.47,12.94
1787067653.395634,502,any_person,position,held,True,1,False,True,False,0,0.0121,45.4,0.0,0.0,20.77,0.0,0.0,67.17,12.58
1787067653.4754157,503,any_person,position,held,True,1,False,True,False,1,0.0121,46.6,0.0,0.0,21.81,0.0,1.0,69.42,12.58
1787067653.5501807,504,any_person,position,held,True,1,False,True,False,1,0.0121,47.59,0.0,0.0,22.18,0.0,0.0,70.77,12.58
1787067653.629587,505,any_person,position,held,True,1,False,True,False,1,0.0284,47.59,0.0,0.0,19.82,0.0,1.0,68.41,12.58
1787067653.7000332,506,any_person,position,held,True,1,False,True,False,1,0.0644,44.74,0.0,0.0,20.71,0.0,1.0,66.44,12.58
1787067653.7868564,507,any_person,position,held,True,1,False,True,False,1,0.1187,45.5,0.0,0.0,22.31,1.0,0.0,69.81,12.58
1787067653.8644881,508,any_person,position,held,True,1,False,True,False,1,0.1807,47.31,0.0,0.0,21.33,0.0,1.0,70.63,12.58
1787067653.9408937,509,any_person,position,held,True,1,False,True,False,1,0.1844,46.51,0.0,0.0,21.89,0.0,1.0,69.4,12.58
1787067654.019235,510,any_person,position,held,True,1,False,True,False,2,0.1844,46.51,0.0,0.0,22.83,0.0,0.0,70.34,12.58
1787067654.0954847,511,any_person,position,held,True,1,True,True,True,3,0.1844,49.35,0.0,0.0,22.9,0.0,1.0,73.25,12.58
1787067654.1746337,512,any_person,position,held,True,1,True,True,True,4,0.1844,44.52,0.0,0.0,21.63,1.01,0.0,68.15,12.58
1787067654.2491586,513,any_person,position,held,True,1,True,True,True,4,0.1844,48.4,0.0,0.0,22.12,0.0,1.01,71.53,12.58
1787067654.3366997,514,any_person,position,held,True,1,True,True,True,5,0.1844,50.52,0.0,0.0,23.01,0.0,1.0,74.53,12.58
1787067654.4219954,515,any_person,position,held,True,1,True,True,True,6,0.1844,44.29,0.0,0.0,22.01,0.0,0.0,67.29,12.67
1787067654.502205,516,any_person,position,held,True,1,True,True,True,7,0.1844,47.06,0.0,0.0,21.85,0.0,1.0,69.91,12.67
1787067654.581023,517,any_person,position,held,True,1,True,True,True,7,0.1844,45.61,0.0,0.0,23.21,1.0,0.0,70.82,12.67
1787067654.6644123,518,any_person,position,held,True,1,True,True,True,7,0.1844,50.52,0.0,0.0,22.86,0.0,1.01,74.39,12.67
1787067654.735571,519,any_person,position,held,True,1,True,True,True,7,0.1844,45.71,0.0,0.0,21.78,0.0,1.0,68.49,12.67
1787067654.8111606,520,any_person,position,held,True,1,True,True,True,8,0.1844,45.52,0.0,0.0,21.07,0.0,1.0,67.59,12.67
1787067654.88991,521,any_person,position,held,True,1,True,True,True,7,0.1844,45.65,0.0,0.0,22.1,0.0,1.0,68.75,12.67
1787067654.9709084,522,any_person,position,held,True,1,True,True,True,8,0.1829,45.81,0.0,0.0,24.19,0.0,1.0,71.0,12.67
1787067655.0530796,523,any_person,position,held,True,1,True,True,True,9,0.1779,51.65,0.0,0.0,22.51,0.0,1.01,75.17,12.67
1787067655.1270735,524,any_person,position,held,True,1,True,True,True,10,0.156,46.0,0.0,0.0,22.48,1.51,0.0,70.99,12.67
1787067655.2048368,525,any_person,position,held,True,1,True,True,True,11,0.12,46.0,0.0,0.0,22.76,0.0,1.0,69.76,12.67
1787067655.2793527,526,any_person,position,held,True,1,True,True,True,11,0.0657,44.36,0.0,0.0,21.48,1.17,0.51,67.51,12.67
1787067655.3562605,527,any_person,position,held,True,1,False,True,False,11,0.0171,48.34,0.0,0.0,24.4,0.0,1.0,73.74,12.67
1787067655.4339118,528,any_person,position,held,True,1,False,True,False,11,0.0171,49.52,0.0,0.0,24.12,0.0,1.01,74.65,12.85
1787067655.5201998,529,any_person,position,held,True,1,False,True,False,10,0.0261,51.77,0.0,0.0,22.51,0.0,1.01,75.29,12.85
1787067655.595067,530,any_person,position,held,True,1,False,True,False,10,0.0261,49.35,0.0,0.0,20.52,0.0,1.0,70.87,12.85
1787067655.6684663,531,any_person,position,held,True,1,False,True,False,10,0.0261,44.23,0.0,0.0,21.91,0.0,1.26,67.4,12.85
1787067655.7514634,532,any_person,position,held,True,1,False,True,False,10,0.0261,48.33,0.0,0.0,22.24,0.0,1.0,71.57,12.85
1787067655.8219829,533,any_person,position,held,True,1,False,True,False,10,0.0261,44.52,0.0,0.0,19.01,0.0,1.0,64.52,12.85
1787067655.8945367,534,any_person,position,held,True,1,False,True,False,10,0.0261,45.04,0.0,0.0,23.51,0.0,1.0,69.55,12.85
1787067655.969149,535,any_person,position,held,True,1,False,True,False,10,0.0261,45.33,0.0,0.0,22.27,0.0,1.01,68.61,12.85
1787067656.043588,536,any_person,position,held,True,1,False,True,False,10,0.0261,46.55,0.0,0.0,23.88,0.0,1.0,71.44,12.85
1787067656.130377,537,any_person,position,held,True,1,False,True,False,10,0.0261,48.12,0.0,0.0,23.17,0.0,0.0,72.28,12.85
1787067656.2035093,538,any_person,position,held,True,1,False,True,False,10,0.0261,48.0,0.0,0.0,21.0,0.0,1.0,70.0,12.85
1787067656.286654,539,any_person,position,held,True,1,False,True,False,10,0.0261,48.88,0.0,0.0,23.27,0.0,1.0,73.14,12.85
1787067656.359166,540,any_person,position,held,True,1,False,True,False,10,0.0261,46.51,0.0,0.0,20.0,0.0,1.0,67.51,12.85
1787067656.431968,541,any_person,position,held,True,1,True,True,True,10,0.4957,41.29,0.0,0.0,19.51,0.0,1.0,61.8,12.85
1787067656.5074904,542,any_person,position,held,True,1,True,True,True,9,0.5048,46.52,0.0,0.0,24.0,0.0,1.0,71.52,13.04
1787067656.6146903,543,any_person,position,held,True,1,True,True,True,9,0.5048,49.3,0.0,0.0,22.99,0.0,1.4,73.68,13.04
1787067656.68988,544,any_person,position,held,True,1,True,True,True,8,0.5048,48.24,0.0,0.0,22.02,0.0,1.0,71.26,13.04
1787067656.7625678,545,any_person,position,held,True,1,True,True,True,8,0.5048,44.79,0.0,0.0,21.39,0.0,1.0,67.18,13.04
1787067656.841201,546,any_person,position,held,True,1,True,True,True,8,0.5048,46.42,0.0,0.0,21.23,0.0,0.99,68.64,13.04
1787067656.9188182,547,any_person,position,held,True,1,True,True,True,8,0.5048,45.61,0.0,0.0,21.01,0.0,1.0,67.61,13.04
1787067656.9981065,548,any_person,position,held,True,1,True,True,True,7,0.5048,48.51,0.0,0.0,20.77,0.0,0.0,70.28,13.04
1787067657.0782025,549,any_person,position,held,True,1,True,True,True,8,0.5048,48.58,0.0,0.0,21.51,1.0,0.0,72.09,13.04
1787067657.1523533,550,any_person,position,held,True,1,True,True,True,8,0.5048,45.85,0.0,0.0,21.3,0.0,1.0,68.15,13.04
1787067657.2345774,551,any_person,position,held,True,1,True,True,True,7,0.5048,48.01,0.0,0.0,23.2,0.0,1.01,72.22,13.04
1787067657.313743,552,any_person,position,held,True,1,True,True,True,6,0.5048,48.04,0.0,0.0,22.12,1.0,0.0,72.16,13.04
1787067657.391532,553,any_person,position,held,True,1,True,True,True,5,0.5048,46.52,0.0,0.0,24.27,0.0,1.0,71.79,13.04
1787067657.4692347,554,any_person,position,held,True,1,True,True,True,6,0.5048,48.49,0.0,0.0,22.22,0.0,1.0,71.7,13.04
1787067657.543523,555,any_person,position,held,True,1,True,True,True,6,0.5048,46.0,0.0,0.0,24.28,0.0,0.0,71.29,12.55
1787067657.6227803,556,any_person,position,held,True,1,True,True,True,5,0.5048,46.03,0.0,0.0,21.23,0.0,1.0,69.26,12.55
1787067657.7034822,557,any_person,position,held,True,1,True,True,True,5,0.5048,49.25,0.0,0.0,23.43,0.0,0.51,73.19,12.55
1787067657.7771573,558,any_person,position,held,True,1,True,True,True,4,0.5048,46.08,0.0,0.0,22.14,0.0,1.0,69.22,12.55
1787067657.8590357,559,any_person,position,held,True,1,True,True,True,5,0.4911,52.08,0.0,0.0,24.72,0.0,1.0,77.81,12.55
1787067657.935616,560,any_person,position,held,True,1,True,True,True,6,0.0744,49.13,0.0,0.0,23.41,0.0,0.52,73.58,12.55
1787067658.005662,561,any_person,position,held,True,1,True,True,True,6,0.0744,45.64,0.0,0.0,21.0,0.0,0.0,66.65,12.55
1787067658.0878246,562,any_person,position,held,True,1,True,True,True,6,0.0744,46.81,0.0,0.0,23.07,0.0,1.0,70.88,12.55
1787067658.1663482,563,any_person,position,held,True,1,True,True,True,6,0.0744,46.52,0.0,0.0,23.0,0.0,1.0,70.52,12.55
1787067658.2443578,564,any_person,position,held,True,1,True,True,True,6,0.0744,45.13,0.0,0.0,22.54,0.0,1.33,70.01,12.55
1787067658.3227887,565,any_person,position,held,True,1,True,True,True,6,0.0744,49.43,0.0,0.0,25.01,0.0,1.0,75.43,12.55
1787067658.398005,566,any_person,position,held,True,1,True,True,True,6,0.0744,48.21,0.0,0.0,23.0,0.0,1.0,72.22,12.55
1787067658.480694,567,any_person,position,held,True,1,True,True,True,6,0.0744,48.52,0.0,0.0,22.18,0.0,0.0,71.69,12.55
1787067658.5527093,568,any_person,position,held,True,1,True,True,True,6,0.0744,46.06,0.0,0.0,21.92,0.0,0.5,69.01,12.88
1787067658.6341853,569,any_person,position,held,True,1,True,True,True,6,0.0744,44.9,0.0,0.0,23.04,0.0,0.0,68.95,12.88
1787067658.7095954,570,any_person,position,held,True,1,True,True,True,6,0.0744,45.41,0.0,0.0,21.0,0.0,1.0,67.41,12.88
1787067658.787416,571,any_person,position,held,True,1,False,True,False,0,0.0,44.51,0.0,0.0,22.3,0.0,1.01,67.82,12.88
1787067658.8714552,572,any_person,position,held,True,1,False,True,False,0,0.0,49.52,0.0,0.0,22.3,0.0,1.22,73.04,12.88
1787067658.9517107,573,any_person,position,held,True,1,False,True,False,0,0.0,51.47,0.0,0.0,23.51,0.0,1.0,75.98,12.88
1787067659.041145,574,any_person,position,held,True,1,False,True,False,0,0.0,47.51,0.0,0.0,22.93,0.0,1.0,71.44,12.88
1787067659.1157713,575,any_person,position,held,True,1,False,True,False,0,0.0,47.09,0.0,0.0,21.53,0.0,1.01,69.63,12.88
1787067659.1943452,576,any_person,position,held,True,1,False,True,False,0,0.0,50.21,0.0,0.0,23.36,0.0,1.0,74.56,12.88
1787067659.2657974,577,any_person,position,held,True,1,False,True,False,0,0.0,44.52,0.0,0.0,20.93,0.0,1.01,66.45,12.88
1787067659.338814,578,any_person,position,held,True,1,False,True,False,0,0.0,45.99,0.0,0.0,22.02,0.0,0.0,69.02,12.88
1787067659.4276397,579,any_person,position,held,True,1,False,True,False,0,0.0,48.52,0.0,0.0,22.31,0.0,1.0,71.83,12.88
1787067659.5103426,580,any_person,position,held,True,1,False,True,False,0,0.0,54.51,0.0,0.0,24.18,0.0,1.01,79.7,12.88
1787067659.5966194,581,any_person,position,held,True,1,False,True,False,0,0.0,46.67,0.0,0.0,22.6,0.0,1.0,70.27,12.45
1787067659.6693559,582,any_person,position,held,True,1,False,True,False,0,0.0,46.41,0.0,0.0,21.32,0.0,1.01,68.74,12.45
1787067659.7488992,583,any_person,position,held,True,1,False,True,False,0,0.0,45.64,0.0,0.0,21.78,0.0,1.0,68.41,12.45
1787067659.8235185,584,any_person,position,held,True,1,False,True,False,0,0.0,43.28,0.0,0.0,22.35,0.0,1.0,66.62,12.45
1787067659.8921459,585,any_person,position,held,True,1,False,True,False,0,0.0,44.51,0.0,0.0,18.94,0.0,1.18,64.63,12.45
1787067659.978568,586,any_person,position,held,True,1,False,True,False,0,0.0,46.52,0.0,0.0,21.25,0.0,1.0,68.78,12.45
1787067660.0599058,587,any_person,position,held,True,1,False,True,False,0,0.0,49.58,0.0,0.0,21.76,0.0,1.0,72.34,12.45
1787067660.1399412,588,any_person,position,held,True,1,False,True,False,0,0.0,50.52,0.0,0.0,23.52,0.0,1.0,75.04,12.45
1787067660.226753,589,any_person,position,held,True,1,False,True,False,0,0.0,45.0,0.0,0.0,21.81,1.0,0.0,68.81,12.45
1787067660.3065798,590,any_person,position,held,True,1,False,True,False,0,0.0,47.75,0.0,0.0,21.57,0.0,1.0,70.32,12.45
1787067660.3771007,591,any_person,position,held,True,1,False,True,False,0,0.0,45.52,0.0,0.0,21.0,0.0,1.0,67.52,12.45
1787067660.457909,592,any_person,position,held,True,1,False,True,False,0,0.0,44.51,0.0,0.0,19.3,0.0,1.0,64.81,12.45
1787067660.5456886,593,any_person,position,held,True,1,False,True,False,0,0.0,48.87,0.0,0.0,24.91,0.0,1.0,74.78,12.45
1787067660.62395,594,any_person,position,held,True,1,False,True,False,0,0.0028,52.14,0.0,0.0,21.79,0.0,1.32,75.26,12.65
1787067660.7164733,595,any_person,position,held,True,1,False,True,False,1,0.0047,51.58,0.0,0.0,22.43,0.0,0.0,75.01,12.65
1787067660.801674,596,any_person,position,held,True,1,False,True,False,1,0.0096,45.02,0.0,0.0,21.26,0.0,0.0,67.28,12.65
1787067660.871968,597,any_person,position,held,True,1,False,True,False,1,0.0101,45.51,0.0,0.0,20.78,0.0,1.0,67.29,12.65
1787067660.9439015,598,any_person,position,held,True,1,False,True,False,2,0.0101,46.42,0.0,0.0,21.51,0.0,0.0,68.94,12.65
1787067661.0169253,599,any_person,position,held,True,1,False,True,False,3,0.0101,47.37,0.0,0.0,21.13,0.0,1.52,70.02,12.65
1787067661.1003919,600,any_person,position,held,True,1,False,True,False,4,0.0232,45.01,0.0,0.0,20.52,1.0,0.0,67.53,12.65
1787067661.1684484,601,any_person,position,held,True,1,False,True,False,4,0.0336,43.1,0.0,0.0,20.95,0.0,1.01,65.06,12.65
1787067661.246494,602,any_person,position,held,True,1,False,True,False,5,0.0336,48.0,0.0,0.0,25.0,0.0,1.0,74.0,12.65
1787067661.3216836,603,any_person,position,held,True,1,False,True,False,6,0.0336,48.03,0.0,0.0,23.17,0.0,1.0,72.19,12.65
1787067661.4019547,604,any_person,position,held,True,1,False,True,False,7,0.0336,49.52,0.0,0.0,23.75,0.0,1.0,74.27,12.65
1787067661.4891052,605,any_person,position,held,True,1,False,True,False,7,0.0336,45.51,0.0,0.0,22.64,0.0,1.0,69.15,12.65
1787067661.566311,606,any_person,position,held,True,1,False,True,False,7,0.0395,44.02,0.0,0.0,23.18,0.0,1.0,68.2,12.65
1787067661.6476393,607,any_person,position,held,True,1,False,True,False,8,0.0395,47.82,0.0,0.0,22.51,0.0,1.0,72.33,12.7
1787067661.7259693,608,any_person,position,held,True,1,False,True,False,9,0.0395,51.52,0.0,0.0,21.81,0.0,1.0,74.33,12.7
1787067661.8049698,609,any_person,position,held,True,1,False,True,False,9,0.0424,50.9,0.0,0.0,22.09,0.0,1.01,74.0,12.7
1787067661.8842986,610,any_person,position,held,True,1,False,True,False,10,0.0424,51.08,0.0,0.0,23.24,0.0,1.01,75.33,12.7
1787067661.9632797,611,any_person,position,held,True,1,False,True,False,11,0.0424,50.33,0.0,0.0,24.37,0.0,0.0,75.7,12.7
1787067662.0524168,612,any_person,position,held,True,1,False,True,False,12,0.0424,48.03,0.0,0.0,23.11,0.0,1.0,72.14,12.7
1787067662.1310127,613,any_person,position,held,True,1,False,True,False,12,0.0424,48.0,0.0,0.0,21.59,0.0,1.01,70.6,12.7
1787067662.2075236,614,any_person,position,held,True,1,False,True,False,12,0.0424,46.0,0.0,0.0,22.0,1.0,0.0,70.0,12.7
1787067662.2882094,615,any_person,position,held,True,1,False,True,False,13,0.0424,49.2,0.0,0.0,22.49,0.0,1.0,72.69,12.7
1787067662.3668942,616,any_person,position,held,True,1,False,True,False,12,0.0424,49.33,0.0,0.0,24.36,0.0,1.0,74.69,12.7
1787067662.4474063,617,any_person,position,held,True,1,False,True,False,12,0.0424,52.0,0.0,0.0,23.51,0.0,1.0,76.51,12.7
1787067662.525395,618,any_person,position,held,True,1,False,True,False,11,0.0424,50.56,0.0,0.0,22.43,1.0,0.0,74.99,12.7
1787067662.6190846,619,any_person,position,held,True,1,False,True,False,12,0.0424,49.66,0.0,0.0,24.84,0.0,0.5,76.01,12.7
1787067662.7109785,620,any_person,position,held,True,1,False,True,False,12,0.0424,49.91,0.0,0.0,23.24,0.0,1.0,74.15,12.23
1787067662.8049016,621,any_person,position,held,True,1,False,True,False,11,0.0431,50.64,0.0,0.0,23.8,0.0,0.0,75.44,12.23
1787067662.8921497,622,any_person,position,held,True,1,True,True,True,10,0.0505,46.57,0.0,0.0,23.41,0.0,1.0,70.99,12.23
1787067662.9710302,623,any_person,position,held,True,1,False,True,False,10,0.0445,49.25,0.0,0.0,22.91,0.0,1.14,73.3,12.23
1787067663.0411363,624,any_person,position,held,True,1,False,True,False,10,0.0476,44.62,0.0,0.0,20.48,0.0,1.0,66.1,12.23
1787067663.1220424,625,any_person,position,held,True,1,False,True,False,10,0.0476,46.76,0.0,0.0,22.14,0.0,1.0,69.9,12.23
1787067663.1978571,626,any_person,position,held,True,1,False,True,False,9,0.0476,49.4,0.0,0.0,20.41,1.0,0.0,71.81,12.23
1787067663.2716107,627,any_person,position,held,True,1,False,True,False,9,0.0476,46.95,0.0,0.0,22.8,0.0,1.0,70.75,12.23
1787067663.3486795,628,any_person,position,held,True,1,False,True,False,8,0.0476,41.05,0.0,0.0,21.02,0.0,0.0,63.07,12.23
1787067663.4301999,629,any_person,position,held,True,1,False,True,False,8,0.0476,43.52,0.0,0.0,22.01,0.0,1.0,66.52,12.23
1787067663.5089235,630,any_person,position,held,True,1,False,True,False,7,0.0476,44.09,0.0,0.0,22.12,0.0,1.0,67.22,12.23
1787067663.5970926,631,any_person,position,held,True,1,False,True,False,7,0.0476,49.87,0.0,0.0,24.29,0.0,1.0,76.16,12.23
1787067663.6732686,632,any_person,position,held,True,1,False,True,False,7,0.0353,48.1,0.0,0.0,23.67,0.0,1.0,72.76,12.23
1787067663.7697692,633,any_person,position,held,True,1,False,True,False,7,0.0353,50.72,0.0,0.0,26.11,0.0,0.66,77.99,12.28
1787067663.8639853,634,any_person,position,held,True,1,False,True,False,7,0.0353,51.52,0.0,0.0,25.74,1.0,1.0,79.26,12.28
1787067663.9522352,635,any_person,position,held,True,1,False,True,False,6,0.0353,49.55,0.0,0.0,22.67,0.0,1.0,73.22,12.28
1787067664.0267591,636,any_person,position,held,True,1,False,True,False,7,0.0266,47.11,0.0,0.0,22.41,0.0,1.0,70.52,12.28
1787067664.1033385,637,any_person,position,held,True,1,False,True,False,6,0.0287,45.0,0.0,0.0,22.07,0.0,1.0,68.08,12.28
1787067664.1819735,638,any_person,position,held,True,1,False,True,False,6,0.0287,47.04,0.0,0.0,21.59,0.0,1.0,69.64,12.28
1787067664.2606726,639,any_person,position,held,True,1,False,True,False,7,0.0287,45.52,0.0,0.0,23.18,0.0,1.0,69.7,12.28
1787067664.3366618,640,any_person,position,held,True,1,False,True,False,8,0.0287,46.14,0.0,0.0,20.84,0.0,1.01,67.99,12.28
1787067664.4124732,641,any_person,position,held,True,1,False,True,False,9,0.0287,48.39,0.0,0.0,22.42,0.0,1.0,71.81,12.28
1787067664.49072,642,any_person,position,held,True,1,False,True,False,10,0.0287,44.04,0.0,0.0,22.2,0.0,1.0,67.24,12.28
1787067664.5677443,643,any_person,position,held,True,1,False,True,False,10,0.0287,43.02,0.0,0.0,21.01,1.0,0.0,66.03,12.28
1787067664.6487207,644,any_person,position,held,True,1,False,True,False,11,0.0253,44.23,0.0,0.0,22.75,0.0,1.0,67.97,12.28
1787067664.7253919,645,any_person,position,held,True,1,False,True,False,12,0.0197,47.52,0.0,0.0,19.16,0.0,1.0,67.67,12.28
1787067664.8038385,646,any_person,position,held,True,1,False,True,False,12,0.025,44.93,0.0,0.0,23.51,0.0,1.0,69.45,12.57
1787067664.8787405,647,any_person,position,held,True,1,False,True,False,11,0.047,48.27,0.0,0.0,20.95,0.0,1.52,70.73,12.57
1787067664.9573424,648,any_person,position,held,True,1,True,True,True,11,0.0868,49.61,0.0,0.0,24.41,0.0,0.83,75.85,12.57
1787067665.042477,649,any_person,position,held,True,1,True,True,True,11,0.0868,50.01,0.0,0.0,25.12,0.0,1.01,76.13,12.57
1787067665.1322453,650,any_person,position,held,True,1,True,True,True,11,0.0868,47.52,0.0,0.0,24.17,0.0,1.0,72.69,12.57
1787067665.2083523,651,any_person,position,held,True,1,True,True,True,11,0.0868,47.03,0.0,0.0,24.08,0.0,1.0,72.11,12.57
1787067665.2838778,652,any_person,position,held,True,1,True,True,True,11,0.0868,43.35,0.0,0.0,23.17,0.0,1.0,67.53,12.57
1787067665.3626134,653,any_person,position,held,True,1,True,True,True,11,0.0868,48.52,0.0,0.0,21.21,0.0,1.0,70.74,12.57
1787067665.4382396,654,any_person,position,held,True,1,True,True,True,11,0.0868,46.3,0.0,0.0,22.33,0.0,1.0,69.63,12.57
1787067665.5075676,655,any_person,position,held,True,1,True,True,True,11,0.0868,44.33,0.0,0.0,21.0,0.0,0.0,66.33,12.57
1787067665.5888414,656,any_person,position,held,True,1,True,True,True,11,0.0868,42.53,0.0,0.0,21.75,0.0,1.0,65.27,12.57
1787067665.6657221,657,any_person,position,held,True,1,True,True,True,11,0.0868,42.93,0.0,0.0,21.44,0.0,0.0,64.37,12.57
1787067665.7471876,658,any_person,position,held,True,1,True,True,True,11,0.0868,44.01,0.0,0.0,22.15,0.0,0.5,66.66,12.57
1787067665.8190792,659,any_person,position,held,True,1,False,True,False,0,0.0,47.38,0.0,0.0,21.0,0.0,1.0,69.38,12.8
1787067665.892857,660,any_person,position,held,True,1,False,True,False,0,0.0,45.51,0.0,0.0,22.26,0.0,1.0,68.77,12.8
1787067665.982931,661,any_person,position,held,True,1,False,True,False,0,0.0,47.63,0.0,0.0,24.52,0.0,1.01,73.15,12.8
1787067666.0565631,662,any_person,position,held,True,1,False,True,False,0,0.0,46.96,0.0,0.0,21.68,0.0,1.0,69.63,12.8
1787067666.1419997,663,any_person,position,held,True,1,False,True,False,0,0.0,51.09,0.0,0.0,25.95,0.0,1.4,78.44,12.8
1787067666.2314413,664,any_person,position,held,True,1,False,True,False,0,0.0,47.9,0.0,0.0,24.06,0.0,1.0,73.96,12.8
1787067666.3084714,665,any_person,position,held,True,1,False,True,False,0,0.0,51.03,0.0,0.0,21.0,0.0,1.0,73.03,12.8
1787067666.3847656,666,any_person,position,held,True,1,False,True,False,0,0.0,47.38,0.0,0.0,21.53,0.0,1.0,70.91,12.8
1787067666.4579806,667,any_person,position,held,True,1,False,True,False,0,0.0,47.52,0.0,0.0,21.7,0.0,1.0,70.21,12.8
1787067666.5320072,668,any_person,position,held,True,1,False,True,False,0,0.0,44.02,0.0,0.0,21.01,0.0,1.0,66.03,12.8
1787067666.6102903,669,any_person,position,held,True,1,False,True,False,0,0.0,45.61,0.0,0.0,21.17,0.0,1.0,67.78,12.8
1787067666.687719,670,any_person,position,held,True,1,False,True,False,0,0.0,44.83,0.0,0.0,20.6,0.0,1.0,66.43,12.8
1787067666.758756,671,any_person,position,held,True,1,False,True,False,0,0.0,44.01,0.0,0.0,22.03,0.0,1.0,67.04,12.8
1787067666.8309276,672,any_person,position,held,True,1,False,True,False,0,0.0,45.03,0.0,0.0,23.11,0.0,0.0,69.17,12.85
1787067666.9045322,673,any_person,position,held,True,1,False,True,False,0,0.0165,46.43,0.0,0.0,21.9,0.0,1.0,69.33,12.85
1787067666.9882326,674,any_person,position,held,True,1,False,True,False,0,0.0338,50.09,0.0,0.0,21.15,0.0,1.0,72.24,12.85
1787067667.059605,675,any_person,position,held,True,1,False,True,False,0,0.058,44.86,0.0,0.0,22.51,0.0,0.0,68.37,12.85
1787067667.1356091,676,any_person,position,held,True,1,False,True,False,1,0.058,51.0,0.0,0.0,21.01,0.0,1.0,73.0,12.85
1787067667.2098055,677,any_person,position,held,True,1,False,True,False,2,0.058,48.01,0.0,0.0,21.68,0.0,1.0,70.69,12.85
1787067667.2865841,678,any_person,position,held,True,1,False,True,False,2,0.0626,47.52,0.0,0.0,21.26,1.0,0.0,70.78,12.85
1787067667.3666985,679,any_person,position,held,True,1,False,True,False,2,0.0646,48.32,0.0,0.0,24.79,0.0,1.0,74.11,12.85
1787067667.45922,680,any_person,position,held,True,1,True,True,True,3,0.0646,49.52,0.0,0.0,23.07,0.0,1.0,73.59,12.85
1787067667.5333517,681,any_person,position,held,True,1,True,True,True,4,0.0646,46.13,0.0,0.0,22.0,0.0,0.0,69.13,12.85
1787067667.6032758,682,any_person,position,held,True,1,True,True,True,4,0.0646,44.52,0.0,0.0,21.67,0.0,0.74,66.92,12.85
1787067667.6916177,683,any_person,position,held,True,1,True,True,True,4,0.0786,49.24,0.0,0.0,23.03,0.0,1.0,73.27,12.85
1787067667.7671378,684,any_person,position,held,True,1,True,True,True,5,0.0786,47.52,0.0,0.0,21.0,0.0,1.0,69.52,12.85
1787067667.8476079,685,any_person,position,held,True,1,True,True,True,5,0.0786,47.52,0.0,0.0,22.96,0.0,1.0,72.47,12.79
1787067667.921962,686,any_person,position,held,True,1,True,True,True,5,0.0786,46.52,0.0,0.0,22.83,0.0,1.0,70.35,12.79
1787067668.0010705,687,any_person,position,held,True,1,True,True,True,6,0.0786,50.6,0.0,0.0,21.0,0.0,1.0,72.6,12.79
1787067668.073715,688,any_person,position,held,True,1,True,True,True,6,0.0786,45.14,0.0,0.0,22.51,0.0,0.0,68.64,12.79
1787067668.1559334,689,any_person,position,held,True,1,True,True,True,7,0.0786,45.17,0.0,0.0,23.05,0.0,1.0,69.22,12.79
1787067668.2363684,690,any_person,position,held,True,1,True,True,True,8,0.0786,46.13,0.0,0.0,22.53,0.0,1.0,70.66,12.79
1787067668.3228168,691,any_person,position,held,True,1,True,True,True,8,0.0786,54.72,0.0,0.0,23.22,0.0,0.0,78.94,12.79
1787067668.4019914,692,any_person,position,held,True,1,True,True,True,9,0.062,44.27,0.0,0.0,21.36,0.0,1.0,66.63,12.79
1787067668.4769442,693,any_person,position,held,True,1,False,True,False,9,0.0447,45.37,0.0,0.0,25.41,0.0,0.5,71.95,12.79
1787067668.555915,694,any_person,position,held,True,1,False,True,False,9,0.0246,50.54,0.0,0.0,23.14,1.0,0.0,75.68,12.79
1787067668.6459703,695,any_person,position,held,True,1,False,True,False,9,0.0246,51.43,0.0,0.0,23.62,0.0,1.0,76.06,12.79
1787067668.7321541,696,any_person,position,held,True,1,False,True,False,10,0.0235,45.52,0.0,0.0,21.16,0.0,1.0,67.68,12.79
1787067668.8031924,697,any_person,position,held,True,1,False,True,False,11,0.0258,45.52,0.0,0.0,20.52,0.0,1.0,67.04,12.79
1787067668.8860078,698,any_person,position,held,True,1,False,True,False,10,0.0305,42.39,0.0,0.0,20.43,0.0,1.0,64.82,12.52
1787067668.9651225,699,any_person,position,held,True,1,False,True,False,10,0.0305,45.05,0.0,0.0,22.06,0.0,1.0,68.11,12.52
1787067669.0456622,700,any_person,position,held,True,1,False,True,False,10,0.0305,46.51,0.0,0.0,24.03,0.0,1.0,71.54,12.52
1787067669.1231132,701,any_person,position,held,True,1,False,True,False,11,0.0305,48.0,0.0,0.0,22.45,0.0,1.0,71.45,12.52
1787067669.1936293,702,any_person,position,held,True,1,False,True,False,10,0.0321,46.51,0.0,0.0,20.0,0.0,1.0,67.51,12.52
1787067669.2753057,703,any_person,position,held,True,1,False,True,False,10,0.0332,44.9,0.0,0.0,21.78,1.0,0.0,68.68,12.52
1787067669.3547344,704,any_person,position,held,True,1,False,True,False,11,0.0332,46.61,0.0,0.0,21.82,0.0,1.0,69.42,12.52
1787067669.4359813,705,any_person,position,held,True,1,False,True,False,11,0.0462,49.03,0.0,0.0,25.22,0.0,1.0,75.25,12.52
1787067669.5207858,706,any_person,position,held,True,1,True,True,True,11,0.0534,44.0,0.0,0.0,22.0,0.0,1.0,67.0,12.52
1787067669.5934963,707,any_person,position,held,True,1,True,True,True,10,0.0649,46.52,0.0,0.0,22.22,0.0,0.98,69.71,12.52
1787067669.6794677,708,any_person,position,held,True,1,True,True,True,9,0.0728,45.33,0.0,0.0,25.13,0.0,1.0,71.46,12.52
1787067669.7584927,709,any_person,position,held,True,1,True,True,True,9,0.0767,52.25,0.0,0.0,22.68,0.0,1.0,75.92,12.52
1787067669.8310723,710,any_person,position,held,True,1,True,True,True,8,0.0806,43.98,0.0,0.0,23.61,1.0,0.0,69.58,12.52
1787067669.9076238,711,any_person,position,held,True,1,True,True,True,8,0.0781,45.2,0.0,0.0,21.35,0.0,0.0,67.55,12.72
1787067669.9862337,712,any_person,position,held,True,1,True,True,True,7,0.0788,43.04,0.0,0.0,23.57,0.0,1.0,67.61,12.72
1787067670.0548701,713,any_person,position,held,True,1,True,True,True,7,0.0788,43.69,0.0,0.0,20.95,0.0,1.0,65.64,12.72
1787067670.132032,714,any_person,position,held,True,1,True,True,True,7,0.0744,49.0,0.0,0.0,24.16,0.0,1.0,74.16,12.72
1787067670.2095919,715,any_person,position,held,True,1,True,True,True,6,0.078,49.51,0.0,0.0,22.04,0.0,1.0,72.56,12.72
1787067670.2833302,716,any_person,position,held,True,1,True,True,True,6,0.0761,43.7,0.0,0.0,23.04,0.0,1.0,67.74,12.72
1787067670.360363,717,any_person,position,held,True,1,True,True,True,5,0.0787,44.52,0.0,0.0,22.51,0.0,1.0,68.03,12.72
1787067670.4394035,718,any_person,position,held,True,1,True,True,True,5,0.0789,44.0,0.0,0.0,24.03,1.01,0.0,69.04,12.72
1787067670.517055,719,any_person,position,held,True,1,True,True,True,4,0.0836,46.51,0.0,0.0,22.63,0.0,0.99,70.14,12.72
1787067670.5944228,720,any_person,position,held,True,1,True,True,True,4,0.0898,47.85,0.0,0.0,20.51,0.0,0.0,70.37,12.72
1787067670.6717074,721,any_person,position,held,True,1,True,True,True,5,0.0869,46.55,0.0,0.0,26.22,0.0,0.51,74.28,12.72
1787067670.7539585,722,any_person,position,held,True,1,True,True,True,5,0.0845,50.37,0.0,0.0,21.89,0.0,1.0,73.25,12.72
1787067670.8320024,723,any_person,position,held,True,1,True,True,True,4,0.0872,48.03,0.0,0.0,25.01,0.0,0.0,74.04,12.72
1787067670.9097533,724,any_person,position,held,True,1,True,True,True,4,0.074,50.44,0.0,0.0,22.3,0.0,1.01,74.75,12.97
1787067670.9895637,725,any_person,position,held,True,1,True,True,True,4,0.0671,49.93,0.0,0.0,23.88,0.0,1.0,74.81,12.97
1787067671.0625665,726,any_person,position,held,True,1,True,True,True,4,0.0614,45.98,0.0,0.0,22.03,0.0,1.0,70.0,12.97
1787067671.1391642,727,any_person,position,held,True,1,True,True,True,5,0.0518,42.52,0.0,1.0,22.08,0.0,1.0,66.6,12.97
1787067671.2155323,728,any_person,position,held,True,1,True,True,True,6,0.0544,48.0,0.0,0.0,23.86,0.0,1.0,72.86,12.97
1787067671.3028252,729,any_person,position,held,True,1,True,True,True,7,0.0505,48.03,0.0,0.0,25.26,0.0,1.0,74.29,12.97
1787067671.3760033,730,any_person,position,held,True,1,False,True,False,7,0.0433,45.55,0.0,0.0,23.64,0.0,1.0,70.18,12.97
1787067671.455039,731,any_person,position,held,True,1,False,True,False,6,0.0433,45.53,0.0,0.0,23.51,0.0,0.0,70.04,12.97
1787067671.5315523,732,any_person,position,held,True,1,False,True,False,5,0.0433,46.0,0.0,0.0,22.01,0.0,1.0,69.01,12.97
1787067671.6143394,733,any_person,position,held,True,1,False,True,False,6,0.0421,46.52,0.0,0.0,25.27,0.0,1.0,72.79,12.97
1787067671.6945047,734,any_person,position,held,True,1,False,True,False,6,0.0379,47.73,0.0,0.0,23.44,0.0,1.0,73.17,12.97
1787067671.769872,735,any_person,position,held,True,1,False,True,False,6,0.0337,46.29,0.0,0.0,25.07,0.0,1.0,72.37,12.97
1787067671.8454535,736,any_person,position,held,True,1,False,True,False,6,0.0375,44.58,0.0,0.0,22.99,0.0,1.0,68.58,12.97
1787067671.9405081,737,any_person,position,held,True,1,False,True,False,7,0.0375,70.43,0.0,0.0,20.62,0.0,0.0,92.05,12.61
1787067672.023288,738,any_person,position,held,True,1,False,True,False,8,0.0433,48.92,0.0,0.0,26.31,0.0,1.0,76.22,12.61
1787067672.117514,739,any_person,position,held,True,1,False,True,False,8,0.0433,48.7,0.0,0.0,26.51,0.0,1.0,77.22,12.61
1787067672.1990347,740,any_person,position,held,True,1,False,True,False,8,0.0489,44.53,0.0,0.0,20.98,0.0,1.0,66.52,12.61
1787067672.2830644,741,any_person,position,held,True,1,True,True,True,8,0.0618,44.53,0.0,0.0,26.46,0.0,1.04,72.03,12.61
1787067672.3643198,742,any_person,position,held,True,1,True,True,True,8,0.0676,47.96,0.0,0.0,24.51,1.0,0.0,74.47,12.61
1787067672.4437065,743,any_person,position,held,True,1,True,True,True,8,0.073,49.0,0.0,0.0,25.38,0.0,1.01,75.39,12.61
1787067672.532071,744,any_person,position,held,True,1,True,True,True,9,0.073,46.51,0.0,0.0,23.22,0.0,0.0,70.73,12.61
1787067672.6079526,745,any_person,position,held,True,1,True,True,True,8,0.073,48.02,0.0,0.0,21.86,0.0,0.0,69.88,12.61
1787067672.6784487,746,any_person,position,held,True,1,True,True,True,8,0.073,43.22,0.0,0.0,22.28,0.0,1.0,66.5,12.61
1787067672.7525663,747,any_person,position,held,True,1,True,True,True,8,0.073,47.09,0.0,0.0,22.81,0.0,1.0,70.91,12.61
1787067672.828319,748,any_person,position,held,True,1,True,True,True,9,0.073,47.52,0.0,0.0,24.23,0.0,1.01,72.75,12.61
1787067672.9064004,749,any_person,position,held,True,1,True,True,True,10,0.073,48.54,0.0,0.0,22.18,0.0,0.0,71.72,12.61
1787067672.9847739,750,any_person,position,held,True,1,True,True,True,10,0.073,47.37,0.0,0.0,23.0,0.0,0.0,71.37,12.45
1787067673.0603702,751,any_person,position,held,True,1,True,True,True,10,0.073,45.57,0.0,0.0,22.02,0.0,1.01,68.59,12.45
1787067673.1402564,752,any_person,position,held,True,1,True,True,True,10,0.0669,47.0,0.0,0.0,23.38,0.0,1.0,71.38,12.45
1787067673.224393,753,any_person,position,held,True,1,True,True,True,11,0.0585,50.99,0.0,0.0,25.64,0.0,1.0,77.63,12.45
1787067673.3107002,754,any_person,position,held,True,1,False,True,False,12,0.0474,47.21,0.0,0.0,23.01,0.0,0.0,71.22,12.45
1787067673.3823724,755,any_person,position,held,True,1,False,True,False,12,0.0413,46.03,0.0,0.0,21.0,0.0,1.25,68.67,12.45
1787067673.4720657,756,any_person,position,held,True,1,False,True,False,12,0.0413,49.54,0.0,0.0,25.13,0.0,1.0,75.67,12.45
1787067673.5663242,757,any_person,position,held,True,1,False,True,False,11,0.0427,48.81,0.0,0.0,24.33,0.0,1.0,75.14,12.45
1787067673.65191,758,any_person,position,held,True,1,False,True,False,11,0.0427,44.62,0.0,0.0,21.69,0.0,1.0,68.3,12.45
1787067673.7230778,759,any_person,position,held,True,1,False,True,False,11,0.0427,46.16,0.0,0.0,21.0,0.0,0.0,68.16,12.45
1787067673.8084323,760,any_person,position,held,True,1,False,True,False,11,0.0427,44.51,0.0,0.0,22.84,0.0,0.0,68.35,12.45
1787067673.8909419,761,any_person,position,held,True,1,False,True,False,11,0.0427,47.52,0.0,0.0,23.99,0.0,1.0,73.51,12.45
1787067673.97047,762,any_person,position,held,True,1,False,True,False,11,0.0427,51.03,0.0,0.0,24.15,0.0,1.35,76.53,12.45
1787067674.050627,763,any_person,position,held,True,1,False,True,False,11,0.0427,52.29,0.0,0.0,22.85,1.01,0.0,77.15,12.2
1787067674.1382391,764,any_person,position,held,True,1,False,True,False,11,0.0427,46.51,0.0,0.0,22.3,0.0,1.28,70.61,12.2
1787067674.217313,765,any_person,position,held,True,1,False,True,False,11,0.0427,47.33,0.0,0.0,23.2,0.0,1.0,71.53,12.2
1787067674.2939053,766,any_person,position,held,True,1,False,True,False,11,0.0427,46.78,0.0,0.0,23.82,0.0,1.0,71.59,12.2
1787067674.374476,767,any_person,position,held,True,1,False,True,False,11,0.0427,47.71,0.0,0.0,24.15,0.0,1.2,73.06,12.2
1787067674.449238,768,any_person,position,held,True,1,False,True,False,11,0.0427,48.18,0.0,0.0,21.11,1.47,0.0,70.75,12.2
1787067674.5255883,769,any_person,position,held,True,1,False,True,False,0,0.0,47.16,0.0,0.0,21.18,0.0,1.0,69.33,12.2
1787067674.5984373,770,any_person,position,held,True,1,False,True,False,0,0.0,46.51,0.0,0.0,21.32,1.01,0.0,69.84,12.2
1787067674.6882505,771,any_person,position,held,True,1,False,True,False,0,0.0,52.52,0.0,0.0,23.78,0.0,1.01,77.31,12.2
1787067674.7738051,772,any_person,position,held,True,1,False,True,False,0,0.0,46.77,0.0,0.0,21.0,0.0,1.0,68.77,12.2
1787067674.8538437,773,any_person,position,held,True,1,False,True,False,0,0.0116,47.52,0.0,0.0,22.01,0.0,0.5,70.03,12.2
1787067674.9285889,774,any_person,position,held,True,1,False,True,False,0,0.0251,44.54,0.0,0.0,22.2,0.0,1.0,67.74,12.2
1787067675.0054038,775,any_person,position,held,True,1,False,True,False,1,0.0251,48.53,0.0,0.0,23.79,0.0,1.0,73.31,12.2
1787067675.083036,776,any_person,position,held,True,1,False,True,False,2,0.031,48.49,0.0,0.0,24.15,1.0,0.0,74.63,12.59
1787067675.1702359,777,any_person,position,held,True,1,False,True,False,3,0.031,52.15,0.0,0.0,22.92,0.0,1.0,76.07,12.59
1787067675.247075,778,any_person,position,held,True,1,True,True,True,4,0.0609,49.29,0.0,0.0,22.52,0.0,1.0,72.81,12.59
1787067675.3214529,779,any_person,position,held,True,1,True,True,True,5,0.0609,46.52,0.0,1.0,22.85,0.0,1.01,71.38,12.59
1787067675.3965907,780,any_person,position,held,True,1,True,True,True,6,0.0609,47.13,0.0,0.0,21.0,0.0,1.01,69.13,12.59
1787067675.4791954,781,any_person,position,held,True,1,True,True,True,7,0.0609,48.62,0.0,0.0,23.98,0.0,1.0,73.61,12.59
1787067675.5618048,782,any_person,position,held,True,1,True,True,True,7,0.0609,51.77,0.0,0.0,23.84,0.0,1.0,76.61,12.59
1787067675.647359,783,any_person,position,held,True,1,True,True,True,8,0.0609,45.14,0.0,0.0,23.87,0.0,0.0,70.01,12.59
1787067675.7245092,784,any_person,position,held,True,1,True,True,True,8,0.0609,46.63,0.0,0.0,22.52,0.0,0.0,70.15,12.59
1787067675.8053331,785,any_person,position,held,True,1,True,True,True,9,0.0609,48.2,0.0,0.0,24.5,0.0,1.0,73.7,12.59
1787067675.8829155,786,any_person,position,held,True,1,True,True,True,10,0.0609,49.16,0.0,0.0,22.42,0.0,1.01,73.58,12.59
1787067675.954166,787,any_person,position,held,True,1,True,True,True,10,0.0626,44.85,0.0,0.0,22.4,0.0,1.0,68.25,12.59
1787067676.0340297,788,any_person,position,held,True,1,True,True,True,11,0.0626,45.05,0.0,0.0,23.71,0.0,1.0,69.76,12.59
1787067676.1127665,789,any_person,position,held,True,1,True,True,True,11,0.0626,45.52,0.0,0.0,22.21,1.01,0.0,69.74,12.62
1787067676.1959019,790,any_person,position,held,True,1,True,True,True,12,0.0626,48.52,0.0,0.0,25.62,0.0,1.0,75.14,12.62
1787067676.2877119,791,any_person,position,held,True,1,True,True,True,13,0.0626,48.35,0.0,0.0,23.18,0.0,1.65,73.18,12.62
1787067676.3649595,792,any_person,position,held,True,1,True,True,True,13,0.051,47.65,0.0,0.0,23.58,0.5,0.0,72.74,12.62
1787067676.4394464,793,any_person,position,held,True,1,False,True,False,12,0.0409,46.0,0.0,0.0,22.49,0.0,1.0,69.49,12.62
1787067676.5219858,794,any_person,position,held,True,1,False,True,False,12,0.0409,50.02,0.0,0.0,22.01,1.0,0.0,74.03,12.62
1787067676.59921,795,any_person,position,held,True,1,False,True,False,12,0.0409,48.52,0.0,0.0,22.7,0.0,0.0,72.22,12.62
1787067676.6769688,796,any_person,position,held,True,1,False,True,False,11,0.0409,47.08,0.0,0.0,22.66,1.01,0.0,71.74,12.62
1787067676.752327,797,any_person,position,held,True,1,False,True,False,10,0.0409,45.68,0.0,0.0,21.68,0.0,1.0,69.36,12.62
1787067676.8237991,798,any_person,position,held,True,1,False,True,False,10,0.0409,44.56,0.0,0.0,21.46,1.44,0.0,68.47,12.62
1787067676.908797,799,any_person,position,held,True,1,False,True,False,9,0.0409,47.07,0.0,0.0,22.84,1.01,0.0,71.91,12.62
1787067676.9886215,800,any_person,position,held,True,1,False,True,False,10,0.0409,49.04,0.0,0.0,25.46,0.0,0.0,74.49,12.62
1787067677.064726,801,any_person,position,held,True,1,False,True,False,9,0.0409,48.61,0.0,0.0,21.95,0.0,1.0,71.56,12.62
1787067677.1375573,802,any_person,position,held,True,1,False,True,False,10,0.0318,44.09,0.0,0.0,22.71,0.0,1.0,67.8,12.69
1787067677.2222922,803,any_person,position,held,True,1,True,True,True,10,0.0747,50.07,0.0,0.0,22.16,0.0,1.0,74.23,12.69
1787067677.3043878,804,any_person,position,held,True,1,True,True,True,10,0.0747,52.44,0.0,0.0,24.65,0.0,1.0,78.1,12.69
1787067677.3912046,805,any_person,position,held,True,1,True,True,True,10,0.0747,48.02,0.0,1.0,22.55,0.0,1.0,72.57,12.69
1787067677.4676018,806,any_person,position,held,True,1,True,True,True,10,0.0747,48.59,0.0,0.0,23.31,0.0,0.5,72.4,12.69
1787067677.5477846,807,any_person,position,held,True,1,True,True,True,10,0.0747,48.67,0.0,0.0,23.51,0.0,0.0,73.18,12.69
1787067677.622137,808,any_person,position,held,True,1,True,True,True,10,0.0747,46.49,0.0,0.0,22.86,0.0,1.0,70.35,12.69
1787067677.6948106,809,any_person,position,held,True,1,True,True,True,10,0.0747,43.99,0.0,0.0,21.69,0.0,1.0,66.68,12.69
1787067677.774233,810,any_person,position,held,True,1,True,True,True,10,0.0747,51.39,0.0,0.0,24.03,0.0,1.01,76.42,12.69
1787067677.8539486,811,any_person,position,held,True,1,True,True,True,10,0.0747,48.2,0.0,0.0,20.51,1.0,0.0,70.71,12.69
1787067677.9265482,812,any_person,position,held,True,1,True,True,True,10,0.0747,46.01,0.0,0.0,21.59,1.0,0.0,69.6,12.69
1787067678.0069582,813,any_person,position,held,True,1,True,True,True,10,0.0747,43.98,0.0,0.0,21.91,0.0,1.0,66.89,12.69
1787067678.0886576,814,any_person,position,held,True,1,False,True,False,0,0.0,47.51,0.0,0.0,23.18,0.0,0.0,71.7,12.69
1787067678.1657636,815,any_person,position,held,True,1,False,True,False,0,0.0,47.09,0.0,0.0,22.02,0.0,0.0,70.11,12.64
1787067678.2417293,816,any_person,position,held,True,1,False,True,False,0,0.116,46.41,0.0,0.0,21.55,0.0,1.0,68.97,12.64
1787067678.3197937,817,any_person,position,held,True,1,False,True,False,1,0.116,47.0,0.0,0.0,21.93,0.0,1.0,69.94,12.64
1787067678.395377,818,any_person,position,held,True,1,False,True,False,1,0.116,45.51,0.0,0.0,20.96,0.0,1.0,68.47,12.64
1787067678.4768815,819,any_person,position,held,True,1,False,True,False,1,0.116,46.28,0.0,0.0,24.22,0.0,1.0,72.5,12.64
1787067678.5564811,820,any_person,position,held,True,1,False,True,False,1,0.116,49.52,0.0,0.0,23.08,0.0,0.0,73.6,12.64
1787067678.6326902,821,any_person,position,held,True,1,False,True,False,2,0.116,48.19,0.0,0.0,21.01,0.0,1.01,70.21,12.64
1787067678.70974,822,any_person,position,held,True,1,False,True,False,2,0.116,46.05,0.0,0.0,21.72,0.0,0.0,68.77,12.64
1787067678.786446,823,any_person,position,held,True,1,False,True,False,2,0.1342,44.49,0.0,0.0,22.21,0.0,0.0,67.71,12.64
1787067678.874622,824,any_person,position,held,True,1,True,True,True,3,0.1342,54.27,0.0,0.0,23.41,0.0,1.0,78.67,12.64
1787067678.9539835,825,any_person,position,held,True,1,True,True,True,3,0.1342,42.39,0.0,0.0,20.97,0.0,0.0,64.36,12.64
1787067679.0376937,826,any_person,position,held,True,1,True,True,True,3,0.1342,45.01,0.0,0.0,23.71,0.0,1.0,70.71,12.64
1787067679.1087286,827,any_person,position,held,True,1,True,True,True,3,0.1342,47.03,0.0,0.0,20.0,0.0,1.0,68.03,12.64
1787067679.1950352,828,any_person,position,held,True,1,True,True,True,3,0.6435,44.52,0.0,0.0,25.28,0.0,1.0,70.8,12.63
1787067679.2744246,829,any_person,position,held,True,1,True,True,True,3,0.6435,50.51,0.0,0.0,22.88,0.0,1.0,74.39,12.63
1787067679.350171,830,any_person,position,held,True,1,True,True,True,3,0.6435,46.04,0.0,0.0,22.71,0.0,1.0,69.75,12.63
1787067679.4261425,831,any_person,position,held,True,1,True,True,True,3,0.6575,45.0,0.0,0.0,21.98,0.0,0.99,67.97,12.63
1787067679.5077,832,any_person,position,held,True,1,True,True,True,4,0.6575,47.51,0.0,0.0,23.04,0.0,1.0,71.55,12.63
1787067679.5818596,833,any_person,position,held,True,1,True,True,True,4,0.6575,45.79,0.0,0.0,24.36,0.0,1.0,71.15,12.63
1787067679.6597643,834,any_person,position,held,True,1,True,True,True,5,0.6575,50.06,0.0,0.0,23.84,0.0,0.0,74.91,12.63
1787067679.7384713,835,any_person,position,held,True,1,True,True,True,5,0.6583,45.53,0.0,0.0,23.18,0.0,1.0,70.71,12.63
1787067679.811749,836,any_person,position,held,True,1,True,True,True,5,0.7,43.92,0.0,0.0,21.36,0.0,0.0,66.28,12.63
1787067679.8902576,837,any_person,position,held,True,1,True,True,True,6,0.7269,44.52,0.0,0.0,21.99,0.0,1.0,67.51,12.63
1787067679.9746852,838,any_person,position,held,True,1,True,True,True,7,0.7589,48.42,0.0,0.0,22.75,0.0,1.0,72.17,12.63
1787067680.0480685,839,any_person,position,held,True,1,True,True,True,8,0.7589,46.02,0.0,0.0,21.52,0.0,0.5,68.05,12.63
1787067680.1260293,840,any_person,position,held,True,1,True,True,True,8,0.7827,48.0,0.0,0.0,24.56,0.0,1.0,73.56,12.63
1787067680.2091277,841,any_person,position,held,True,1,True,True,True,8,0.7827,46.51,0.0,0.0,24.07,0.0,0.0,71.59,12.82
1787067680.2853491,842,any_person,position,held,True,1,True,True,True,8,0.7827,47.57,0.0,0.0,24.27,0.73,0.65,73.22,12.82
1787067680.3677137,843,any_person,position,held,True,1,True,True,True,9,0.7827,55.76,0.0,0.0,22.53,0.0,1.0,79.29,12.82
1787067680.4407716,844,any_person,position,held,True,1,True,True,True,9,0.8099,47.0,0.0,0.0,21.06,0.0,1.0,69.06,12.82
1787067680.5172467,845,any_person,position,held,True,1,True,True,True,10,0.8538,44.03,0.0,0.0,21.93,0.0,1.01,66.97,12.82
1787067680.598791,846,any_person,position,held,True,1,True,True,True,11,0.8538,46.03,0.0,0.0,22.51,0.0,1.0,69.55,12.82
1787067680.6785674,847,any_person,position,held,True,1,True,True,True,11,0.8538,47.52,0.0,0.0,22.26,0.0,1.0,70.78,12.82
1787067680.7597985,848,any_person,position,held,True,1,True,True,True,11,0.8538,48.37,0.0,0.0,25.86,0.0,1.01,75.23,12.82
1787067680.837966,849,any_person,position,held,True,1,True,True,True,11,0.8538,49.39,0.0,0.0,24.56,0.0,1.0,74.94,12.82
1787067680.9223125,850,any_person,position,held,True,1,True,True,True,11,0.8538,44.0,0.0,0.0,21.52,0.0,1.01,66.53,12.82
1787067681.0020077,851,any_person,position,held,True,1,True,True,True,12,0.8538,44.56,0.0,0.0,23.12,0.0,0.0,68.69,12.82
1787067681.0839574,852,any_person,position,held,True,1,True,True,True,12,0.8538,47.95,0.0,0.0,23.0,0.0,1.0,71.95,12.82
1787067681.1597822,853,any_person,position,held,True,1,True,True,True,12,0.8538,44.24,0.0,0.0,22.59,1.0,0.0,68.83,12.82
1787067681.2397885,854,any_person,position,held,True,1,True,True,True,13,0.8538,48.0,0.0,0.0,22.01,0.0,1.0,71.01,12.61
1787067681.3164096,855,any_person,position,held,True,1,True,True,True,13,0.8538,45.56,0.0,0.0,21.06,0.0,1.0,67.62,12.61
1787067681.3963213,856,any_person,position,held,True,1,True,True,True,12,0.8538,45.04,0.0,0.0,24.63,0.0,1.0,70.66,12.61
1787067681.4755256,857,any_person,position,held,True,1,True,True,True,12,0.8538,49.51,0.0,0.0,22.69,0.0,0.0,73.2,12.61
1787067681.5495262,858,any_person,position,held,True,1,True,True,True,13,0.8538,45.0,0.0,0.0,23.5,0.0,1.5,70.0,12.61
1787067681.6250648,859,any_person,position,held,True,1,True,True,True,12,0.8538,48.03,0.0,0.0,22.49,0.0,1.01,71.53,12.61
1787067681.7038834,860,any_person,position,held,True,1,True,True,True,12,0.8538,43.59,0.0,0.0,23.23,0.0,1.0,67.82,12.61
1787067681.785736,861,any_person,position,held,True,1,True,True,True,12,0.8538,46.03,0.0,0.0,24.32,0.0,0.5,71.85,12.61
1787067681.864632,862,any_person,position,held,True,1,True,True,True,12,0.8538,46.17,0.0,0.0,22.21,0.0,1.5,71.89,12.61
1787067681.9455347,863,any_person,position,held,True,1,True,True,True,12,0.8538,50.61,0.0,0.0,22.57,0.0,1.22,74.91,12.61
1787067682.0235786,864,any_person,position,held,True,1,True,True,True,11,0.8538,51.08,0.0,0.0,23.96,0.0,0.0,75.04,12.61
1787067682.1137688,865,any_person,position,held,True,1,True,True,True,11,0.8538,47.57,0.0,0.0,24.2,0.0,1.0,72.77,12.61
1787067682.1894011,866,any_person,position,held,True,1,True,True,True,10,0.8342,45.53,0.0,0.0,23.11,0.0,1.0,69.64,12.61
1787067682.2643507,867,any_person,position,held,True,1,True,True,True,10,0.7852,46.01,0.0,0.0,23.94,0.0,1.0,70.95,12.69
1787067682.343463,868,any_person,position,held,True,1,True,True,True,10,0.7852,44.01,0.0,0.0,22.11,1.0,0.0,68.11,12.69
1787067682.4194896,869,any_person,position,held,True,1,True,True,True,10,0.7852,43.52,0.0,0.0,22.0,0.0,1.0,66.52,12.69
1787067682.502858,870,any_person,position,held,True,1,True,True,True,10,0.7852,45.32,0.0,0.0,24.05,0.0,0.0,70.37,12.69
1787067682.5804498,871,any_person,position,held,True,1,True,True,True,10,0.7852,45.97,0.0,0.0,23.46,0.0,1.01,71.44,12.69
1787067682.6581345,872,any_person,position,held,True,1,True,True,True,9,0.8054,46.59,0.0,0.0,23.58,0.0,1.0,71.18,12.69
1787067682.7306523,873,any_person,position,held,True,1,True,True,True,10,0.8098,43.52,0.0,0.0,21.0,0.0,1.0,65.52,12.69
1787067682.8127735,874,any_person,position,held,True,1,True,True,True,9,0.8259,45.05,0.0,0.0,24.07,0.0,1.0,70.12,12.69
1787067682.885715,875,any_person,position,held,True,1,True,True,True,9,0.8259,43.16,0.0,0.0,20.78,0.0,0.0,64.94,12.69
1787067682.97224,876,any_person,position,held,True,1,True,True,True,9,0.8259,51.44,0.0,0.0,23.08,0.0,0.0,74.53,12.69
1787067683.046016,877,any_person,position,held,True,1,True,True,True,8,0.8259,44.05,0.0,0.0,23.54,0.66,0.46,69.22,12.69
1787067683.1251223,878,any_person,position,held,True,1,True,True,True,7,0.8259,46.02,0.0,0.0,23.57,0.0,1.0,70.59,12.69
1787067683.2042484,879,any_person,position,held,True,1,True,True,True,8,0.8259,46.12,0.0,0.0,24.0,0.0,1.0,71.12,12.69
1787067683.282531,880,any_person,position,held,True,1,True,True,True,8,0.8259,48.51,0.0,0.0,24.77,0.0,1.0,74.28,12.77
1787067683.3611221,881,any_person,position,held,True,1,True,True,True,7,0.8259,50.52,0.0,0.0,23.08,0.0,1.0,74.59,12.77
1787067683.4394557,882,any_person,position,held,True,1,True,True,True,8,0.8259,48.02,0.0,0.0,23.31,0.0,0.0,72.33,12.77
1787067683.5099666,883,any_person,position,held,True,1,True,True,True,8,0.8259,44.52,0.0,0.0,21.99,0.0,1.0,67.51,12.77
1787067683.585033,884,any_person,position,held,True,1,True,True,True,8,0.8259,48.1,0.0,0.0,22.97,0.0,0.0,72.07,12.77
1787067683.6612961,885,any_person,position,held,True,1,True,True,True,8,0.8259,46.48,0.0,0.0,25.78,0.0,1.0,73.26,12.77
1787067683.7509634,886,any_person,position,held,True,1,True,True,True,8,0.8259,47.52,0.0,0.0,23.15,0.0,1.0,71.66,12.77
1787067683.825117,887,any_person,position,held,True,1,True,True,True,8,0.8259,46.27,0.0,0.0,20.36,0.0,1.0,67.63,12.77
1787067683.9031014,888,any_person,position,held,True,1,True,True,True,8,0.8259,45.52,0.0,0.0,21.47,0.0,1.0,67.99,12.77
1787067683.982531,889,any_person,position,held,True,1,True,True,True,8,0.8259,45.15,0.0,0.0,23.28,0.0,1.0,69.43,12.77
1787067684.054816,890,any_person,position,held,True,1,True,True,True,8,0.8259,46.61,0.0,0.0,21.17,0.0,1.0,69.29,12.77
1787067684.1385474,891,any_person,position,held,True,1,True,True,True,8,0.8259,45.0,0.0,0.0,22.73,0.0,1.0,68.73,12.77
1787067684.2198915,892,any_person,position,held,True,1,True,True,True,8,0.8259,47.17,0.0,0.0,24.17,0.0,0.0,72.34,12.77
1787067684.2959588,893,any_person,position,held,True,1,False,True,False,0,0.0,48.41,0.0,0.0,22.66,0.0,0.0,71.06,12.83
1787067684.3789551,894,any_person,position,held,True,1,False,True,False,0,0.0,50.75,0.0,0.0,24.27,0.0,0.5,76.04,12.83
1787067684.4677584,895,any_person,position,held,True,1,False,True,False,0,0.0,47.01,0.0,0.0,22.58,0.0,1.0,70.59,12.83
1787067684.5447583,896,any_person,position,held,True,1,False,True,False,0,0.0,45.0,0.0,0.0,22.0,0.0,1.0,68.0,12.83
1787067684.6228411,897,any_person,position,held,True,1,False,True,False,0,0.0,45.71,0.0,0.0,22.87,0.0,1.0,69.58,12.83
1787067684.695916,898,any_person,position,held,True,1,False,True,False,0,0.0,46.52,0.0,0.0,22.01,0.0,1.23,70.07,12.83
1787067684.7794352,899,any_person,position,held,True,1,False,True,False,0,0.0,44.02,0.0,0.0,24.52,0.0,1.0,69.54,12.83
1787067684.8602097,900,any_person,position,held,True,1,False,True,False,0,0.0,46.95,0.0,0.0,23.36,0.0,1.0,72.3,12.83
1787067684.9357085,901,any_person,position,held,True,1,False,True,False,0,0.039,47.0,0.0,0.0,21.49,0.0,1.01,69.5,12.83
1787067685.012573,902,any_person,position,held,True,1,False,True,False,0,0.0521,45.34,0.0,0.0,21.53,0.0,1.0,67.86,12.83
1787067685.0920043,903,any_person,position,held,True,1,False,True,False,0,0.0802,44.26,0.0,0.0,22.65,0.0,1.0,67.91,12.83
1787067685.1715388,904,any_person,position,held,True,1,False,True,False,0,0.0957,55.2,0.0,0.0,19.99,1.0,0.0,76.19,12.83
1787067685.2476416,905,any_person,position,held,True,1,False,True,False,1,0.0957,44.09,0.0,1.0,22.01,0.0,0.0,68.1,12.83
1787067685.3238995,906,any_person,position,held,True,1,False,True,False,2,0.0967,45.22,0.0,0.0,21.53,0.0,1.0,67.74,12.65
1787067685.4020875,907,any_person,position,held,True,1,False,True,False,2,0.1242,50.53,0.0,0.0,22.23,0.0,1.0,74.19,12.65
1787067685.483575,908,any_person,position,held,True,1,True,True,True,3,0.1242,49.59,0.0,0.0,22.38,0.0,1.01,72.97,12.65
1787067685.5668256,909,any_person,position,held,True,1,True,True,True,3,0.1242,44.0,0.0,0.0,20.25,0.0,1.0,65.25,12.65
1787067685.6397696,910,any_person,position,held,True,1,True,True,True,3,0.1242,45.64,0.0,0.0,22.3,1.0,0.0,68.94,12.65
1787067685.7126741,911,any_person,position,held,True,1,True,True,True,3,0.1242,47.51,0.0,0.0,20.39,0.0,1.0,68.91,12.65
1787067685.789122,912,any_person,position,held,True,1,True,True,True,3,0.1242,45.45,0.0,0.0,21.0,0.0,1.0,67.45,12.65
1787067685.860874,913,any_person,position,held,True,1,True,True,True,3,0.1242,45.14,0.0,0.0,21.11,1.0,0.0,68.25,12.65
1787067685.9484508,914,any_person,position,held,True,1,True,True,True,3,0.1242,47.28,0.0,0.0,23.51,0.0,1.0,71.79,12.65
1787067686.0182848,915,any_person,position,held,True,1,True,True,True,3,0.1242,44.47,0.0,0.0,19.91,0.0,1.01,65.39,12.65
1787067686.1003685,916,any_person,position,held,True,1,True,True,True,3,0.1242,45.86,0.0,0.0,22.14,0.0,1.0,69.0,12.65
1787067686.1788783,917,any_person,position,held,True,1,True,True,True,3,0.1242,45.64,0.0,0.0,22.87,1.0,0.0,70.51,12.65
1787067686.2496727,918,any_person,position,held,True,1,True,True,True,3,0.1242,45.51,0.0,0.0,21.27,0.0,1.01,67.79,12.65
1787067686.3329728,919,any_person,position,held,True,1,False,True,False,0,0.0,44.0,0.0,0.0,22.79,0.0,1.0,67.79,12.88
1787067686.4087725,920,any_person,position,held,True,1,False,True,False,0,0.0,47.52,0.0,0.0,22.27,0.0,0.0,71.79,12.88
1787067686.4884536,921,any_person,position,held,True,1,False,True,False,0,0.0,45.16,0.0,0.0,22.53,0.0,1.0,68.68,12.88
1787067686.5701451,922,any_person,position,held,True,1,False,True,False,0,0.0,49.0,0.0,0.0,23.69,0.0,0.0,73.69,12.88
1787067686.648191,923,any_person,position,held,True,1,False,True,False,0,0.0,50.66,0.0,0.0,23.38,0.0,1.0,75.05,12.88
1787067686.721737,924,any_person,position,held,True,1,False,True,False,0,0.0,45.0,0.0,0.0,22.03,0.0,1.01,68.04,12.88
1787067686.8013458,925,any_person,position,held,True,1,False,True,False,0,0.0,46.52,0.0,0.0,22.09,0.0,1.0,69.61,12.88
1787067686.8736389,926,any_person,position,held,True,1,False,True,False,0,0.0,44.78,0.0,0.0,22.51,0.0,1.0,69.29,12.88
1787067686.95606,927,any_person,position,held,True,1,False,True,False,0,0.0,43.64,0.0,0.0,22.78,0.0,1.0,67.42,12.88
1787067687.0387347,928,any_person,position,held,True,1,False,True,False,0,0.0,46.53,0.0,0.0,25.14,0.0,0.0,72.68,12.88
1787067687.1043026,929,any_person,position,held,True,1,False,True,False,0,0.0,39.06,0.0,0.0,22.89,0.0,1.0,62.95,12.88
1787067687.177904,930,any_person,position,held,True,1,False,True,False,0,0.0,46.51,0.0,0.0,22.09,0.0,1.0,69.6,12.88
1787067687.2553194,931,any_person,position,held,True,1,False,True,False,0,0.0,46.67,0.0,0.0,24.03,0.0,1.0,71.7,12.88
1787067687.3331869,932,any_person,position,held,True,1,False,True,False,0,0.0,48.0,0.0,0.0,24.36,0.5,0.0,72.87,13.0
1787067687.4103382,933,any_person,position,held,True,1,False,True,False,0,0.0,43.92,0.0,0.0,25.22,0.0,1.0,70.14,13.0
1787067687.4843633,934,any_person,position,held,True,1,False,True,False,0,0.0,48.03,0.0,0.0,21.0,1.0,0.0,71.03,13.0
1787067687.567313,935,any_person,position,held,True,1,False,True,False,0,0.0,46.01,0.0,0.0,23.95,0.0,1.0,70.95,13.0
1787067687.6499045,936,any_person,position,held,True,1,False,True,False,0,0.0,50.44,0.0,0.0,24.16,0.0,0.0,75.59,13.0
1787067687.7238233,937,any_person,position,held,True,1,False,True,False,0,0.0,47.55,0.0,0.0,21.86,0.0,1.0,70.42,13.0
1787067687.7943482,938,any_person,position,held,True,1,False,True,False,0,0.0,43.52,0.0,0.0,20.0,0.0,1.0,64.53,13.0
1787067687.8755486,939,any_person,position,held,True,1,False,True,False,0,0.0,44.01,0.0,0.0,22.69,0.0,1.0,67.7,13.0
1787067687.9532537,940,any_person,position,held,True,1,False,True,False,0,0.0,45.01,0.0,0.0,22.09,0.0,0.51,67.6,13.0
1787067688.025347,941,any_person,position,held,True,1,False,True,False,0,0.0,45.01,0.0,0.0,21.76,0.0,1.0,67.77,13.0
1787067688.1119223,942,any_person,position,held,True,1,False,True,False,0,0.0,46.52,0.0,0.0,24.33,0.0,1.0,71.86,13.0
1787067688.1923516,943,any_person,position,held,True,1,False,False,False,0,0.0,52.52,0.0,0.0,22.9,0.0,1.01,76.43,13.0
1787067688.269082,944,any_person,position,held,True,1,False,False,False,0,0.0,47.77,0.0,0.0,24.48,0.0,1.01,73.25,13.0
1787067688.3458912,945,any_person,position,held,True,1,False,False,False,0,0.0,47.07,0.0,0.0,23.73,0.0,1.01,71.81,12.84
1787067688.4248695,946,any_person,position,held,True,1,False,False,False,0,0.0,48.95,0.0,0.0,23.02,0.0,1.0,72.98,12.84
1787067688.497521,947,any_person,position,held,True,1,False,False,False,0,0.0,45.04,0.0,0.0,22.61,0.0,1.0,68.65,12.84
1787067688.570241,948,any_person,position,held,True,1,False,False,False,0,0.0,46.01,0.0,0.0,21.71,0.0,1.0,68.72,12.84
1787067688.6570637,949,any_person,position,held,True,1,False,False,False,0,0.0,48.29,0.0,0.0,24.53,0.0,0.0,73.82,12.84
1787067688.7289455,950,any_person,position,held,True,1,False,False,False,0,0.0,46.37,0.0,0.0,21.51,1.0,0.0,68.88,12.84
1787067688.8089898,951,any_person,position,held,True,1,False,True,False,0,0.0,47.52,0.0,0.0,23.52,0.0,1.01,72.05,12.84
1787067688.886805,952,any_person,position,held,True,1,False,True,False,0,0.0,46.84,0.0,0.0,23.68,0.0,1.0,71.52,12.84
1787067688.970616,953,any_person,position,held,True,1,False,True,False,0,0.0,51.52,0.0,0.0,24.64,0.65,0.0,77.81,12.84
1787067689.0676718,954,any_person,position,held,True,1,False,True,False,0,0.0,58.32,0.0,0.0,21.52,0.0,1.01,80.84,12.84
1787067689.151374,955,any_person,position,held,True,1,False,True,False,0,0.0,45.52,0.0,0.0,23.19,0.0,1.0,69.7,12.84
1787067689.2288814,956,any_person,position,held,True,1,False,True,False,0,0.0,45.0,0.0,0.0,23.0,0.0,1.0,69.0,12.84
1787067689.3074315,957,any_person,position,held,True,1,False,True,False,0,0.0,51.03,0.0,0.0,23.51,0.0,1.01,75.55,12.84
1787067689.3884203,958,any_person,position,held,True,1,False,True,False,0,0.0,49.36,0.0,0.0,23.63,0.0,1.0,73.99,12.47
1787067689.4659557,959,any_person,position,held,True,1,False,True,False,0,0.0,48.0,0.0,0.0,23.53,0.0,0.0,72.54,12.47
1787067689.5387125,960,any_person,position,held,True,1,False,True,False,0,0.0,46.01,0.0,0.0,22.47,0.0,1.0,69.48,12.47
1787067689.6126883,961,any_person,position,held,True,1,False,True,False,0,0.0,46.74,0.0,0.0,23.23,0.0,1.0,70.97,12.47
1787067689.694064,962,any_person,position,held,True,1,False,True,False,0,0.0,45.72,0.0,0.0,22.65,0.0,1.0,69.38,12.47
1787067689.768599,963,any_person,position,held,True,1,False,True,False,0,0.0,46.07,0.0,0.0,24.45,0.0,1.01,71.54,12.47
1787067689.8491282,964,any_person,position,held,True,1,False,False,False,0,0.0,45.52,0.0,0.0,21.01,1.0,0.0,68.53,12.47
1787067689.930231,965,any_person,position,held,True,1,False,False,False,0,0.0,44.98,0.0,0.0,24.36,0.0,0.52,70.42,12.47
1787067690.007727,966,any_person,position,held,True,1,False,False,False,0,0.0,48.09,0.0,0.0,22.01,0.0,0.0,71.1,12.47
1787067690.08423,967,any_person,position,held,True,1,False,True,False,0,0.0,45.56,0.0,0.0,21.94,0.0,1.0,68.5,12.47
1787067690.1616924,968,any_person,position,held,True,1,False,False,False,0,0.0,44.0,0.0,0.0,22.46,0.0,1.01,67.46,12.47
1787067690.2449472,969,any_person,position,held,True,1,False,False,False,0,0.0,49.0,0.0,0.0,22.25,0.0,1.0,72.25,12.47
1787067690.316907,970,any_person,position,held,True,1,False,False,False,0,0.0,43.96,0.0,0.0,22.0,0.0,0.0,66.96,12.47
1787067690.402146,971,any_person,position,held,True,1,False,False,False,0,0.0,49.08,0.0,0.0,24.15,0.0,0.0,74.23,12.82
1787067690.4987395,972,any_person,position,held,True,1,False,False,False,0,0.0,50.95,0.0,0.0,26.51,0.0,0.0,78.45,12.82
1787067690.5883424,973,any_person,position,held,True,1,False,False,False,0,0.0,49.52,0.0,0.0,24.41,0.0,1.0,74.92,12.82
1787067690.6770327,974,any_person,position,held,True,1,False,False,False,0,0.0,47.55,0.0,0.0,22.15,0.0,0.0,71.18,12.82
1787067690.755516,975,any_person,position,held,True,1,False,False,False,0,0.0,45.52,0.0,0.0,24.53,0.0,0.0,71.05,12.82
1787067690.8335388,976,any_person,position,held,True,1,False,False,False,0,0.0,47.01,0.0,0.0,22.51,0.0,1.0,70.52,12.82
1787067690.909777,977,any_person,position,held,True,1,False,False,False,0,0.0,46.52,0.0,0.0,21.72,1.0,0.0,69.24,12.82
1787067690.9858322,978,any_person,position,held,True,1,False,False,False,0,0.0,43.09,0.0,0.0,23.95,0.0,1.0,68.04,12.82
1787067691.066388,979,any_person,position,held,True,1,False,False,False,0,0.0,48.33,0.0,0.0,22.55,0.0,1.12,72.0,12.82
1787067691.1408732,980,any_person,position,held,True,1,False,False,False,0,0.0,44.88,0.0,0.0,23.59,0.0,1.01,69.48,12.82
1787067691.223222,981,any_person,position,held,True,1,False,False,False,0,0.0,48.17,0.0,0.0,23.99,0.0,1.0,73.16,12.82
1787067691.2992957,982,any_person,position,held,True,1,False,False,False,0,0.0,48.04,0.0,0.0,22.71,0.0,1.0,71.75,12.82
1787067691.373849,983,any_person,position,held,True,1,False,False,False,0,0.0,46.04,0.0,0.0,21.51,0.0,1.0,68.55,12.82
1787067691.4486492,984,any_person,position,held,True,1,False,False,False,0,0.0,48.52,0.0,0.0,22.04,0.0,1.24,71.8,12.42
1787067691.5343187,985,any_person,position,held,True,1,False,False,False,0,0.0,47.52,0.0,0.0,22.06,1.41,0.0,72.0,12.42
1787067691.616535,986,any_person,position,held,True,1,False,True,False,0,0.0,52.03,0.0,0.0,24.19,0.0,1.0,77.22,12.42
1787067691.6921575,987,any_person,position,held,True,1,False,True,False,0,0.0,49.18,0.0,0.0,22.44,0.0,1.0,72.62,12.42
1787067691.778811,988,any_person,position,held,True,1,False,True,False,0,0.0,46.23,0.0,0.0,22.12,0.0,1.0,69.35,12.42
1787067691.8559597,989,any_person,position,held,True,1,False,True,False,0,0.0,44.53,0.0,0.0,23.05,0.0,0.57,68.15,12.42
1787067691.9299061,990,any_person,position,held,True,1,False,True,False,0,0.0,46.93,0.0,0.0,22.01,0.0,1.0,69.94,12.42
1787067692.0101829,991,any_person,position,held,True,1,False,True,False,0,0.0,44.25,0.0,0.0,20.0,0.0,1.0,65.25,12.42
1787067692.0859585,992,any_person,position,held,True,1,False,True,False,0,0.0,41.09,0.0,0.0,21.1,0.0,1.08,63.27,12.42
1787067692.173345,993,any_person,position,held,True,1,False,True,False,0,0.0,46.02,0.0,0.0,23.67,1.01,0.0,72.7,12.42
1787067692.2457192,994,any_person,position,held,True,1,False,False,False,0,0.0,44.3,0.0,0.0,22.08,0.0,1.0,67.37,12.42
1787067692.3241484,995,any_person,position,held,True,1,False,True,False,0,0.0,46.01,0.0,0.0,19.91,0.0,1.01,66.93,12.42
1787067692.4070406,996,any_person,position,held,True,1,False,True,False,0,0.0,46.39,0.0,0.0,23.5,0.0,1.0,70.89,12.42
1787067692.479552,997,any_person,position,held,True,1,False,True,False,0,0.0,43.51,0.0,0.0,21.01,0.0,1.0,65.51,12.61
1787067692.5638072,998,any_person,position,held,True,1,False,True,False,0,0.0,49.9,0.0,0.0,21.03,0.0,1.0,71.93,12.61
1787067692.6367161,999,any_person,position,held,True,1,False,False,False,0,0.0,46.94,0.0,0.0,21.97,0.0,0.0,69.91,12.61
1787067692.7189517,1000,any_person,position,held,True,1,False,True,False,0,0.0,48.31,0.0,0.0,22.92,0.0,1.0,72.23,12.61
1787067692.7953756,1001,any_person,position,held,True,1,False,True,False,0,0.0,48.87,0.0,0.0,22.56,0.0,1.0,72.43,12.61
1787067692.8761,1002,any_person,position,held,True,1,False,True,False,0,0.0,50.52,0.0,0.0,21.2,0.0,1.0,72.73,12.61
1787067692.952615,1003,any_person,position,held,True,1,False,True,False,0,0.0,48.81,0.0,0.0,22.71,0.0,1.0,72.52,12.61
1787067693.0275662,1004,any_person,position,held,True,1,False,True,False,0,0.0,45.46,0.0,0.0,24.21,0.0,0.0,70.67,12.61
1787067693.0988643,1005,any_person,position,held,True,1,False,True,False,0,0.0,46.29,0.0,0.0,21.01,0.0,1.0,68.3,12.61
1787067693.1832976,1006,any_person,position,held,True,1,False,True,False,0,0.0,46.3,0.0,0.0,23.63,0.0,0.0,70.93,12.61
1787067693.2643669,1007,any_person,position,held,True,1,False,True,False,0,0.0,49.21,0.0,0.0,22.86,0.0,0.0,73.07,12.61
1787067693.3361166,1008,any_person,position,held,True,1,False,True,False,0,0.0,45.69,0.0,0.0,22.06,0.0,1.0,68.75,12.61
1787067693.411782,1009,any_person,position,held,True,1,False,True,False,0,0.0,42.52,0.0,0.0,20.65,0.0,0.99,64.15,12.61
1787067693.484071,1010,any_person,position,held,True,1,False,True,False,0,0.0,46.52,0.0,0.0,21.77,0.0,1.0,69.29,12.94
1787067693.5591047,1011,any_person,position,held,True,1,False,False,False,0,0.0,46.52,0.0,0.0,22.01,0.0,0.5,69.03,12.94
1787067693.6343484,1012,any_person,position,held,True,1,False,False,False,0,0.0,43.83,0.0,0.0,21.78,0.0,1.0,66.61,12.94
1787067693.7116828,1013,any_person,position,held,True,1,False,True,False,0,0.0,49.12,0.0,0.0,24.21,0.0,0.0,74.33,12.94
1787067693.789831,1014,any_person,position,held,True,1,False,False,False,0,0.0,43.97,0.0,0.0,22.17,0.0,0.0,67.14,12.94
1787067693.875301,1015,any_person,position,held,True,1,False,False,False,0,0.0,49.56,0.0,0.0,24.9,0.0,1.01,75.47,12.94
1787068570.1696796,1,any_person,position,reacquired,True,1,False,True,False,0,0.0,1.0297,319.32,0.0,0.0,633.77,0.0,27.54,981.64,0.63
1787068570.2812748,2,any_person,position,held,True,1,False,True,False,0,0.0,1.0455,61.79,0.0,0.0,44.8,0.0,1.01,107.6,0.63
1787068570.3726647,3,any_person,position,held,True,1,False,True,False,0,0.0,1.0111,46.29,0.0,0.0,25.67,0.0,1.46,73.42,0.63
1787068570.4668663,4,any_person,position,held,True,1,False,True,False,0,0.0,1.031,51.3,0.0,0.0,27.94,0.0,1.0,81.07,0.63
1787068570.548565,5,any_person,position,held,True,1,False,True,False,0,0.0,1.0283,50.0,0.0,0.0,24.16,1.01,0.0,76.26,0.63
1787068570.6276846,6,any_person,position,held,True,1,False,True,False,0,0.0,1.0299,49.9,0.0,0.0,25.22,0.0,1.0,76.11,0.63
1787068570.7025049,7,any_person,position,held,True,1,False,True,False,0,0.0,1.0645,48.9,0.0,0.0,22.91,0.0,1.01,72.82,0.63
1787068570.784592,8,any_person,position,held,True,1,False,True,False,0,0.0,1.0759,50.89,0.0,0.0,26.45,0.0,1.01,79.35,0.63
1787068570.8745997,9,any_person,position,held,True,1,False,True,False,0,0.0,1.0712,49.02,0.0,0.0,28.8,0.0,1.19,79.01,0.63
1787068570.9505641,10,any_person,position,held,True,1,False,True,False,0,0.0,1.0297,47.44,0.0,0.0,25.52,0.0,0.0,73.96,0.63
1787068571.0209942,11,any_person,position,held,True,1,False,True,False,0,0.0,1.02,45.41,0.0,0.0,22.01,0.0,1.01,69.43,0.63
1787068571.0989523,12,any_person,position,held,True,1,False,True,False,0,0.0,1.016,44.19,0.0,0.0,24.77,1.0,0.0,70.96,0.63
1787068571.1851141,13,any_person,position,held,True,1,False,True,False,0,0.0,1.0619,49.56,0.0,0.0,28.6,0.0,1.0,79.16,11.82
1787068571.275131,14,any_person,position,held,True,1,False,True,False,0,0.0,1.0729,51.69,0.0,1.0,22.82,0.0,1.0,76.51,11.82
1787068571.3509161,15,any_person,position,held,True,1,False,False,False,0,0.0,0.0,48.24,0.0,0.0,23.55,0.0,1.0,72.79,11.82
1787068571.4286003,16,any_person,position,held,True,1,False,False,False,0,0.0,0.0,50.21,0.0,0.0,23.47,0.0,0.0,74.69,11.82
1787068571.4984787,17,any_person,position,held,True,1,False,True,False,0,0.0,0.8317,45.37,0.0,0.0,20.51,0.0,1.0,66.88,11.82
1787068571.5814574,18,any_person,position,held,True,1,False,True,False,0,0.0,0.8244,46.72,0.0,0.0,23.75,0.0,1.0,71.47,11.82
1787068571.6658466,19,any_person,position,held,True,1,False,True,False,0,0.0,0.749,51.13,0.0,0.0,24.19,1.0,1.0,77.32,11.82
1787068571.7562659,20,any_person,position,held,True,1,False,True,False,0,0.0,0.7483,49.47,0.0,0.0,25.95,0.0,0.0,76.41,11.82
1787068571.8316069,21,any_person,position,held,True,1,False,True,False,0,0.0,0.7193,44.0,0.0,0.0,27.34,0.0,1.0,72.34,11.82
1787068571.9114394,22,any_person,position,held,True,1,False,True,False,0,0.0,0.6777,52.41,0.0,0.0,22.38,0.0,1.0,75.79,11.82
1787068572.0063484,23,any_person,position,held,True,1,False,True,False,0,0.0,0.6453,52.5,0.0,0.0,23.85,0.0,1.0,77.35,11.82
1787068572.09049,24,any_person,position,held,True,1,False,True,False,0,0.0,0.6336,43.77,0.0,0.0,23.54,0.0,1.0,68.31,11.82
1787068572.1610432,25,any_person,position,held,True,1,False,True,False,0,0.0,0.6212,46.03,0.0,0.0,20.51,0.0,1.0,67.55,11.82
1787068572.2485034,26,any_person,position,held,True,1,False,True,False,0,0.0,0.5672,45.04,0.0,0.0,24.42,0.0,1.01,71.46,12.23
1787068572.3261492,27,any_person,position,held,True,1,False,True,False,0,0.0,0.5411,47.47,0.0,0.0,25.12,0.0,0.0,73.65,12.23
1787068572.4056425,28,any_person,position,held,True,1,False,False,False,0,0.0,0.4904,50.11,0.0,0.0,23.35,0.0,1.0,74.46,12.23
1787068572.4818895,29,any_person,position,held,True,1,False,False,False,0,0.0,0.4404,48.78,0.0,0.0,22.46,0.0,1.0,72.24,12.23
1787068572.5600748,30,any_person,position,held,True,1,False,False,False,0,0.0,0.3902,48.99,0.0,0.0,21.48,0.0,1.18,72.18,12.23
1787068572.6391132,31,any_person,position,held,True,1,False,False,False,0,0.0,0.2285,50.0,0.0,0.0,23.33,0.0,0.0,74.33,12.23
1787068572.7142336,32,any_person,position,held,True,1,False,False,False,0,0.0,0.071,48.21,0.0,0.0,21.9,0.0,1.01,71.12,12.23
1787068572.7905867,33,any_person,position,held,True,1,False,False,False,0,0.0,0.0023,47.86,0.0,0.0,23.54,0.0,1.18,72.58,12.23
1787068572.870548,34,any_person,position,held,True,1,False,False,False,0,0.0,0.0061,50.03,0.0,0.0,21.53,0.0,1.0,72.56,12.23
1787068572.9455075,35,any_person,position,held,True,1,False,False,False,0,0.0,0.0197,45.61,0.0,0.0,23.35,0.0,1.0,70.96,12.23
1787068573.024024,36,any_person,position,held,True,1,False,False,False,0,0.0,0.0229,46.93,0.0,0.0,22.58,1.01,0.0,71.52,12.23
1787068573.104238,37,any_person,position,held,True,1,False,False,False,0,0.0,0.0309,52.92,0.0,0.0,23.1,0.0,1.02,77.04,12.23
1787068573.1784399,38,any_person,position,held,True,1,False,False,False,0,0.0,0.0388,47.45,0.0,0.0,21.51,0.0,1.0,69.96,12.23
1787068573.2580605,39,any_person,position,held,True,1,False,False,False,0,0.0,0.025,45.2,0.0,0.0,25.42,0.0,1.0,71.62,12.88
1787068573.3335147,40,any_person,position,held,True,1,False,False,False,0,0.0,0.0173,47.94,0.0,0.0,21.32,0.0,0.0,71.26,12.88
1787068573.4121556,41,any_person,position,held,True,1,False,False,False,0,0.0,0.0514,44.19,0.0,0.0,22.38,0.0,0.0,67.57,12.88
1787068573.5002468,42,any_person,position,held,True,1,False,False,False,0,0.0,0.0324,52.45,0.0,0.0,24.6,0.0,1.05,78.1,12.88
1787068573.579798,43,any_person,position,held,True,1,False,False,False,0,0.0,0.0382,50.46,0.0,0.0,24.69,0.0,1.01,76.16,12.88
1787068573.6657867,44,any_person,position,held,True,1,False,False,False,0,0.0,0.0068,49.37,0.0,0.0,22.49,0.0,1.0,72.86,12.88
1787068573.7404213,45,any_person,position,held,True,1,False,False,False,0,0.0,0.0127,47.06,0.0,0.0,22.57,0.0,1.0,70.64,12.88
1787068573.8144944,46,any_person,position,held,True,1,False,False,False,0,0.0,0.0137,47.05,0.0,0.0,22.03,0.0,1.0,70.08,12.88
1787068573.8988338,47,any_person,position,held,True,1,False,False,False,0,0.0,0.0224,46.59,0.0,0.0,24.24,1.0,0.0,72.83,12.88
1787068573.9759884,48,any_person,position,held,True,1,False,False,False,0,0.0,0.0223,48.92,0.0,0.0,24.24,0.0,1.0,74.16,12.88
1787068574.055751,49,any_person,position,held,True,1,False,False,False,0,0.0,0.0249,51.18,0.0,0.0,23.58,0.0,1.0,75.76,12.88
1787068574.150589,50,any_person,position,held,True,1,False,False,False,0,0.0,0.0286,53.8,0.0,0.0,22.17,0.0,1.0,77.97,12.88
1787068574.2482948,51,any_person,position,held,True,1,False,False,False,0,0.0,0.0221,51.61,0.0,0.0,26.91,0.0,1.23,80.76,12.88
1787068574.3353944,52,any_person,position,held,True,1,False,False,False,0,0.0,0.0393,49.89,0.0,0.0,23.91,0.0,0.0,74.78,12.07
1787068574.4261422,53,any_person,position,held,True,1,False,False,False,0,0.0,0.0361,49.22,0.0,0.0,22.99,0.0,1.0,73.2,12.07
1787068574.5015385,54,any_person,position,held,True,1,False,False,False,0,0.0,0.0675,48.55,0.0,0.0,21.85,0.0,1.0,71.4,12.07
1787068574.585324,55,any_person,position,held,True,1,False,False,False,0,0.0,0.0767,49.68,0.0,0.0,26.53,0.0,1.2,77.42,12.07
1787068574.6760077,56,any_person,position,held,True,1,False,False,False,0,0.0,0.1167,50.38,0.0,0.0,24.48,0.0,1.0,75.86,12.07
1787068574.7551425,57,any_person,position,held,True,1,False,False,False,0,0.0,0.1482,51.81,0.0,0.0,23.31,0.0,1.0,76.12,12.07
1787068574.845104,58,any_person,position,held,True,1,False,False,False,0,0.0,0.1675,49.73,0.0,0.0,23.23,0.0,0.0,73.96,12.07
1787068574.9200795,59,any_person,position,held,True,1,False,False,False,0,0.0,0.242,49.57,0.0,0.0,21.41,0.0,1.0,71.98,12.07
1787068575.0003686,60,any_person,position,held,True,1,False,False,False,0,0.0,0.3101,48.0,0.0,0.0,23.77,0.0,1.0,72.78,12.07
1787068575.0770516,61,any_person,position,held,True,1,False,False,False,0,0.0,0.4017,50.41,0.0,0.0,21.27,0.0,1.01,72.68,12.07
1787068575.1591094,62,any_person,position,held,True,1,False,False,False,0,0.0,0.4302,51.76,0.0,0.0,25.35,0.0,0.5,77.61,12.07
1787068575.2505107,63,any_person,position,held,True,1,False,False,False,0,0.0,0.4639,52.13,0.0,0.0,23.14,0.0,1.0,76.27,12.07
1787068575.342057,64,any_person,position,held,True,1,False,False,False,0,0.0,0.4778,49.92,0.0,0.0,23.12,0.0,1.0,74.55,11.92
1787068575.4328933,65,any_person,position,held,True,1,False,False,False,0,0.0,0.4981,48.72,0.0,0.0,22.59,0.0,1.0,73.31,11.92
1787068575.5080395,66,any_person,position,held,True,1,False,True,False,0,0.0,0.5185,48.08,0.0,0.0,22.01,0.0,1.0,71.09,11.92
1787068575.5867283,67,any_person,position,held,True,1,False,True,False,0,0.0,0.5386,44.76,0.0,0.0,25.73,0.67,0.0,72.18,11.92
1787068575.6628327,68,any_person,position,held,True,1,False,True,False,0,0.0,0.5682,50.1,0.0,0.0,21.0,0.0,1.0,72.1,11.92
1787068575.743663,69,any_person,position,held,True,1,False,True,False,0,0.0,0.5956,51.49,0.0,0.0,21.84,0.0,1.5,74.83,11.92
1787068575.836971,70,any_person,position,held,True,1,False,True,False,0,0.0,0.5954,50.23,0.0,0.0,24.6,0.0,1.0,75.83,11.92
1787068575.93581,71,any_person,position,held,True,1,False,True,False,0,0.0,0.5938,56.08,0.0,0.0,23.38,0.0,1.0,80.45,11.92
1787068576.0179925,72,any_person,position,held,True,1,False,True,False,0,0.0,0.6241,46.22,0.0,0.0,22.81,0.0,1.01,70.04,11.92
1787068576.0940266,73,any_person,position,held,True,1,False,True,False,0,0.0,0.6571,45.52,0.0,0.0,21.5,0.0,1.0,69.03,11.92
1787068576.1699026,74,any_person,position,held,True,1,False,True,False,0,0.0,0.6335,48.4,0.0,0.0,23.48,0.0,1.0,72.88,11.92
1787068576.256006,75,any_person,position,held,True,1,False,True,False,0,0.0,0.6326,48.16,0.0,0.0,23.94,0.0,1.0,73.1,11.92
1787068576.333338,76,any_person,position,held,True,1,False,True,False,0,0.0,0.618,48.65,0.0,0.0,22.65,0.0,1.54,72.85,11.92
1787068576.4117212,77,any_person,position,held,True,1,False,True,False,0,0.0,0.6166,48.66,0.0,0.0,23.49,0.0,1.0,73.15,12.15
1787068576.504399,78,any_person,position,held,True,1,False,True,False,0,0.0,0.6162,50.59,0.0,0.0,22.49,0.0,1.0,74.08,12.15
1787068576.594106,79,any_person,position,held,True,1,False,True,False,0,0.0,0.589,47.07,0.0,0.0,23.62,0.0,1.01,71.7,12.15
1787068576.6671448,80,any_person,position,held,True,1,False,True,False,0,0.0,0.584,44.57,0.0,0.0,21.47,0.0,1.0,67.04,12.15
1787068576.751482,81,any_person,position,held,True,1,False,True,False,0,0.0,0.5913,49.1,0.0,0.0,22.23,0.0,1.01,73.34,12.15
1787068576.831067,82,any_person,position,held,True,1,False,True,False,0,0.0,0.5663,49.53,0.0,0.0,24.05,0.0,1.0,74.59,12.15
1787068576.924834,83,any_person,position,held,True,1,False,True,False,0,0.0,0.5822,51.29,0.0,0.0,24.48,0.0,0.0,75.77,12.15
1787068577.002423,84,any_person,position,held,True,1,False,True,False,0,0.0,0.6007,50.15,0.0,0.0,21.86,0.0,1.0,73.0,12.15
1787068577.085508,85,any_person,position,held,True,1,False,True,False,0,0.0,0.6067,54.17,0.0,0.0,22.66,0.0,1.01,78.84,12.15
1787068577.1712608,86,any_person,position,held,True,1,False,True,False,0,0.0,0.6083,49.93,0.0,0.0,23.13,0.0,1.0,74.05,12.15
1787068577.2458487,87,any_person,position,held,True,1,False,True,False,0,0.0,0.6157,46.58,0.0,0.0,22.01,0.0,1.0,69.59,12.15
1787068577.3247092,88,any_person,position,held,True,1,False,True,False,0,0.0,0.618,45.88,0.0,0.0,23.8,0.0,1.0,70.68,12.15
1787068577.4056382,89,any_person,position,held,True,1,False,True,False,0,0.0,0.5997,49.8,0.0,0.0,23.62,0.0,1.0,74.42,12.15
1787068577.489995,90,any_person,position,held,True,1,False,True,False,0,0.0,0.6079,54.18,0.0,0.0,25.17,0.0,1.0,80.36,12.06
1787068577.5764437,91,any_person,position,held,True,1,False,True,False,0,0.0,0.6152,50.52,0.0,0.0,23.07,0.0,1.5,75.62,12.06
1787068577.6500347,92,any_person,position,held,True,1,False,True,False,0,0.0,0.6334,46.13,0.0,0.0,21.49,0.0,1.38,69.01,12.06
1787068577.7285278,93,any_person,position,held,True,1,False,True,False,0,0.0,0.6334,46.33,0.0,0.0,23.15,0.0,1.01,70.49,12.06
1787068577.8059154,94,any_person,position,held,True,1,False,True,False,0,0.0,0.6296,47.68,0.0,0.0,21.71,0.0,1.0,70.39,12.06
1787068577.878598,95,any_person,position,held,True,1,False,True,False,0,0.0,0.6303,46.72,0.0,0.0,20.96,0.0,1.0,68.68,12.06
1787068577.9612236,96,any_person,position,held,True,1,False,True,False,0,0.0,0.6332,48.18,0.0,0.0,22.33,0.0,1.0,71.51,12.06
1787068578.032259,97,any_person,position,held,True,1,False,True,False,0,0.0,0.6527,46.67,0.0,0.0,19.86,0.5,0.0,68.03,12.06
1787068578.1214716,98,any_person,position,held,True,1,False,True,False,0,0.0,0.6492,49.71,0.0,0.0,24.51,0.0,1.0,75.21,12.06
1787068578.2074013,99,any_person,position,held,True,1,False,True,False,0,0.0,0.6455,43.72,0.0,0.0,23.24,0.0,1.18,68.14,12.06
1787068578.2843177,100,any_person,position,held,True,1,False,True,False,0,0.0,0.6422,50.15,0.0,0.0,21.25,0.0,1.0,72.4,12.06
1787068578.363615,101,any_person,position,held,True,1,False,True,False,0,0.0,0.6546,46.52,0.0,0.0,21.78,0.0,0.0,69.3,12.06
1787068578.4428096,102,any_person,position,held,True,1,False,True,False,0,0.0,0.6573,46.67,0.0,0.0,23.01,0.0,1.01,70.68,12.06
1787068578.5214539,103,any_person,position,held,True,1,False,True,False,0,0.0,0.6462,51.2,0.0,0.0,21.33,1.0,0.0,74.53,12.6
1787068578.6084156,104,any_person,position,held,True,1,False,True,False,0,0.0,0.6466,54.55,0.0,0.0,23.51,0.0,1.4,80.46,12.6
1787068578.6888785,105,any_person,position,held,True,1,False,True,False,0,0.0,0.6126,51.85,0.0,0.0,24.61,0.0,1.0,77.46,12.6
1787068578.7767475,106,any_person,position,held,True,1,False,True,False,0,0.0,0.5985,53.78,0.0,0.0,23.08,0.0,1.01,77.87,12.6
1787068578.8646114,107,any_person,position,held,True,1,False,True,False,0,0.0,0.5986,46.25,0.0,0.0,25.22,0.0,1.0,72.47,12.6
1787068578.940665,108,any_person,position,held,True,1,False,True,False,0,0.0,0.5923,47.81,0.0,0.0,22.13,0.0,1.11,71.05,12.6
1787068579.016799,109,any_person,position,held,True,1,False,True,False,0,0.0,0.5681,49.43,0.0,0.0,22.69,0.0,1.1,73.22,12.6
1787068579.0936947,110,any_person,position,held,True,1,False,True,False,0,0.0031,0.5683,50.67,0.0,0.0,22.09,0.0,1.0,73.76,12.6
1787068579.1695726,111,any_person,position,held,True,1,False,True,False,0,0.0178,0.5659,47.5,0.0,0.0,20.87,0.0,1.0,69.37,12.6
1787068579.2465723,112,any_person,position,held,True,1,False,True,False,1,0.0178,0.5712,43.93,0.0,0.0,24.07,0.0,1.0,69.0,12.6
1787068579.328408,113,any_person,position,held,True,1,False,True,False,1,0.025,0.5637,53.11,0.0,0.0,24.12,0.0,1.51,78.74,12.6
1787068579.408252,114,any_person,position,held,True,1,False,True,False,1,0.025,0.5621,51.42,0.0,0.0,21.41,0.0,1.01,73.83,12.6
1787068579.483401,115,any_person,position,held,True,1,False,True,False,1,0.025,0.5729,48.47,0.0,0.0,21.68,0.0,1.0,71.15,12.6
1787068579.5579557,116,any_person,position,held,True,1,False,True,False,1,0.025,0.5629,47.91,0.0,0.0,21.64,0.0,1.0,70.55,12.54
1787068579.6346564,117,any_person,position,held,True,1,False,True,False,1,0.025,0.5617,45.38,0.0,0.0,22.32,0.0,0.0,67.7,12.54
1787068579.711043,118,any_person,position,held,True,1,False,True,False,2,0.025,0.5704,45.0,0.0,0.0,22.16,0.0,1.0,68.16,12.54
1787068579.7932022,119,any_person,position,held,True,1,False,True,False,2,0.025,0.5735,48.08,0.0,0.0,24.83,0.0,1.25,74.15,12.54
1787068579.868644,120,any_person,position,held,True,1,False,True,False,2,0.025,0.5731,47.81,0.0,0.0,22.62,0.0,1.0,71.43,12.54
1787068579.9520197,121,any_person,position,held,True,1,False,True,False,2,0.025,0.565,52.76,0.0,0.0,23.62,0.0,1.0,77.38,12.54
1787068580.0351472,122,any_person,position,held,True,1,False,True,False,2,0.025,0.5642,44.18,0.0,0.0,22.32,0.0,1.0,67.5,12.54
1787068580.1153607,123,any_person,position,held,True,1,False,True,False,2,0.025,0.5769,47.76,0.0,0.0,21.68,0.0,1.01,71.44,12.54
1787068580.1939034,124,any_person,position,held,True,1,False,True,False,2,0.025,0.56,47.26,0.0,0.0,24.0,0.0,1.0,72.27,12.54
1787068580.269695,125,any_person,position,held,True,1,False,True,False,2,0.025,0.571,49.22,0.0,0.0,21.57,0.0,1.0,71.79,12.54
1787068580.3454967,126,any_person,position,held,True,1,False,True,False,2,0.025,0.567,45.52,0.0,0.0,21.28,1.0,0.0,68.8,12.54
1787068580.4273474,127,any_person,position,held,True,1,False,True,False,2,0.025,0.5736,49.42,0.0,0.0,22.43,0.0,1.0,72.85,12.54
1787068580.5150704,128,any_person,position,held,True,1,False,True,False,2,0.0452,0.5666,58.61,0.0,0.0,23.25,0.0,1.09,82.96,12.54
1787068580.5983462,129,any_person,position,held,True,1,False,True,False,2,0.0452,0.5619,50.0,0.0,0.0,21.04,0.0,1.58,72.62,12.5
1787068580.6738756,130,any_person,position,held,True,1,False,True,False,2,0.0452,0.5616,47.74,0.0,0.0,22.78,0.0,1.0,71.52,12.5
1787068580.7470155,131,any_person,position,held,True,1,False,True,False,2,0.0452,0.5498,45.48,0.0,0.0,20.66,0.0,1.0,67.14,12.5
1787068580.827524,132,any_person,position,held,True,1,False,True,False,2,0.0452,0.5672,46.84,0.0,0.0,23.34,0.0,1.0,71.19,12.5
1787068580.907553,133,any_person,position,held,True,1,False,True,False,3,0.0452,0.5562,51.83,0.0,0.0,23.69,0.0,1.0,76.52,12.5
1787068580.9981523,134,any_person,position,held,True,1,False,True,False,4,0.0452,0.5543,46.92,0.0,1.01,22.66,0.0,1.01,72.59,12.5
1787068581.0750937,135,any_person,position,held,True,1,False,True,False,4,0.0452,0.5583,48.47,0.0,0.0,22.47,0.0,0.0,71.94,12.5
1787068581.1503615,136,any_person,position,held,True,1,False,True,False,4,0.0452,0.5581,46.35,0.0,0.0,22.83,0.0,0.55,70.26,12.5
1787068581.2260804,137,any_person,position,held,True,1,False,True,False,4,0.0452,0.5531,46.3,0.0,0.0,21.1,0.0,1.27,68.66,12.5
1787068581.3012075,138,any_person,position,held,True,1,False,True,False,4,0.0452,0.5549,47.98,0.0,0.0,22.64,0.0,1.0,71.61,12.5
1787068581.3812387,139,any_person,position,held,True,1,False,True,False,4,0.0452,0.5569,43.81,0.0,0.0,22.03,0.0,1.0,67.84,12.5
1787068581.4565058,140,any_person,position,held,True,1,False,True,False,4,0.0452,0.5796,42.71,0.0,0.0,20.05,0.0,1.0,64.75,12.5
1787068581.54139,141,any_person,position,held,True,1,False,True,False,4,0.0452,0.5843,45.89,0.0,0.0,22.49,0.5,0.0,69.89,12.5
1787068581.6251333,142,any_person,position,held,True,1,False,True,False,5,0.0452,0.5685,52.48,0.0,0.0,22.18,0.0,1.0,75.66,12.66
1787068581.714773,143,any_person,position,held,True,1,False,True,False,5,0.0452,0.5711,47.55,0.0,0.0,23.48,0.0,1.24,72.28,12.66
1787068581.7934296,144,any_person,position,held,True,1,False,True,False,5,0.0452,0.5713,50.03,0.0,0.0,22.21,0.0,0.0,73.24,12.66
1787068581.8685877,145,any_person,position,held,True,1,False,True,False,5,0.0452,0.5594,47.53,0.0,0.0,22.63,0.0,1.0,71.16,12.66
1787068581.9398417,146,any_person,position,held,True,1,False,True,False,5,0.0452,0.5455,44.56,0.0,0.0,21.11,0.0,1.59,67.25,12.66
1787068582.022306,147,any_person,position,held,True,1,False,True,False,5,0.0452,0.5616,45.96,0.0,0.0,21.93,0.0,1.0,68.9,12.66
1787068582.1024344,148,any_person,position,held,True,1,False,True,False,5,0.0452,0.5789,47.94,0.0,0.0,22.67,0.0,0.0,71.62,12.66
1787068582.1781485,149,any_person,position,held,True,1,False,True,False,5,0.0452,0.5908,46.53,0.0,0.0,21.77,0.0,1.0,70.29,12.66
1787068582.2561696,150,any_person,position,held,True,1,False,True,False,5,0.0452,0.6039,48.91,0.0,0.0,21.11,0.0,1.0,71.02,12.66
1787068582.331815,151,any_person,position,held,True,1,False,True,False,5,0.0452,0.6247,46.26,0.0,0.0,21.38,0.0,0.0,68.64,12.66
1787068582.4131215,152,any_person,position,held,True,1,False,True,False,5,0.0452,0.6263,48.76,0.0,0.0,22.54,0.0,1.01,72.31,12.66
1787068582.48854,153,any_person,position,held,True,1,False,True,False,5,0.0452,0.6126,45.55,0.0,0.0,22.73,1.0,0.0,70.27,12.66
1787068582.5687332,154,any_person,position,held,True,1,False,True,False,5,0.0452,0.6218,44.38,0.0,0.0,27.81,0.0,0.0,73.19,12.66
1787068582.641585,155,any_person,position,held,True,1,False,True,False,5,0.0452,0.6178,44.34,0.0,0.0,21.52,0.0,0.0,66.85,12.79
1787068582.7227921,156,any_person,position,held,True,1,False,True,False,0,0.0,0.6461,46.79,0.0,0.0,22.77,0.0,0.65,70.21,12.79
1787068582.803931,157,any_person,position,held,True,1,False,True,False,0,0.0,0.6575,50.56,0.0,0.0,23.57,0.0,1.0,75.13,12.79
1787068582.892905,158,any_person,position,held,True,1,False,True,False,0,0.0,0.6471,47.83,0.0,0.0,22.03,0.0,1.0,70.86,12.79
1787068582.9696195,159,any_person,position,held,True,1,False,True,False,0,0.0,0.6868,45.51,0.0,0.0,21.39,1.0,0.0,68.9,12.79
1787068583.0459733,160,any_person,position,held,True,1,False,True,False,0,0.0,0.6955,44.87,0.0,0.0,21.48,0.0,1.0,67.35,12.79
1787068583.126682,161,any_person,position,held,True,1,False,True,False,0,0.0,0.6766,46.2,0.0,0.0,23.02,0.0,1.01,70.24,12.79
1787068583.2099397,162,any_person,position,held,True,1,False,True,False,0,0.0,0.6846,48.11,0.0,0.0,26.63,0.0,1.0,75.75,12.79
1787068583.2865703,163,any_person,position,held,True,1,False,True,False,0,0.0,0.6174,47.86,0.0,0.0,23.77,0.0,1.0,72.63,12.79
1787068583.3602548,164,any_person,position,held,True,1,False,True,False,0,0.0,0.6399,46.15,0.0,0.0,23.02,0.0,0.0,70.18,12.79
1787068583.438965,165,any_person,position,held,True,1,False,True,False,0,0.0,0.6241,45.55,0.0,0.0,25.16,0.0,1.0,71.71,12.79
1787068583.5157301,166,any_person,position,held,True,1,False,True,False,0,0.0,0.6394,49.25,0.0,0.0,21.51,0.0,1.01,71.77,12.79
1787068583.588216,167,any_person,position,held,True,1,False,True,False,0,0.0,0.6393,45.31,0.0,0.0,22.16,0.0,0.51,68.49,12.79
1787068583.6714296,168,any_person,position,held,True,1,False,True,False,0,0.0,0.6338,48.67,0.0,0.0,23.0,0.0,1.0,72.68,12.62
1787068583.7443724,169,any_person,position,held,True,1,False,True,False,0,0.0,0.6364,45.24,0.0,0.0,21.7,0.0,1.0,67.94,12.62
1787068583.8219652,170,any_person,position,held,True,1,False,True,False,0,0.0,0.6225,45.12,0.0,0.0,23.46,0.0,0.51,69.08,12.62
1787068583.898606,171,any_person,position,held,True,1,False,True,False,0,0.0,0.6135,49.03,0.0,0.0,23.6,0.0,0.0,72.63,12.62
1787068583.9843085,172,any_person,position,held,True,1,False,True,False,0,0.0042,0.6122,48.82,0.0,0.0,23.89,0.0,1.0,74.71,12.62
1787068584.0567746,173,any_person,position,held,True,1,False,True,False,0,0.0042,0.6206,45.41,0.0,0.0,22.06,0.0,1.0,69.46,12.62
1787068584.128726,174,any_person,position,held,True,1,False,True,False,1,0.0042,0.6138,45.79,0.0,0.0,22.16,0.0,0.0,68.95,12.62
1787068584.2119498,175,any_person,position,held,True,1,False,True,False,1,0.0042,0.6182,46.01,0.0,0.0,22.71,0.0,1.0,69.72,12.62
1787068584.2955754,176,any_person,position,held,True,1,False,True,False,1,0.0042,0.6011,49.31,0.0,0.0,23.91,0.0,1.0,74.22,12.62
1787068584.387987,177,any_person,position,held,True,1,False,True,False,1,0.0042,0.6179,49.3,0.0,0.0,24.05,0.0,1.0,74.35,12.62
1787068584.4625306,178,any_person,position,held,True,1,False,True,False,1,0.0042,0.6181,46.62,0.0,0.0,22.92,0.0,1.0,70.54,12.62
1787068584.5386019,179,any_person,position,held,True,1,False,True,False,1,0.0042,0.627,45.37,0.0,0.0,22.71,0.0,1.0,69.07,12.62
1787068584.6155486,180,any_person,position,held,True,1,False,True,False,1,0.0042,0.6184,46.02,0.0,0.0,21.9,0.0,0.0,68.93,12.62
1787068584.6980214,181,any_person,position,held,True,1,False,True,False,1,0.0042,0.6172,47.37,0.0,0.0,25.1,0.0,1.0,73.47,12.66
1787068584.7746723,182,any_person,position,held,True,1,False,True,False,1,0.0042,0.6221,48.69,0.0,0.0,22.96,0.0,1.0,72.65,12.66
1787068584.8507898,183,any_person,position,held,True,1,False,True,False,1,0.0042,0.6289,46.86,0.0,0.0,22.26,0.0,1.0,70.12,12.66
1787068584.9303434,184,any_person,position,held,True,1,False,True,False,1,0.0042,0.6083,47.8,0.0,0.0,22.75,0.0,1.0,71.55,12.66
1787068585.0065567,185,any_person,position,held,True,1,False,True,False,1,0.0042,0.6091,46.56,0.0,0.0,22.15,0.0,1.0,69.7,12.66
1787068585.0857537,186,any_person,position,held,True,1,False,True,False,1,0.0042,0.6415,52.07,0.0,0.0,22.05,0.0,1.0,75.12,12.66
1787068585.1600566,187,any_person,position,held,True,1,False,True,False,0,0.0,0.6359,46.34,0.0,0.0,20.96,0.0,1.0,68.3,12.66
1787068585.2370057,188,any_person,position,held,True,1,False,True,False,0,0.0,0.6278,47.42,0.0,0.0,24.53,0.0,1.0,72.95,12.66
1787068585.3194325,189,any_person,position,held,True,1,False,True,False,0,0.0,0.6408,46.68,0.0,0.0,23.75,0.0,1.0,71.43,12.66
1787068585.3938475,190,any_person,position,held,True,1,False,True,False,0,0.0,0.658,47.54,0.0,0.0,20.88,0.0,1.0,69.42,12.66
1787068585.475772,191,any_person,position,held,True,1,False,True,False,0,0.0,0.6602,47.97,0.0,1.0,22.94,0.0,1.01,72.93,12.66
1787068585.5555701,192,any_person,position,held,True,1,False,True,False,0,0.0,0.6633,51.99,0.0,0.0,22.81,0.0,1.0,75.8,12.66
1787068585.6455653,193,any_person,position,held,True,1,False,True,False,0,0.0,0.67,47.89,0.0,0.0,24.83,0.0,1.0,73.73,12.66
1787068585.7167373,194,any_person,position,held,True,1,False,True,False,0,0.0,0.6735,45.01,0.0,0.0,21.0,0.0,0.0,67.01,12.76
1787068585.7971516,195,any_person,position,held,True,1,False,True,False,0,0.0,0.6752,46.38,0.0,0.0,23.52,0.0,1.0,70.89,12.76
1787068585.8745282,196,any_person,position,held,True,1,False,True,False,0,0.0,0.6787,49.09,0.0,0.0,20.47,0.0,1.0,70.56,12.76
1787068585.9487195,197,any_person,position,held,True,1,False,True,False,0,0.0,0.6854,43.32,0.0,0.0,21.87,0.0,1.0,66.19,12.76
1787068586.0291104,198,any_person,position,held,True,1,False,True,False,0,0.0,0.6962,46.02,0.0,0.0,22.38,0.0,1.0,69.39,12.76
1787068586.1056993,199,any_person,position,held,True,1,False,True,False,0,0.0,0.7261,45.36,0.0,0.0,21.72,0.0,1.0,68.08,12.76
1787068586.183738,200,any_person,position,held,True,1,False,True,False,0,0.0,0.7451,48.43,0.0,0.0,24.62,0.0,0.99,74.04,12.76
1787068586.25735,201,any_person,position,held,True,1,False,True,False,0,0.0,0.7058,47.09,0.0,0.0,21.46,0.0,1.0,69.55,12.76
1787068586.3406897,202,any_person,position,held,True,1,False,True,False,0,0.0,0.6897,45.47,0.0,0.0,21.79,1.01,0.0,68.26,12.76
1787068586.4212644,203,any_person,position,held,True,1,False,True,False,0,0.0,0.7029,46.63,0.0,0.0,24.93,0.0,1.0,72.57,12.76
1787068586.49875,204,any_person,position,held,True,1,False,True,False,0,0.0,0.6766,47.83,0.0,0.0,22.66,0.0,1.0,72.49,12.76
1787068586.5745132,205,any_person,position,held,True,1,False,True,False,0,0.0,0.6724,46.29,0.0,0.0,22.46,0.0,1.01,70.76,12.76
1787068586.6561978,206,any_person,position,held,True,1,False,True,False,0,0.0,0.6864,49.2,0.0,0.0,23.48,0.0,1.0,73.68,12.76
1787068586.7310572,207,any_person,position,held,True,1,False,True,False,0,0.0,0.7032,49.74,0.0,0.0,20.11,0.0,1.0,70.86,12.82
1787068586.8090081,208,any_person,position,held,True,1,False,True,False,0,0.0,0.6962,48.7,0.0,0.0,21.74,0.0,0.0,71.44,12.82
1787068586.8855882,209,any_person,position,held,True,1,False,True,False,0,0.0,0.6894,49.22,0.0,0.0,23.37,0.0,0.0,73.58,12.82
1787068586.9607437,210,any_person,position,held,True,1,False,True,False,0,0.0,0.6895,44.78,0.0,0.0,21.37,1.0,0.0,68.15,12.82
1787068587.0381823,211,any_person,position,held,True,1,False,True,False,0,0.0,0.6742,43.96,0.0,0.0,23.48,0.0,0.0,68.44,12.82
1787068587.117928,212,any_person,position,held,True,1,False,True,False,0,0.0,0.6878,47.43,0.0,0.0,22.31,0.0,1.01,70.74,12.82
1787068587.1939278,213,any_person,position,held,True,1,False,True,False,0,0.0,0.6824,48.73,0.0,0.0,22.27,0.0,1.0,72.0,12.82
1787068587.2692041,214,any_person,position,held,True,1,False,True,False,0,0.0,0.6669,47.53,0.0,0.0,22.44,1.29,0.0,72.27,12.82
1787068587.3572204,215,any_person,position,held,True,1,False,True,False,0,0.0,0.6792,50.1,0.0,0.0,24.39,0.0,0.0,75.95,12.82
1787068587.4334779,216,any_person,position,held,True,1,False,True,False,0,0.0,0.6484,47.25,0.0,0.0,23.9,0.0,1.0,73.14,12.82
1787068587.5098705,217,any_person,position,held,True,1,False,True,False,0,0.0,0.6648,48.66,0.0,0.0,23.15,0.0,1.06,72.88,12.82
1787068587.5889971,218,any_person,position,held,True,1,False,True,False,0,0.0,0.6672,48.49,0.0,0.0,24.02,0.0,0.0,73.7,12.82
1787068587.6704018,219,any_person,position,held,True,1,False,True,False,0,0.0,0.6419,52.66,0.0,0.0,24.23,0.0,1.0,77.89,12.82
1787068587.7637494,220,any_person,position,held,True,1,False,True,False,0,0.0,0.6264,51.26,0.0,0.0,24.05,0.0,1.01,77.32,12.59
1787068587.873809,221,any_person,position,held,True,1,False,True,False,0,0.0,0.6136,52.69,0.0,0.0,24.52,0.0,1.01,79.22,12.59
1787068587.963837,222,any_person,position,held,True,1,False,True,False,0,0.0,0.6163,50.45,0.0,0.0,23.71,0.0,1.0,75.16,12.59
1787068588.0390272,223,any_person,position,held,True,1,False,True,False,0,0.0,0.5961,47.65,0.0,0.0,22.54,0.0,1.0,71.19,12.59
1787068588.1175191,224,any_person,position,held,True,1,False,True,False,0,0.0,0.5592,47.23,0.0,0.0,23.25,0.0,1.01,72.49,12.59
1787068588.1969204,225,any_person,position,held,True,1,False,True,False,0,0.0256,0.5474,48.03,0.0,0.0,23.85,0.0,1.0,72.88,12.59
1787068588.2744668,226,any_person,position,held,True,1,False,True,False,0,0.0427,0.5544,49.22,0.0,0.0,22.32,0.0,1.0,73.55,12.59
1787068588.3653598,227,any_person,position,held,True,1,False,True,False,0,0.051,0.5527,48.13,0.0,0.0,24.76,0.0,1.0,73.9,12.59
1787068588.4398098,228,any_person,position,held,True,1,False,True,False,0,0.0544,0.5593,47.58,0.0,0.0,22.37,0.0,1.0,70.95,12.59
1787068588.519133,229,any_person,position,held,True,1,False,True,False,0,0.0867,0.5789,49.16,0.0,0.0,21.19,0.0,0.97,71.32,12.59
1787068588.5964608,230,any_person,position,held,True,1,False,True,False,0,0.1292,0.5982,45.93,0.0,0.0,23.39,1.0,0.0,71.32,12.59
1787068588.6762896,231,any_person,position,held,True,1,False,True,False,1,0.1292,0.593,49.85,0.0,0.0,23.61,0.0,1.0,74.46,12.59
1787068588.7650383,232,any_person,position,held,True,1,False,True,False,2,0.1292,0.5989,47.76,0.0,0.0,20.99,1.0,0.0,70.75,11.98
1787068588.8392982,233,any_person,position,held,True,1,True,True,True,3,0.1292,0.5752,48.9,0.0,0.0,21.36,0.0,1.0,71.26,11.98
1787068588.9250605,234,any_person,position,held,True,1,True,True,True,3,0.1292,0.5721,52.91,0.0,0.0,22.69,0.0,0.64,76.76,11.98
1787068589.0139208,235,any_person,position,held,True,1,True,True,True,4,0.1292,0.59,47.94,0.0,0.0,22.86,0.0,1.0,71.81,11.98
1787068589.0957088,236,any_person,position,held,True,1,True,True,True,5,0.1292,0.5763,50.75,0.0,0.0,23.4,0.0,0.0,75.43,11.98
1787068589.1825333,237,any_person,position,held,True,1,True,True,True,5,0.1292,0.6177,46.45,0.0,0.0,22.07,0.0,1.0,69.51,11.98
1787068589.2595093,238,any_person,position,held,True,1,True,True,True,6,0.1292,0.6068,45.39,0.0,0.0,21.49,0.0,1.0,67.88,11.98
1787068589.337722,239,any_person,position,held,True,1,True,True,True,6,0.1292,0.628,45.48,0.0,0.0,22.01,0.0,1.0,68.99,11.98
1787068589.4066365,240,any_person,position,held,True,1,True,True,True,7,0.1292,0.6406,44.86,0.0,0.0,20.05,0.0,1.0,65.91,11.98
1787068589.4827569,241,any_person,position,held,True,1,True,True,True,8,0.1292,0.6495,46.92,0.0,0.0,24.21,0.0,1.0,72.12,11.98
1787068589.5605962,242,any_person,position,held,True,1,True,True,True,9,0.1292,0.6258,50.85,0.0,0.0,22.43,0.0,1.0,74.28,11.98
1787068589.6353226,243,any_person,position,held,True,1,True,True,True,10,0.1292,0.6101,45.49,0.0,0.0,21.73,0.0,0.0,68.22,11.98
1787068589.7134454,244,any_person,position,held,True,1,True,True,True,10,0.1036,0.6426,45.26,0.0,0.0,22.34,0.0,1.01,68.61,11.98
1787068589.791914,245,any_person,position,held,True,1,True,True,True,10,0.1024,0.6374,46.46,0.0,0.0,22.01,0.0,1.0,69.47,12.66
1787068589.8704453,246,any_person,position,held,True,1,True,True,True,11,0.1024,0.6212,44.93,0.0,0.0,22.72,0.0,1.01,69.3,12.66
1787068589.9528894,247,any_person,position,held,True,1,True,True,True,11,0.1024,0.6096,50.78,0.0,0.0,22.27,0.0,0.0,74.44,12.66
1787068590.0277631,248,any_person,position,held,True,1,True,True,True,11,0.1024,0.6107,46.42,0.0,0.0,22.76,0.0,1.0,70.19,12.66
1787068590.106615,249,any_person,position,held,True,1,True,True,True,10,0.1024,0.6457,46.0,0.0,0.0,23.85,1.01,0.0,71.86,12.66
1787068590.1803608,250,any_person,position,held,True,1,True,True,True,10,0.1024,0.6689,48.09,0.0,0.0,21.28,0.0,1.38,70.75,12.66
1787068590.2608502,251,any_person,position,held,True,1,True,True,True,10,0.1024,0.6807,47.96,0.0,0.0,23.31,0.0,1.0,72.28,12.66
1787068590.3400252,252,any_person,position,held,True,1,True,True,True,10,0.1024,0.6895,49.9,0.0,0.0,23.26,0.0,1.01,74.17,12.66
1787068590.4261189,253,any_person,position,held,True,1,True,True,True,10,0.1024,0.7003,46.22,0.0,0.0,22.05,0.0,1.0,69.27,12.66
1787068590.503072,254,any_person,position,held,True,1,True,True,True,10,0.1024,0.7059,45.45,0.0,0.0,21.53,0.0,0.97,67.95,12.66
1787068590.581882,255,any_person,position,held,True,1,True,True,True,10,0.1024,0.7106,45.04,0.0,0.0,22.77,0.0,1.0,68.81,12.66
1787068590.6622965,256,any_person,position,held,True,1,True,True,True,10,0.1024,0.7055,47.94,0.0,0.0,23.05,0.0,1.01,72.0,12.66
1787068590.7399373,257,any_person,position,held,True,1,True,True,True,10,0.1024,0.6912,47.38,0.0,0.0,23.26,0.0,1.01,71.64,12.66
1787068590.8155835,258,any_person,position,held,True,1,True,True,True,10,0.1024,0.7013,47.72,0.0,0.0,20.92,0.0,1.01,69.65,12.7
1787068590.8948736,259,any_person,position,held,True,1,True,True,True,10,0.1024,0.6854,45.9,0.0,0.0,22.71,0.0,0.0,69.62,12.7
1787068590.971601,260,any_person,position,held,True,1,False,True,False,0,0.0,0.698,48.9,0.0,0.0,23.33,0.0,1.0,73.23,12.7
1787068591.0521224,261,any_person,position,held,True,1,False,True,False,0,0.0,0.7038,47.07,0.0,0.0,24.45,0.0,1.0,72.52,12.7
1787068591.1225884,262,any_person,position,held,True,1,False,True,False,0,0.0,0.7005,45.3,0.0,0.0,20.96,0.0,1.0,67.26,12.7
1787068591.2112293,263,any_person,position,held,True,1,False,True,False,0,0.0,0.6981,50.99,0.0,0.0,24.0,0.0,1.5,76.49,12.7
1787068591.2986677,264,any_person,position,held,True,1,False,True,False,0,0.0,0.6949,45.43,0.0,0.0,25.07,0.0,1.01,71.5,12.7
1787068591.376846,265,any_person,position,held,True,1,False,True,False,0,0.0,0.7013,49.52,0.0,0.0,20.99,0.0,1.21,71.72,12.7
1787068591.4591944,266,any_person,position,held,True,1,False,True,False,0,0.0,0.6867,51.87,0.0,0.0,23.47,0.0,1.0,76.34,12.7
1787068591.5505855,267,any_person,position,held,True,1,False,True,False,0,0.0,0.6362,47.46,0.0,0.0,25.18,0.5,0.52,74.19,12.7
1787068591.6272388,268,any_person,position,held,True,1,False,True,False,0,0.0301,0.6257,47.42,0.0,0.0,25.06,0.0,1.04,73.53,12.7
1787068591.6998262,269,any_person,position,held,True,1,False,True,False,1,0.0301,0.6238,45.38,0.0,0.0,22.74,0.65,0.51,69.28,12.7
1787068591.784439,270,any_person,position,held,True,1,False,True,False,2,0.0422,0.6142,53.12,0.0,0.0,23.42,0.0,1.07,77.61,12.7
1787068591.8696861,271,any_person,position,held,True,1,False,True,False,2,0.0458,0.5988,46.08,0.0,0.0,23.13,0.0,1.0,70.22,12.33
1787068591.9445443,272,any_person,position,held,True,1,False,True,False,3,0.0458,0.6049,47.12,0.0,0.0,23.73,0.0,1.0,71.85,12.33
1787068592.0239818,273,any_person,position,held,True,1,False,True,False,3,0.0458,0.6159,47.02,0.0,0.0,21.32,0.0,1.5,69.85,12.33
1787068592.1065874,274,any_person,position,held,True,1,False,True,False,4,0.0458,0.6166,48.53,0.0,0.0,25.56,0.0,1.0,75.09,12.33
1787068592.1771479,275,any_person,position,held,True,1,False,True,False,5,0.0458,0.6033,44.98,0.0,0.0,20.89,0.0,1.0,66.86,12.33
1787068592.2561896,276,any_person,position,held,True,1,False,True,False,6,0.0458,0.6251,45.31,0.0,0.0,23.71,0.0,0.0,69.02,12.33
1787068592.3398345,277,any_person,position,held,True,1,True,True,True,6,0.0571,0.6219,50.22,0.0,0.0,23.91,0.0,1.01,75.13,12.33
1787068592.4235094,278,any_person,position,held,True,1,True,True,True,7,0.0571,0.6209,44.14,0.0,0.0,21.51,0.0,1.0,66.65,12.33
1787068592.5031939,279,any_person,position,held,True,1,True,True,True,8,0.0571,0.6194,45.86,0.0,0.0,21.81,0.0,1.0,68.66,12.33
1787068592.5814157,280,any_person,position,held,True,1,True,True,True,8,0.0571,0.6137,47.85,0.0,0.0,25.44,0.0,1.0,74.29,12.33
1787068592.6654055,281,any_person,position,held,True,1,True,True,True,8,0.0615,0.6252,51.17,0.0,0.0,22.31,0.0,0.0,74.48,12.33
1787068592.7347605,282,any_person,position,held,True,1,True,True,True,9,0.0615,0.6435,42.76,0.0,0.0,21.6,0.0,1.0,66.35,12.33
1787068592.8061645,283,any_person,position,held,True,1,True,True,True,9,0.0615,0.6353,45.51,0.0,0.0,21.43,0.7,0.76,68.41,12.33
1787068592.8930628,284,any_person,position,held,True,1,True,True,True,10,0.0615,0.647,49.72,0.0,0.0,22.19,0.0,1.0,72.91,12.7
1787068592.9719255,285,any_person,position,held,True,1,True,True,True,11,0.0615,0.613,49.46,0.0,0.0,22.4,0.0,1.0,73.86,12.7
1787068593.0520244,286,any_person,position,held,True,1,True,True,True,11,0.0615,0.6341,47.58,0.0,0.0,26.39,0.0,0.0,74.97,12.7
1787068593.1361618,287,any_person,position,held,True,1,False,True,False,10,0.0397,0.6156,43.7,0.0,0.0,22.54,0.0,1.01,67.25,12.7
1787068593.2180362,288,any_person,position,held,True,1,False,True,False,10,0.0397,0.6358,46.01,0.0,0.0,23.26,0.0,1.01,70.28,12.7
1787068593.2926831,289,any_person,position,held,True,1,False,True,False,10,0.0397,0.6663,44.76,0.0,0.0,21.89,0.0,1.0,67.65,12.7
1787068593.373162,290,any_person,position,held,True,1,False,True,False,10,0.0397,0.6813,46.36,0.0,0.0,24.11,0.0,0.0,71.48,12.7
1787068593.4465942,291,any_person,position,held,True,1,False,True,False,10,0.0397,0.6957,47.93,0.0,0.0,21.46,0.0,0.0,70.4,12.7
1787068593.533655,292,any_person,position,held,True,1,False,True,False,10,0.0397,0.6988,51.91,0.0,0.0,23.78,0.0,1.02,76.71,12.7
1787068593.6136508,293,any_person,position,held,True,1,False,True,False,10,0.0397,0.7102,42.63,0.0,0.0,19.6,0.0,1.0,63.23,12.7
1787068593.6872108,294,any_person,position,held,True,1,False,True,False,10,0.0397,0.7106,47.02,0.0,0.0,22.53,0.0,1.0,70.56,12.7
1787068593.7834227,295,any_person,position,held,True,1,False,True,False,10,0.0397,0.7027,52.53,0.0,0.0,24.48,0.0,1.0,78.01,12.7
1787068593.8565788,296,any_person,position,held,True,1,False,True,False,10,0.0397,0.7,45.58,0.0,0.0,23.57,0.0,0.0,70.15,12.7
1787068593.9282157,297,any_person,position,held,True,1,False,True,False,10,0.0397,0.7016,44.67,0.0,0.0,21.8,0.0,1.17,67.64,12.56
1787068594.008857,298,any_person,position,held,True,1,False,True,False,0,0.0,0.6956,46.33,0.0,0.0,22.89,0.0,1.3,70.52,12.56
1787068594.0866842,299,any_person,position,held,True,1,False,True,False,0,0.0,0.6886,48.95,0.0,0.0,22.1,1.48,0.0,73.54,12.56
1787068594.1637778,300,any_person,position,held,True,1,False,True,False,0,0.0,0.69,49.44,0.0,0.0,21.72,0.0,1.0,72.16,12.56
1787068594.2387943,301,any_person,position,held,True,1,False,True,False,0,0.0,0.6968,46.09,0.0,0.0,23.48,0.0,1.0,70.57,12.56
1787068594.3166711,302,any_person,position,held,True,1,False,True,False,0,0.0,0.7031,49.09,0.0,0.0,21.78,0.0,1.0,71.86,12.56
1787068594.388119,303,any_person,position,held,True,1,False,True,False,0,0.0,0.7059,43.97,0.0,0.0,21.48,1.01,0.0,67.45,12.56
1787068594.45952,304,any_person,position,held,True,1,False,True,False,0,0.0,0.7028,44.45,0.0,0.0,22.87,0.0,1.08,68.4,12.56
1787068594.534954,305,any_person,position,held,True,1,False,True,False,0,0.0,0.6988,48.38,0.0,0.0,22.7,0.0,1.0,72.08,12.56
1787068594.6095736,306,any_person,position,held,True,1,False,True,False,0,0.0,0.6784,47.43,0.0,0.0,21.98,0.0,1.0,70.41,12.56
1787068594.681811,307,any_person,position,held,True,1,False,True,False,0,0.0,0.6874,43.79,0.0,0.0,20.0,1.0,0.0,64.79,12.56
1787068594.7551243,308,any_person,position,held,True,1,False,True,False,0,0.0,0.6632,45.96,0.0,0.0,22.35,0.0,1.0,69.31,12.56
1787068594.8428617,309,any_person,position,held,True,1,False,True,False,0,0.0,0.6271,45.23,0.0,0.0,23.21,0.0,1.81,70.25,12.56
1787068594.9228103,310,any_person,position,held,True,1,False,True,False,0,0.0091,0.629,48.35,0.0,0.0,22.91,0.0,1.0,73.26,12.56
1787068594.995741,311,any_person,position,held,True,1,False,True,False,0,0.0201,0.6263,48.09,0.0,0.0,20.63,0.0,1.21,69.93,13.11
1787068595.0739188,312,any_person,position,held,True,1,False,True,False,0,0.03,0.6191,45.94,0.0,0.0,24.42,0.0,0.51,70.87,13.11
1787068595.1568844,313,any_person,position,held,True,1,False,True,False,0,0.0369,0.6225,49.71,0.0,0.0,25.55,0.0,1.0,76.26,13.11
1787068595.2479572,314,any_person,position,held,True,1,False,True,False,0,0.0435,0.6117,49.22,0.0,0.0,23.85,0.0,1.0,74.07,13.11
1787068595.32523,315,any_person,position,held,True,1,False,True,False,0,0.0442,0.6048,48.19,0.0,0.0,24.09,0.0,1.0,73.27,13.11
1787068595.3979273,316,any_person,position,held,True,1,False,True,False,1,0.0442,0.6197,47.38,0.0,0.0,21.32,0.0,1.0,69.7,13.11
1787068595.469281,317,any_person,position,held,True,1,False,True,False,2,0.0458,0.6176,41.24,0.0,0.0,20.6,0.0,1.0,62.84,13.11
1787068595.5427682,318,any_person,position,held,True,1,False,True,False,2,0.0563,0.6235,46.67,0.0,0.0,22.81,0.0,1.01,70.49,13.11
1787068595.63086,319,any_person,position,held,True,1,False,True,False,2,0.0589,0.6156,46.09,0.0,0.0,22.99,0.0,1.01,70.09,13.11
1787068595.7078242,320,any_person,position,held,True,1,False,True,False,2,0.0746,0.64,46.52,0.0,0.0,21.0,0.0,1.0,68.52,13.11
1787068595.7853582,321,any_person,position,held,True,1,True,True,True,3,0.0746,0.6313,44.18,0.0,0.0,21.35,1.0,0.0,67.53,13.11
1787068595.8620443,322,any_person,position,held,True,1,True,True,True,3,0.0746,0.6194,44.3,0.0,0.0,21.39,0.0,1.0,66.69,13.11
1787068595.941479,323,any_person,position,held,True,1,True,True,True,4,0.0746,0.6198,45.19,0.0,0.0,22.24,0.0,1.01,68.44,13.11
1787068596.0220346,324,any_person,position,held,True,1,True,True,True,5,0.0746,0.6209,47.67,0.0,0.0,23.37,0.0,1.01,72.05,12.67
1787068596.098235,325,any_person,position,held,True,1,True,True,True,6,0.0746,0.6208,47.91,0.0,0.0,22.29,0.0,1.0,71.2,12.67
1787068596.1791565,326,any_person,position,held,True,1,True,True,True,7,0.0746,0.6093,50.07,0.0,0.0,23.51,1.33,0.0,75.92,12.67
1787068596.2718685,327,any_person,position,held,True,1,True,True,True,7,0.0746,0.627,50.57,0.0,0.0,24.05,0.0,1.0,75.62,12.67
1787068596.3629415,328,any_person,position,held,True,1,True,True,True,8,0.0746,0.6377,48.96,0.0,0.0,24.12,0.0,1.0,74.08,12.67
1787068596.4389482,329,any_person,position,held,True,1,True,True,True,9,0.0655,0.6117,48.65,0.0,0.0,21.35,1.0,0.0,72.01,12.67
1787068596.5094428,330,any_person,position,held,True,1,True,True,True,9,0.0545,0.6049,42.98,0.0,0.0,21.0,0.0,1.0,64.99,12.67
1787068596.580861,331,any_person,position,held,True,1,True,True,True,9,0.0665,0.6033,45.95,0.0,0.0,21.03,0.0,0.0,67.98,12.67
1787068596.656259,332,any_person,position,held,True,1,True,True,True,9,0.0665,0.6387,45.09,0.0,0.0,24.31,0.0,1.0,70.4,12.67
1787068596.7378476,333,any_person,position,held,True,1,True,True,True,9,0.0665,0.6915,50.05,0.0,0.0,23.54,0.0,1.0,74.59,12.67
1787068596.8226852,334,any_person,position,held,True,1,True,True,True,10,0.0665,0.6611,43.27,0.0,0.0,22.04,0.0,1.0,66.32,12.67
1787068596.9016478,335,any_person,position,held,True,1,True,True,True,10,0.0665,0.6695,45.22,0.0,0.0,21.0,1.01,0.0,68.23,12.67
1787068596.979779,336,any_person,position,held,True,1,True,True,True,10,0.0665,0.6808,47.51,0.0,0.0,21.62,0.0,1.0,70.13,12.67
1787068597.0570443,337,any_person,position,held,True,1,True,True,True,10,0.0665,0.688,47.08,0.0,0.0,21.86,0.0,1.0,69.94,12.56
1787068597.1363015,338,any_person,position,held,True,1,True,True,True,10,0.0665,0.7014,46.79,0.0,0.0,23.46,0.0,1.0,71.26,12.56
1787068597.2129526,339,any_person,position,held,True,1,True,True,True,10,0.0665,0.7009,47.49,0.0,0.0,20.98,0.0,1.16,69.63,12.56
1787068597.289082,340,any_person,position,held,True,1,True,True,True,10,0.0665,0.7171,48.62,0.0,0.0,21.49,1.01,0.0,72.12,12.56
1787068597.368223,341,any_person,position,held,True,1,True,True,True,10,0.0665,0.7303,44.46,0.0,0.0,22.17,0.0,1.02,67.65,12.56
1787068597.4492495,342,any_person,position,held,True,1,True,True,True,10,0.0665,0.7209,47.45,0.0,0.0,22.56,0.0,1.01,71.02,12.56
1787068597.5226648,343,any_person,position,held,True,1,True,True,True,10,0.0665,0.7084,47.15,0.0,0.0,21.26,0.0,1.01,69.42,12.56
1787068597.604294,344,any_person,position,held,True,1,True,True,True,10,0.0665,0.7091,46.52,0.0,0.0,23.11,0.0,1.0,71.63,12.56
1787068597.6772928,345,any_person,position,held,True,1,False,True,False,0,0.0,0.718,44.55,0.0,0.0,22.45,0.0,0.0,67.0,12.56
1787068597.761939,346,any_person,position,held,True,1,False,True,False,0,0.0,0.7107,47.59,0.0,0.0,24.91,0.0,1.01,73.51,12.56
1787068597.8411818,347,any_person,position,held,True,1,False,True,False,0,0.0,0.7266,53.98,0.0,0.0,20.27,0.0,1.0,75.25,12.56
1787068597.9121227,348,any_person,position,held,True,1,False,True,False,0,0.0,0.7146,45.05,0.0,0.0,21.89,0.0,1.0,67.94,12.56
1787068597.9830587,349,any_person,position,held,True,1,False,True,False,0,0.0,0.7197,44.59,0.0,0.0,21.84,0.0,1.0,67.43,12.56
1787068598.0581806,350,any_person,position,held,True,1,False,True,False,0,0.0,0.733,45.84,0.0,0.0,25.05,0.0,1.0,71.88,12.99
1787068598.134042,351,any_person,position,held,True,1,False,True,False,0,0.0,0.7198,49.28,0.0,0.0,22.59,0.0,1.0,72.86,12.99
1787068598.2065234,352,any_person,position,held,True,1,False,True,False,0,0.0,0.717,46.03,0.0,0.0,21.45,0.0,0.0,68.48,12.99
1787068598.292306,353,any_person,position,held,True,1,False,True,False,0,0.0,0.7077,50.22,0.0,0.0,27.05,0.0,0.5,77.78,12.99
1787068598.3784497,354,any_person,position,held,True,1,False,True,False,0,0.0,0.6897,46.74,0.0,0.0,23.4,0.0,1.0,71.14,12.99
1787068598.450944,355,any_person,position,held,True,1,False,True,False,0,0.0,0.7055,43.51,0.0,0.0,20.98,0.0,1.0,65.49,12.99
1787068598.5296855,356,any_person,position,held,True,1,False,True,False,0,0.0,0.6989,43.8,0.0,0.0,22.94,0.0,1.0,67.74,12.99
1787068598.6105673,357,any_person,position,held,True,1,False,True,False,0,0.0,0.69,47.76,0.0,0.0,21.67,0.0,1.45,70.88,12.99
1787068598.6913545,358,any_person,position,held,True,1,False,True,False,0,0.0,0.7007,49.45,0.0,0.0,22.33,0.0,1.0,72.78,12.99
1787068598.764349,359,any_person,position,held,True,1,False,True,False,0,0.0,0.6978,45.41,0.0,0.0,21.58,0.0,1.0,67.99,12.99
1787068598.8375762,360,any_person,position,held,True,1,False,True,False,0,0.0,0.6969,44.73,0.0,0.0,23.02,0.0,0.97,69.23,12.99
1787068598.9184606,361,any_person,position,held,True,1,False,True,False,0,0.0,0.6917,45.52,0.0,0.0,20.82,0.0,1.34,67.68,12.99
1787068598.9975672,362,any_person,position,held,True,1,False,True,False,0,0.0,0.6936,46.52,0.0,0.0,21.57,0.0,1.01,69.1,12.99
1787068599.074179,363,any_person,position,held,True,1,False,True,False,0,0.0,0.6871,44.69,0.0,0.0,21.92,0.0,1.0,67.61,12.8
1787068599.1570687,364,any_person,position,held,True,1,False,True,False,0,0.0,0.687,47.45,0.0,0.0,24.45,0.0,0.0,72.89,12.8
1787068599.232033,365,any_person,position,held,True,1,False,True,False,0,0.0,0.6919,48.44,0.0,0.0,21.02,0.0,1.0,70.46,12.8
1787068599.310955,366,any_person,position,held,True,1,False,True,False,0,0.0,0.6881,48.59,0.0,0.0,21.33,0.0,1.0,70.93,12.8
1787068599.3881457,367,any_person,position,held,True,1,False,True,False,0,0.0,0.6984,49.71,0.0,0.0,21.48,0.0,1.0,72.19,12.8
1787068599.468321,368,any_person,position,held,True,1,False,True,False,0,0.0,0.7011,49.13,0.0,0.0,24.04,0.0,1.0,74.17,12.8
1787068599.5649505,369,any_person,position,held,True,1,False,True,False,0,0.0,0.6865,73.43,0.0,0.0,19.2,0.0,0.0,93.63,12.8
1787068599.6353989,370,any_person,position,held,True,1,False,True,False,0,0.0,0.6943,43.44,0.0,0.0,23.01,0.0,1.0,67.45,12.8
1787068599.7131274,371,any_person,position,held,True,1,False,True,False,0,0.0,0.6993,48.04,0.0,0.0,23.69,0.0,1.0,72.73,12.8
1787068599.7911532,372,any_person,position,held,True,1,False,True,False,0,0.0,0.7057,48.71,0.0,0.0,23.07,0.0,0.0,72.79,12.8
1787068599.8802922,373,any_person,position,held,True,1,False,True,False,0,0.0,0.6895,60.73,0.0,0.0,21.39,1.0,0.0,84.14,12.8
1787068599.959979,374,any_person,position,held,True,1,False,True,False,0,0.0,0.6864,44.89,0.0,0.0,23.8,0.0,1.0,69.69,12.8
1787068600.0375755,375,any_person,position,held,True,1,False,True,False,0,0.0,0.6895,49.45,0.0,0.0,23.15,0.0,1.0,73.6,12.8
1787068600.1114647,376,any_person,position,held,True,1,False,True,False,0,0.0,0.7139,44.51,0.0,0.0,21.9,0.0,1.17,67.58,12.53
1787068600.1875722,377,any_person,position,held,True,1,False,True,False,0,0.0,0.6976,43.39,0.0,0.0,21.58,0.0,0.91,65.88,12.53
1787068600.267413,378,any_person,position,held,True,1,False,True,False,0,0.0,0.6865,44.82,0.0,0.0,21.52,0.0,1.0,68.33,12.53
1787068600.3511322,379,any_person,position,held,True,1,False,True,False,0,0.0,0.6987,48.83,0.0,0.0,21.53,1.35,0.0,72.72,12.53
1787068600.4280267,380,any_person,position,held,True,1,False,True,False,0,0.0,0.6966,48.53,0.0,0.0,22.99,0.0,1.0,72.53,12.53
1787068600.5078478,381,any_person,position,held,True,1,False,True,False,0,0.0,0.6977,49.05,0.0,0.0,23.77,0.0,1.0,73.82,12.53
1787068600.583778,382,any_person,position,held,True,1,False,True,False,0,0.0,0.7005,47.44,0.0,0.0,23.48,0.0,1.01,72.93,12.53
1787068600.6546085,383,any_person,position,held,True,1,False,True,False,0,0.0,0.6973,45.32,0.0,0.0,20.51,1.0,0.0,67.83,12.53
1787068600.7287006,384,any_person,position,held,True,1,False,True,False,0,0.0,0.7007,47.41,0.0,0.0,21.69,1.0,0.0,71.09,12.53
1787068600.8094625,385,any_person,position,held,True,1,False,True,False,0,0.0,0.7055,43.11,0.0,0.0,22.65,0.0,1.0,66.75,12.53
1787068600.8872697,386,any_person,position,held,True,1,False,True,False,0,0.0,0.6826,49.64,0.0,0.0,22.79,0.0,1.38,73.81,12.53
1787068600.9751027,387,any_person,position,held,True,1,False,True,False,0,0.0,0.6941,51.86,0.0,0.0,23.55,0.0,1.0,77.41,12.53
1787068601.0583413,388,any_person,position,held,True,1,False,True,False,0,0.0,0.7063,43.95,0.0,0.0,21.94,1.02,0.0,67.9,12.53
1787068601.1404054,389,any_person,position,held,True,1,False,True,False,0,0.0,0.7092,47.88,0.0,0.0,23.06,0.0,1.0,71.93,12.63
1787068601.2118254,390,any_person,position,held,True,1,False,True,False,0,0.0,0.6948,41.61,0.0,0.0,22.51,0.0,0.0,65.12,12.63
1787068601.2809937,391,any_person,position,held,True,1,False,True,False,0,0.0,0.6529,43.51,0.0,0.0,21.66,0.0,1.0,66.17,12.63
1787068601.3629012,392,any_person,position,held,True,1,False,True,False,0,0.0,0.6433,54.57,0.0,0.0,22.25,0.0,1.0,77.82,12.63
1787068601.4694436,393,any_person,position,held,True,1,False,True,False,0,0.0,0.6442,67.57,0.0,0.0,21.73,0.0,1.0,90.3,12.63
1787068601.5500188,394,any_person,position,held,True,1,False,True,False,0,0.0056,0.6381,51.59,0.0,0.0,24.49,0.0,1.49,77.58,12.63
1787068601.6366372,395,any_person,position,held,True,1,False,True,False,0,0.0185,0.636,47.23,0.0,0.0,22.45,0.0,1.0,71.67,12.63
1787068601.7162054,396,any_person,position,held,True,1,False,True,False,0,0.0219,0.6339,49.12,0.0,0.0,23.45,1.0,0.0,74.57,12.63
1787068601.791281,397,any_person,position,held,True,1,False,True,False,1,0.0219,0.6259,47.22,0.0,0.0,22.02,0.0,1.01,71.25,12.63
1787068601.8679726,398,any_person,position,held,True,1,False,True,False,2,0.0219,0.6202,44.19,0.0,0.0,22.78,0.0,1.2,68.17,12.63
1787068601.9464414,399,any_person,position,held,True,1,False,True,False,3,0.0219,0.6267,45.85,0.0,0.0,21.61,0.0,1.01,68.46,12.63
1787068602.0277994,400,any_person,position,held,True,1,False,True,False,3,0.0219,0.6208,47.42,0.0,0.0,24.94,0.0,1.0,73.36,12.63
1787068602.1044326,401,any_person,position,held,True,1,False,True,False,4,0.0229,0.6114,49.96,0.0,0.0,22.16,0.0,1.0,73.13,12.63
1787068602.183334,402,any_person,position,held,True,1,False,True,False,4,0.0327,0.6063,47.44,0.0,0.0,25.13,0.0,1.0,74.56,12.46
1787068602.2552612,403,any_person,position,held,True,1,False,True,False,4,0.0363,0.6252,45.93,0.0,0.0,21.99,0.0,1.0,68.93,12.46
1787068602.3310237,404,any_person,position,held,True,1,False,True,False,4,0.0454,0.6093,45.14,0.0,0.0,20.62,0.0,1.0,66.76,12.46
1787068602.4030776,405,any_person,position,held,True,1,False,True,False,4,0.0458,0.6217,45.48,0.0,0.0,21.19,0.0,1.38,68.05,12.46
1787068602.488526,406,any_person,position,held,True,1,True,True,True,4,0.1059,0.6512,46.37,0.0,0.0,21.3,0.0,1.0,68.68,12.46
1787068602.5591278,407,any_person,position,held,True,1,True,True,True,5,0.1059,0.6437,42.82,0.0,0.0,22.78,0.0,0.0,66.6,12.46
1787068602.6325932,408,any_person,position,held,True,1,True,True,True,5,0.1059,0.6401,48.56,0.0,0.0,20.9,0.0,1.0,70.46,12.46
1787068602.7097075,409,any_person,position,held,True,1,True,True,True,6,0.1059,0.6429,49.68,0.0,0.0,23.43,0.0,1.0,74.12,12.46
1787068602.7912354,410,any_person,position,held,True,1,True,True,True,7,0.1059,0.6152,50.3,0.0,0.0,23.23,0.0,1.0,74.53,12.46
1787068602.8706882,411,any_person,position,held,True,1,True,True,True,8,0.1059,0.611,51.96,0.0,0.0,22.16,0.0,1.0,75.12,12.46
1787068602.9572947,412,any_person,position,held,True,1,True,True,True,8,0.1059,0.636,46.32,0.0,0.0,23.5,0.0,0.0,70.81,12.46
1787068603.0296342,413,any_person,position,held,True,1,True,True,True,9,0.1002,0.6225,43.58,0.0,0.0,21.76,0.0,1.0,66.34,12.46
1787068603.1099417,414,any_person,position,held,True,1,True,True,True,10,0.0874,0.6311,44.75,0.0,0.0,22.55,0.0,1.0,68.3,12.46
1787068603.1909862,415,any_person,position,held,True,1,True,True,True,10,0.0851,0.6238,50.16,0.0,0.0,20.87,0.0,1.01,72.05,12.9
1787068603.2663846,416,any_person,position,held,True,1,True,True,True,9,0.0851,0.6239,46.64,0.0,0.0,21.9,1.0,1.0,70.55,12.9
1787068603.3422124,417,any_person,position,held,True,1,True,True,True,8,0.0844,0.6227,48.57,0.0,0.0,20.18,0.0,1.0,69.75,12.9
1787068603.4144974,418,any_person,position,held,True,1,True,True,True,8,0.0844,0.6175,45.97,0.0,0.0,22.0,0.0,1.0,68.97,12.9
1787068603.4949636,419,any_person,position,held,True,1,True,True,True,8,0.0844,0.6127,45.51,0.0,0.0,21.4,0.0,1.0,67.91,12.9
1787068603.5728817,420,any_person,position,held,True,1,True,True,True,9,0.0829,0.617,44.59,0.0,0.0,22.32,0.0,1.0,67.91,12.9
1787068603.6506844,421,any_person,position,held,True,1,True,True,True,10,0.0732,0.6165,42.64,0.0,0.0,23.15,0.0,1.01,66.8,12.9
1787068603.7331076,422,any_person,position,held,True,1,True,True,True,10,0.0696,0.632,47.34,0.0,0.0,23.06,0.0,1.0,71.4,12.9
1787068603.8119268,423,any_person,position,held,True,1,True,True,True,11,0.0678,0.6284,46.55,0.0,0.0,24.27,0.0,1.0,71.82,12.9
1787068603.8967144,424,any_person,position,held,True,1,True,True,True,11,0.0678,0.6038,54.9,0.0,0.53,22.36,0.0,1.0,79.79,12.9
1787068603.9737659,425,any_person,position,held,True,1,True,True,True,11,0.0678,0.6344,51.04,0.0,0.0,22.0,0.0,1.01,74.05,12.9
1787068604.0611913,426,any_person,position,held,True,1,True,True,True,12,0.0608,0.6215,49.45,0.0,0.0,21.7,0.0,1.0,73.14,12.9
1787068604.1374946,427,any_person,position,held,True,1,True,True,True,11,0.0608,0.6211,48.48,0.0,0.0,22.42,0.0,0.0,71.91,12.9
1787068604.214712,428,any_person,position,held,True,1,True,True,True,11,0.0608,0.6161,49.98,0.0,0.0,23.24,0.0,1.0,74.22,12.7
1787068604.2927535,429,any_person,position,held,True,1,False,True,False,11,0.0495,0.5963,47.69,0.0,0.0,25.36,0.0,1.0,74.05,12.7
1787068604.3700376,430,any_person,position,held,True,1,False,True,False,11,0.0495,0.6137,48.54,0.0,0.0,23.27,1.01,0.0,73.82,12.7
1787068604.4653852,431,any_person,position,held,True,1,False,True,False,10,0.0495,0.6398,56.23,0.0,0.0,20.22,1.0,0.0,77.45,12.7
1787068604.551943,432,any_person,position,held,True,1,False,True,False,10,0.0495,0.6325,47.51,0.0,0.0,22.52,0.0,0.59,71.13,12.7
1787068604.6314855,433,any_person,position,held,True,1,False,True,False,10,0.0454,0.6591,47.87,0.0,0.0,24.13,0.0,1.07,73.07,12.7
1787068604.7051072,434,any_person,position,held,True,1,False,True,False,10,0.0454,0.6653,44.6,0.0,0.0,23.81,0.0,1.03,69.97,12.7
1787068604.7870727,435,any_person,position,held,True,1,False,True,False,10,0.0454,0.6793,49.85,0.0,0.0,25.05,0.0,0.52,75.43,12.7
1787068604.8807926,436,any_person,position,held,True,1,False,True,False,10,0.0454,0.6837,48.75,0.0,0.0,26.51,0.0,1.45,76.71,12.7
1787068604.9579473,437,any_person,position,held,True,1,False,True,False,10,0.0454,0.6888,50.16,0.0,0.0,23.06,0.0,1.09,74.31,12.7
1787068605.0336099,438,any_person,position,held,True,1,False,True,False,10,0.0454,0.6863,49.07,0.0,0.0,22.59,0.0,1.0,72.66,12.7
1787068605.1259437,439,any_person,position,held,True,1,False,True,False,10,0.0454,0.6877,50.02,0.0,0.0,24.02,0.0,0.0,75.44,12.7
1787068605.216585,440,any_person,position,held,True,1,False,True,False,10,0.0454,0.69,48.97,0.0,0.0,24.76,0.0,1.0,74.73,11.98
1787068605.2961102,441,any_person,position,held,True,1,False,True,False,10,0.0454,0.6777,51.51,0.0,0.0,23.13,0.0,1.0,76.15,11.98
1787068605.3838143,442,any_person,position,held,True,1,False,True,False,10,0.0454,0.6596,47.03,0.0,0.0,21.9,0.0,1.01,69.93,11.98
1787068605.459758,443,any_person,position,held,True,1,False,True,False,10,0.0454,0.6658,49.03,0.0,0.0,21.47,0.0,0.52,71.53,11.98
1787068605.5455353,444,any_person,position,held,True,1,True,True,True,10,0.0861,0.6283,50.22,0.0,0.0,24.99,0.0,1.03,76.25,11.98
1787068605.6215677,445,any_person,position,held,True,1,True,True,True,10,0.0861,0.6209,49.38,0.0,0.0,22.89,0.0,0.5,72.78,11.98
1787068605.708694,446,any_person,position,held,True,1,True,True,True,11,0.0734,0.6223,43.54,0.0,0.0,23.56,0.0,1.0,68.1,11.98
1787068605.7843118,447,any_person,position,held,True,1,True,True,True,11,0.0734,0.6233,43.51,0.0,0.0,21.08,0.0,1.51,66.1,11.98
1787068605.8568647,448,any_person,position,held,True,1,True,True,True,11,0.0734,0.6088,45.75,0.0,0.0,22.36,0.0,1.0,69.1,11.98
1787068605.9471164,449,any_person,position,held,True,1,True,True,True,10,0.0734,0.6266,50.21,0.0,0.0,23.98,0.0,0.0,75.19,11.98
1787068606.0413227,450,any_person,position,held,True,1,True,True,True,10,0.0734,0.6177,50.96,0.0,0.0,24.93,0.0,1.0,76.89,11.98
1787068606.126385,451,any_person,position,held,True,1,True,True,True,10,0.0734,0.625,45.52,0.0,0.0,22.52,0.0,1.0,69.04,11.98
1787068606.2031527,452,any_person,position,held,True,1,True,True,True,10,0.0734,0.6348,48.01,0.0,0.0,24.76,0.0,1.0,73.77,11.98
1787068606.289459,453,any_person,position,held,True,1,True,True,True,10,0.0734,0.6457,51.93,0.0,0.0,21.87,0.0,1.51,75.31,12.12
1787068606.3876078,454,any_person,position,held,True,1,True,True,True,10,0.0734,0.6382,55.55,0.0,0.0,24.07,0.0,1.01,80.63,12.12
1787068606.4841843,455,any_person,position,held,True,1,True,True,True,9,0.0734,0.6333,58.43,0.0,0.0,23.8,0.0,1.72,83.94,12.12
1787068606.5696561,456,any_person,position,held,True,1,True,True,True,9,0.0734,0.6379,50.28,0.0,0.0,24.18,0.0,0.0,75.46,12.12
1787068606.6583586,457,any_person,position,held,True,1,True,True,True,10,0.0699,0.6256,46.45,0.0,0.0,22.92,0.0,1.01,70.38,12.12
1787068606.743561,458,any_person,position,held,True,1,True,True,True,10,0.0691,0.6205,56.53,0.0,0.0,20.97,0.0,1.19,78.69,12.12
1787068606.8323476,459,any_person,position,held,True,1,True,True,True,10,0.0691,0.6216,48.99,0.0,0.0,24.57,0.0,1.0,74.56,12.12
1787068606.9257326,460,any_person,position,held,True,1,True,True,True,11,0.0536,0.617,48.22,0.0,0.0,25.35,0.0,1.51,75.08,12.12
1787068607.0163188,461,any_person,position,held,True,1,True,True,True,12,0.0533,0.635,49.53,0.0,0.0,23.01,0.0,1.0,73.54,12.12
1787068607.098125,462,any_person,position,held,True,1,True,True,True,12,0.0533,0.6732,53.25,0.0,0.0,23.04,1.0,0.0,78.29,12.12
1787068607.1791704,463,any_person,position,held,True,1,True,True,True,12,0.0533,0.6537,52.26,0.0,0.0,23.77,0.0,1.01,78.05,12.12
1787068607.2645612,464,any_person,position,held,True,1,True,True,True,12,0.0533,0.6738,48.54,0.0,0.0,23.22,0.0,1.12,72.88,12.12
1787068607.3460786,465,any_person,position,held,True,1,True,True,True,12,0.0533,0.678,50.14,0.0,0.0,25.37,0.0,1.0,77.51,11.36
1787068607.4385512,466,any_person,position,held,True,1,True,True,True,12,0.0533,0.6753,55.09,0.0,0.0,22.74,0.0,0.5,78.33,11.36
1787068607.5346506,467,any_person,position,held,True,1,True,True,True,12,0.0533,0.6877,52.13,0.0,0.0,26.29,0.0,1.01,80.43,11.36
1787068607.6252668,468,any_person,position,held,True,1,True,True,True,12,0.0533,0.6753,53.69,0.0,0.0,22.93,0.0,1.0,77.61,11.36
1787068607.7182221,469,any_person,position,held,True,1,True,True,True,12,0.0533,0.6824,50.24,0.0,0.0,25.7,0.0,1.01,77.95,11.36
1787068607.80979,470,any_person,position,held,True,1,True,True,True,12,0.0533,0.6654,52.11,0.0,0.0,23.26,0.0,1.0,76.37,11.36
1787068607.8986328,471,any_person,position,held,True,1,True,True,True,12,0.0533,0.6475,47.95,0.0,0.0,24.61,0.0,1.0,73.56,11.36
1787068607.990907,472,any_person,position,held,True,1,False,True,False,0,0.0,0.6458,48.46,0.0,0.0,23.3,0.0,1.0,73.76,11.36
1787068608.0722518,473,any_person,position,held,True,1,False,True,False,0,0.0,0.614,51.93,0.0,0.0,24.41,0.0,0.0,77.35,11.36
1787068608.1524973,474,any_person,position,held,True,1,False,True,False,0,0.0036,0.6182,49.97,0.0,0.0,25.58,0.0,1.01,76.55,11.36
1787068608.245064,475,any_person,position,held,True,1,False,True,False,1,0.0082,0.64,52.2,0.0,0.0,24.27,0.0,1.0,77.47,11.36
1787068608.33645,476,any_person,position,held,True,1,False,True,False,1,0.024,0.6404,49.28,0.0,0.0,24.38,0.0,1.22,74.87,11.36
1787068608.4103823,477,any_person,position,held,True,1,False,True,False,1,0.0259,0.6353,46.61,0.0,0.0,22.31,0.0,1.0,69.92,11.27
1787068608.4837604,478,any_person,position,held,True,1,False,True,False,2,0.0259,0.6237,45.74,0.0,0.0,23.63,0.0,0.0,69.38,11.27
1787068608.5700965,479,any_person,position,held,True,1,False,True,False,2,0.0259,0.6286,51.85,0.0,0.0,22.55,1.34,0.0,76.76,11.27
1787068608.6580265,480,any_person,position,held,True,1,False,True,False,3,0.0259,0.6208,47.63,0.0,0.0,23.18,0.0,1.03,71.84,11.27
1787068608.7332406,481,any_person,position,held,True,1,False,True,False,4,0.0259,0.6322,45.66,0.0,0.0,22.19,0.0,0.0,69.21,11.27
1787068608.809601,482,any_person,position,held,True,1,False,True,False,4,0.0259,0.6242,44.28,0.0,0.0,22.62,0.0,1.0,67.9,11.27
1787068608.8833632,483,any_person,position,held,True,1,False,True,False,4,0.0259,0.63,45.7,0.0,0.0,23.06,0.0,1.0,69.76,11.27
1787068608.9689634,484,any_person,position,held,True,1,False,True,False,5,0.0259,0.6257,46.94,0.0,0.0,24.14,1.01,0.0,73.09,11.27
1787068609.0456483,485,any_person,position,held,True,1,False,True,False,5,0.0259,0.6118,47.32,0.0,0.0,23.37,0.0,1.0,72.69,11.27
1787068609.1222305,486,any_person,position,held,True,1,False,True,False,6,0.0259,0.6254,49.2,0.0,0.0,21.89,0.0,1.0,72.09,11.27
1787068609.2002575,487,any_person,position,held,True,1,False,True,False,7,0.0259,0.6262,50.4,0.0,0.0,21.42,0.0,1.21,73.03,11.27
1787068609.2738652,488,any_person,position,held,True,1,False,True,False,7,0.0294,0.6075,46.82,0.0,0.0,21.79,0.0,1.0,69.61,11.27
1787068609.3496947,489,any_person,position,held,True,1,False,True,False,8,0.0294,0.6077,43.94,0.0,0.0,22.89,0.0,1.0,68.83,11.27
1787068609.4263904,490,any_person,position,held,True,1,False,True,False,8,0.0294,0.609,43.83,0.0,1.0,23.05,0.0,1.0,68.88,12.8
1787068609.5040922,491,any_person,position,held,True,1,False,True,False,8,0.0296,0.6212,44.87,0.0,0.0,21.52,0.0,1.3,68.7,12.8
1787068609.5881054,492,any_person,position,held,True,1,False,True,False,9,0.0296,0.6246,47.24,0.0,0.0,25.77,0.59,0.52,74.62,12.8
1787068609.6627023,493,any_person,position,held,True,1,False,True,False,10,0.0296,0.6297,47.85,0.0,0.0,20.7,1.04,0.0,70.59,12.8
1787068609.7419376,494,any_person,position,held,True,1,False,True,False,9,0.0296,0.6594,52.9,0.0,0.0,22.34,0.0,1.0,76.24,12.8
1787068609.8115323,495,any_person,position,held,True,1,False,True,False,9,0.0334,0.6324,44.92,0.0,0.0,18.98,0.0,1.31,65.22,12.8
1787068609.8945892,496,any_person,position,held,True,1,False,True,False,10,0.0334,0.6311,46.05,0.0,0.0,23.0,0.0,1.0,70.05,12.8
1787068609.976765,497,any_person,position,held,True,1,False,True,False,10,0.0334,0.6415,51.18,0.0,0.0,22.0,0.0,0.0,74.18,12.8
1787068610.0615585,498,any_person,position,held,True,1,False,True,False,9,0.0334,0.6264,44.15,0.0,0.0,22.13,0.0,1.0,67.29,12.8
1787068610.1355197,499,any_person,position,held,True,1,False,True,False,9,0.0334,0.6022,46.95,0.0,0.0,22.02,0.0,1.0,69.97,12.8
1787068610.2195885,500,any_person,position,held,True,1,False,True,False,9,0.0334,0.6214,47.59,0.0,0.0,22.47,0.0,1.0,71.06,12.8
1787068610.3020854,501,any_person,position,held,True,1,False,True,False,9,0.0334,0.6161,50.11,0.0,0.0,23.39,1.0,0.0,75.5,12.8
1787068610.3747754,502,any_person,position,held,True,1,False,True,False,9,0.0334,0.6275,46.4,0.0,0.0,22.1,0.0,1.0,69.5,12.8
1787068610.4532962,503,any_person,position,held,True,1,False,True,False,8,0.0334,0.6133,47.24,0.0,0.0,24.77,0.0,0.5,72.52,12.66
1787068610.5239534,504,any_person,position,held,True,1,False,True,False,9,0.0334,0.605,43.31,0.0,0.0,20.34,0.0,1.0,64.65,12.66
1787068610.606858,505,any_person,position,held,True,1,False,True,False,9,0.0394,0.6112,44.46,0.0,0.0,24.73,0.0,0.71,69.91,12.66
1787068610.6843567,506,any_person,position,held,True,1,False,True,False,8,0.0403,0.6094,48.66,0.0,0.0,24.11,0.0,1.14,73.91,12.66
1787068610.762017,507,any_person,position,held,True,1,False,True,False,9,0.0403,0.6214,45.59,0.0,1.0,21.33,0.0,1.29,69.22,12.66
1787068610.8403323,508,any_person,position,held,True,1,False,True,False,9,0.0403,0.6122,52.83,0.0,0.0,20.48,0.0,1.0,74.31,12.66
1787068610.912969,509,any_person,position,held,True,1,False,True,False,10,0.0403,0.6115,45.02,0.0,0.0,22.61,0.0,1.01,68.64,12.66
1787068610.9947057,510,any_person,position,held,True,1,False,True,False,11,0.0403,0.6084,43.83,0.0,0.0,23.9,1.0,0.0,69.74,12.66
1787068611.0756657,511,any_person,position,held,True,1,False,True,False,11,0.0403,0.6097,50.65,0.0,0.0,22.1,0.0,1.21,73.96,12.66
1787068611.1503196,512,any_person,position,held,True,1,False,True,False,10,0.0403,0.618,46.99,0.0,0.0,21.66,1.0,0.0,70.65,12.66
1787068611.2236362,513,any_person,position,held,True,1,False,True,False,11,0.0403,0.6209,44.6,0.0,0.0,21.21,0.0,1.0,66.81,12.66
1787068611.304024,514,any_person,position,held,True,1,False,True,False,11,0.0461,0.617,44.74,0.0,0.0,22.29,0.0,0.0,68.39,12.66
1787068611.3823714,515,any_person,position,held,True,1,False,True,False,11,0.0461,0.6195,44.73,0.0,0.0,22.6,0.0,1.01,68.34,12.66
1787068611.4649532,516,any_person,position,held,True,1,False,True,False,11,0.0451,0.6128,48.22,0.0,0.0,23.36,0.0,1.0,72.58,12.85
1787068611.5406044,517,any_person,position,held,True,1,False,True,False,11,0.0367,0.6003,48.7,0.0,0.0,21.49,0.0,1.0,71.18,12.85
1787068611.6152534,518,any_person,position,held,True,1,False,True,False,11,0.0367,0.5853,44.46,0.0,0.0,22.7,0.0,0.5,68.67,12.85
1787068611.6841078,519,any_person,position,held,True,1,False,True,False,11,0.0392,0.5596,43.91,0.0,0.0,20.45,0.0,0.0,65.36,12.85
1787068611.7717934,520,any_person,position,held,True,1,False,True,False,11,0.0451,0.5745,45.95,0.0,0.0,23.55,0.0,1.0,70.5,12.85
1787068611.8455927,521,any_person,position,held,True,1,False,True,False,11,0.0478,0.58,44.98,0.0,0.0,22.82,0.0,1.0,69.8,12.85
1787068611.932363,522,any_person,position,held,True,1,False,True,False,11,0.0478,0.5689,48.01,0.0,0.0,24.82,0.0,0.0,74.26,12.85
1787068612.0049047,523,any_person,position,held,True,1,False,True,False,11,0.0499,0.5778,45.08,0.0,0.0,23.45,0.0,1.0,69.54,12.85
1787068612.079916,524,any_person,position,held,True,1,True,True,True,11,0.0577,0.6009,42.7,0.0,0.0,21.05,0.0,1.26,65.01,12.85
1787068612.158154,525,any_person,position,held,True,1,True,True,True,10,0.0727,0.5978,43.74,0.0,0.0,21.5,0.0,0.0,66.24,12.85
1787068612.2367818,526,any_person,position,held,True,1,True,True,True,10,0.0727,0.5914,43.59,0.0,0.0,22.17,0.0,1.0,66.77,12.85
1787068612.3165276,527,any_person,position,held,True,1,True,True,True,10,0.0727,0.6249,45.53,0.0,0.0,22.21,0.0,1.0,69.74,12.85
1787068612.3932014,528,any_person,position,held,True,1,True,True,True,10,0.0727,0.6258,49.72,0.0,0.0,22.95,0.0,1.0,73.67,12.85
1787068612.4734387,529,any_person,position,held,True,1,True,True,True,10,0.0727,0.6364,47.88,0.0,0.0,22.34,0.0,1.5,71.72,12.89
1787068612.5534835,530,any_person,position,held,True,1,True,True,True,10,0.0727,0.6399,45.42,0.0,0.0,25.0,0.0,1.29,72.73,12.89
1787068612.6343513,531,any_person,position,held,True,1,True,True,True,10,0.0727,0.6313,52.06,0.0,0.0,22.78,1.01,0.0,76.94,12.89
1787068612.722272,532,any_person,position,held,True,1,True,True,True,10,0.0727,0.6585,47.35,0.0,0.0,22.72,0.0,1.0,72.07,12.89
1787068612.8015413,533,any_person,position,held,True,1,True,True,True,10,0.0727,0.6381,48.52,0.0,0.0,23.75,0.0,1.0,73.27,12.89
1787068612.8792777,534,any_person,position,held,True,1,True,True,True,10,0.0727,0.6518,48.16,0.0,0.0,24.58,0.0,1.0,73.74,12.89
1787068612.9577558,535,any_person,position,held,True,1,True,True,True,10,0.0727,0.6453,50.13,0.0,0.0,23.22,0.0,0.53,74.41,12.89
1787068613.0360246,536,any_person,position,held,True,1,True,True,True,9,0.1315,0.6457,49.6,0.0,0.0,24.92,0.0,1.0,75.52,12.89
1787068613.1245558,537,any_person,position,held,True,1,True,True,True,9,0.1315,0.6512,47.71,0.0,0.0,22.9,0.0,1.11,71.71,12.89
1787068613.2044299,538,any_person,position,held,True,1,True,True,True,9,0.1315,0.6637,49.06,0.0,0.0,24.28,0.0,1.0,74.34,12.89
1787068613.276258,539,any_person,position,held,True,1,True,True,True,9,0.1315,0.6307,45.1,0.0,0.0,21.39,0.0,1.0,67.49,12.89
1787068613.3556778,540,any_person,position,held,True,1,True,True,True,9,0.1315,0.6599,45.55,0.0,0.0,21.36,0.0,0.0,68.42,12.89
1787068613.428368,541,any_person,position,held,True,1,True,True,True,9,0.1315,0.6392,45.65,0.0,0.0,23.03,0.0,1.0,69.68,12.89
1787068613.5123916,542,any_person,position,held,True,1,True,True,True,9,0.1315,0.6705,46.66,0.0,0.0,22.77,0.0,1.0,70.43,12.51
1787068613.589942,543,any_person,position,held,True,1,True,True,True,9,0.1315,0.6637,44.96,0.0,0.0,24.59,0.0,1.0,70.55,12.51
1787068613.6711845,544,any_person,position,held,True,1,True,True,True,9,0.1315,0.6854,51.21,0.0,0.0,23.02,0.0,1.0,75.23,12.51
1787068613.7615685,545,any_person,position,held,True,1,True,True,True,9,0.1315,0.679,46.26,0.0,0.0,23.91,0.0,1.34,72.52,12.51
1787068613.8406093,546,any_person,position,held,True,1,True,True,True,9,0.1315,0.7033,48.84,0.0,0.0,24.3,0.0,0.71,73.84,12.51
1787068613.9273667,547,any_person,position,held,True,1,False,True,False,0,0.0,0.7038,45.04,0.0,0.0,22.21,0.0,1.0,68.25,12.51
1787068614.0133674,548,any_person,position,held,True,1,False,True,False,0,0.0,0.7075,50.73,0.0,0.0,23.23,0.0,1.01,75.96,12.51
1787068614.099453,549,any_person,position,held,True,1,False,True,False,0,0.0,0.7229,45.84,0.0,0.0,22.14,0.0,1.01,68.99,12.51
1787068614.1800807,550,any_person,position,held,True,1,False,True,False,0,0.0,0.701,47.46,0.0,0.0,23.09,1.0,0.0,72.55,12.51
1787068614.2589073,551,any_person,position,held,True,1,False,True,False,0,0.0,0.6972,49.26,0.0,0.0,23.57,0.0,1.0,73.83,12.51
1787068614.3383172,552,any_person,position,held,True,1,False,True,False,0,0.0,0.6878,47.21,0.0,0.0,26.17,0.0,0.51,74.41,12.51
1787068614.4097435,553,any_person,position,held,True,1,False,True,False,0,0.0,0.6746,45.46,0.0,0.0,21.74,0.0,1.0,68.19,12.51
1787068614.4876957,554,any_person,position,held,True,1,False,True,False,0,0.0,0.6806,45.11,0.0,0.0,22.84,0.0,1.01,68.95,12.51
1787068614.5665526,555,any_person,position,held,True,1,False,True,False,0,0.0,0.6828,45.0,0.0,0.0,22.85,0.0,1.0,68.86,12.33
1787068614.6429253,556,any_person,position,held,True,1,False,True,False,0,0.0,0.6767,44.62,0.0,0.0,22.34,0.0,1.41,68.37,12.33
1787068614.722091,557,any_person,position,held,True,1,False,True,False,0,0.0,0.6812,46.95,0.0,0.0,22.25,0.0,1.0,70.19,12.33
1787068614.7955446,558,any_person,position,held,True,1,False,True,False,0,0.0,0.665,43.97,0.0,0.0,20.97,0.51,0.0,66.45,12.33
1787068614.8799677,559,any_person,position,held,True,1,False,True,False,0,0.0,0.6621,47.39,0.0,0.0,23.73,0.0,1.0,72.12,12.33
1787068614.9548476,560,any_person,position,held,True,1,False,True,False,0,0.0,0.6565,46.32,0.0,0.0,21.32,0.0,1.0,68.64,12.33
1787068615.031286,561,any_person,position,held,True,1,False,True,False,0,0.0,0.6421,43.12,0.0,0.0,23.3,0.0,0.51,66.93,12.33
1787068615.1058092,562,any_person,position,held,True,1,False,True,False,0,0.0,0.6543,44.59,0.0,0.0,24.81,0.0,1.0,70.41,12.33
1787068615.1915433,563,any_person,position,held,True,1,False,True,False,0,0.0,0.6409,46.57,0.0,0.0,23.58,0.0,1.0,71.15,12.33
1787068615.2686589,564,any_person,position,held,True,1,False,True,False,0,0.0,0.6323,46.0,0.0,0.0,24.07,0.0,1.0,71.07,12.33
1787068615.3448958,565,any_person,position,held,True,1,False,True,False,0,0.0042,0.6291,45.58,0.0,0.0,22.54,0.0,1.01,69.13,12.33
1787068615.4225414,566,any_person,position,held,True,1,False,True,False,0,0.0042,0.6448,47.06,0.0,0.0,21.36,0.0,1.0,69.42,12.33
1787068615.4969025,567,any_person,position,held,True,1,False,True,False,0,0.044,0.6406,42.64,0.0,0.0,21.22,0.0,1.0,64.86,12.33
1787068615.5801837,568,any_person,position,held,True,1,False,True,False,1,0.044,0.6486,43.72,0.0,0.0,25.56,0.0,1.0,70.27,12.83
1787068615.6531482,569,any_person,position,held,True,1,False,True,False,2,0.044,0.6462,45.61,0.0,0.0,21.84,0.0,1.51,68.96,12.83
1787068615.7353308,570,any_person,position,held,True,1,False,True,False,2,0.044,0.6425,45.15,0.0,0.0,22.55,1.0,0.0,69.89,12.83
1787068615.8079352,571,any_person,position,held,True,1,False,True,False,3,0.044,0.639,42.92,0.0,0.0,21.67,0.0,0.0,65.6,12.83
1787068615.8847947,572,any_person,position,held,True,1,False,True,False,3,0.044,0.642,41.82,0.0,0.0,22.03,0.0,1.0,64.86,12.83
1787068615.95958,573,any_person,position,held,True,1,False,True,False,3,0.044,0.6598,45.92,0.0,0.0,24.86,0.0,1.01,71.79,12.83
1787068616.0460062,574,any_person,position,held,True,1,False,True,False,3,0.044,0.655,46.74,0.0,0.0,22.46,0.0,1.0,71.19,12.83
1787068616.1173549,575,any_person,position,held,True,1,False,True,False,3,0.044,0.6538,45.94,0.0,0.0,21.41,0.0,1.0,68.35,12.83
1787068616.202079,576,any_person,position,held,True,1,False,True,False,3,0.044,0.615,47.22,0.0,0.0,24.51,0.0,1.0,72.73,12.83
1787068616.2769294,577,any_person,position,held,True,1,False,True,False,3,0.044,0.6037,46.6,0.0,0.0,22.24,1.01,0.0,70.85,12.83
1787068616.3544674,578,any_person,position,held,True,1,False,True,False,3,0.044,0.5967,45.0,0.0,0.0,24.17,0.0,1.37,70.54,12.83
1787068616.431985,579,any_person,position,held,True,1,False,True,False,3,0.044,0.6031,46.0,0.0,0.0,24.0,0.0,1.0,71.0,12.83
1787068616.5108345,580,any_person,position,held,True,1,False,True,False,3,0.044,0.6044,46.32,0.0,0.0,23.53,0.0,0.0,70.85,12.83
1787068616.58168,581,any_person,position,held,True,1,False,True,False,3,0.044,0.6138,42.84,0.0,0.0,21.01,0.0,1.0,64.85,12.98
1787068616.6663702,582,any_person,position,held,True,1,False,True,False,0,0.0,0.6446,46.09,0.0,0.0,24.57,0.0,1.0,71.66,12.98
1787068616.7605815,583,any_person,position,held,True,1,False,True,False,0,0.0,0.6813,49.27,0.0,0.0,23.51,0.0,1.0,73.78,12.98
1787068616.8324199,584,any_person,position,held,True,1,False,True,False,0,0.0,0.6664,45.56,0.0,0.0,22.28,0.0,1.0,68.84,12.98
1787068616.9046795,585,any_person,position,held,True,1,False,True,False,0,0.0,0.6776,41.98,0.0,0.0,21.28,0.0,1.0,64.26,12.98
1787068616.9896617,586,any_person,position,held,True,1,False,True,False,0,0.0318,0.6787,44.6,0.0,1.0,23.38,0.0,1.0,69.98,12.98
1787068617.0632098,587,any_person,position,held,True,1,False,True,False,0,0.1065,0.6609,45.14,0.0,0.0,22.69,0.71,0.0,69.55,12.98
1787068617.1499703,588,any_person,position,held,True,1,False,True,False,0,0.1089,0.6587,49.0,0.0,0.0,22.78,0.0,1.0,72.78,12.98
1787068617.2267268,589,any_person,position,held,True,1,False,True,False,0,0.1311,0.6618,46.43,0.0,0.0,23.33,0.0,1.0,70.76,12.98
1787068617.2987244,590,any_person,position,held,True,1,False,True,False,0,0.1331,0.6585,45.36,0.0,0.0,21.64,0.0,1.0,68.0,12.98
1787068617.3836412,591,any_person,position,held,True,1,False,True,False,0,0.1498,0.6469,46.8,0.0,0.0,23.12,0.0,1.0,70.92,12.98
1787068617.459752,592,any_person,position,held,True,1,False,True,False,0,0.1534,0.652,45.76,0.0,0.0,22.99,0.0,1.36,70.11,12.98
1787068617.5384924,593,any_person,position,held,True,1,False,True,False,0,0.1541,0.6525,47.29,0.0,0.0,22.89,0.0,1.0,71.17,12.98
1787068617.614086,594,any_person,position,held,True,1,False,True,False,0,0.1552,0.6545,45.26,0.0,0.0,22.33,0.0,0.0,68.59,12.59
1787068617.6907973,595,any_person,position,held,True,1,False,True,False,1,0.1552,0.659,44.51,0.0,0.0,21.13,1.07,0.0,67.71,12.59
1787068617.7675655,596,any_person,position,held,True,1,False,True,False,1,0.1552,0.6639,48.51,0.0,0.0,22.78,0.0,1.37,73.27,12.59
1787068617.8506153,597,any_person,position,held,True,1,False,True,False,2,0.1552,0.6552,46.45,0.0,0.0,24.63,0.0,1.0,72.08,12.59
1787068617.9222612,598,any_person,position,held,True,1,False,True,False,2,0.1556,0.6523,44.64,0.0,0.0,21.0,0.0,1.01,66.65,12.59
1787068618.0019698,599,any_person,position,held,True,1,False,True,False,2,0.1564,0.6673,42.95,0.0,0.0,22.76,1.01,0.0,67.71,12.59
1787068618.0763364,600,any_person,position,held,True,1,False,True,False,2,0.1683,0.6679,43.33,0.0,0.0,21.04,0.0,0.99,65.36,12.59
1787068618.1515644,601,any_person,position,held,True,1,False,True,False,2,0.1689,0.667,45.71,0.0,0.0,24.52,0.0,1.01,71.23,12.59
1787068618.238406,602,any_person,position,held,True,1,False,True,False,2,0.1893,0.6576,45.55,0.0,0.0,23.65,1.33,0.0,71.54,12.59
1787068618.3146935,603,any_person,position,held,True,1,False,True,False,2,0.2004,0.6593,47.38,0.0,0.0,24.35,0.0,0.0,72.77,12.59
1787068618.394214,604,any_person,position,held,True,1,True,True,True,3,0.2004,0.6695,44.61,0.0,0.0,25.61,0.0,1.0,71.22,12.59
1787068618.4709346,605,any_person,position,held,True,1,True,True,True,4,0.1686,0.6618,46.67,0.0,0.0,23.05,1.0,0.0,71.72,12.59
1787068618.55149,606,any_person,position,held,True,1,True,True,True,5,0.094,0.6636,50.26,0.0,0.0,22.3,1.0,0.0,74.56,12.59
1787068618.6398342,607,any_person,position,held,True,1,True,True,True,6,0.0915,0.669,46.03,0.0,0.0,23.8,0.0,1.01,70.84,12.67
1787068618.713467,608,any_person,position,held,True,1,True,True,True,6,0.0693,0.6766,44.25,0.0,0.0,21.38,0.0,1.0,66.63,12.67
1787068618.7854261,609,any_person,position,held,True,1,True,True,True,6,0.0673,0.656,44.12,0.0,0.0,22.0,0.0,1.6,67.72,12.67
1787068618.8723943,610,any_person,position,held,True,1,True,True,True,7,0.0506,0.6614,46.77,0.0,0.0,22.15,0.0,1.0,69.92,12.67
1787068618.9483683,611,any_person,position,held,True,1,False,True,False,7,0.0471,0.6585,48.09,0.0,0.0,22.38,0.0,1.0,71.97,12.67
1787068619.0243683,612,any_person,position,held,True,1,False,True,False,8,0.0471,0.6659,44.01,0.0,0.0,21.48,0.0,1.0,66.49,12.67
1787068619.1015623,613,any_person,position,held,True,1,False,True,False,8,0.0471,0.6643,44.09,0.0,0.0,21.11,0.0,1.0,66.19,12.67
1787068619.182458,614,any_person,position,held,True,1,False,True,False,9,0.0471,0.6624,45.64,0.0,0.0,23.26,0.0,0.0,68.9,12.67
1787068619.2549095,615,any_person,position,held,True,1,False,True,False,9,0.0471,0.6699,45.16,0.0,0.0,22.52,0.0,0.0,68.68,12.67
1787068619.3381107,616,any_person,position,held,True,1,False,True,False,9,0.0466,0.678,46.23,0.0,0.0,22.44,0.0,1.0,69.68,12.67
1787068619.415391,617,any_person,position,held,True,1,False,True,False,9,0.0448,0.674,49.69,0.0,0.0,22.59,0.0,1.0,73.28,12.67
1787068619.4912837,618,any_person,position,held,True,1,False,True,False,10,0.0441,0.669,47.09,0.0,0.0,23.79,0.0,0.0,71.89,12.67
1787068619.5729144,619,any_person,position,held,True,1,False,True,False,10,0.0321,0.6662,48.96,0.0,0.0,23.16,0.0,1.0,73.12,12.67
1787068619.6470687,620,any_person,position,held,True,1,False,True,False,11,0.0315,0.6684,47.33,0.0,0.0,21.83,0.0,1.0,70.15,12.91
1787068619.7258556,621,any_person,position,held,True,1,False,True,False,11,0.0154,0.6769,45.8,0.0,0.0,22.98,1.01,0.0,70.79,12.91
1787068619.8013632,622,any_person,position,held,True,1,False,True,False,10,0.0202,0.669,46.23,0.0,0.0,21.6,0.0,0.0,69.88,12.91
1787068619.877088,623,any_person,position,held,True,1,False,True,False,9,0.0387,0.6713,44.88,0.0,0.0,22.84,0.0,0.0,68.72,12.91
1787068619.9560513,624,any_person,position,held,True,1,False,True,False,8,0.0408,0.6643,46.63,0.0,0.0,22.82,0.0,1.0,70.44,12.91
1787068620.036028,625,any_person,position,held,True,1,False,True,False,7,0.0429,0.6608,48.58,0.0,0.0,23.01,0.0,1.0,72.58,12.91
1787068620.1101902,626,any_person,position,held,True,1,False,True,False,7,0.0431,0.6669,46.95,0.0,0.0,22.22,0.0,1.0,70.16,12.91
1787068620.1844125,627,any_person,position,held,True,1,False,True,False,8,0.0431,0.6691,43.49,0.0,0.0,21.73,0.0,1.01,66.23,12.91
1787068620.2590644,628,any_person,position,held,True,1,False,True,False,7,0.0431,0.6622,45.53,0.0,0.0,24.37,0.0,0.0,70.89,12.91
1787068620.3406534,629,any_person,position,held,True,1,False,True,False,7,0.0431,0.6781,44.73,0.0,0.0,22.29,0.0,1.06,68.08,12.91
1787068620.421786,630,any_person,position,held,True,1,False,True,False,7,0.0431,0.6808,48.32,0.0,0.0,23.68,0.0,1.0,73.0,12.91
1787068620.4948883,631,any_person,position,held,True,1,False,True,False,7,0.0431,0.6812,45.97,0.0,0.0,22.45,0.0,1.0,69.41,12.91
1787068620.5722992,632,any_person,position,held,True,1,False,True,False,7,0.0431,0.6667,49.91,0.0,0.0,23.5,0.0,1.0,74.41,12.91
1787068620.6530788,633,any_person,position,held,True,1,False,True,False,6,0.0431,0.6654,49.16,0.0,0.0,22.62,0.0,1.0,72.78,12.92
1787068620.7272496,634,any_person,position,held,True,1,False,True,False,6,0.0431,0.6684,45.37,0.0,0.0,22.8,1.0,1.0,70.17,12.92
1787068620.8019705,635,any_person,position,held,True,1,False,True,False,7,0.0431,0.6641,46.14,0.0,0.0,22.77,0.0,0.51,69.43,12.92
1787068620.882826,636,any_person,position,held,True,1,False,True,False,6,0.0431,0.6657,47.9,0.0,0.0,20.8,0.0,1.0,69.69,12.92
1787068620.9581275,637,any_person,position,held,True,1,False,True,False,7,0.0431,0.6796,44.52,0.0,0.0,21.4,0.0,1.0,66.92,12.92
1787068621.029401,638,any_person,position,held,True,1,False,True,False,7,0.0431,0.6816,44.36,0.0,0.0,22.41,0.0,1.0,67.77,12.92
1787068621.1146996,639,any_person,position,held,True,1,False,True,False,7,0.0426,0.6743,43.46,0.0,0.0,22.06,1.07,0.0,67.6,12.92
1787068621.202579,640,any_person,position,held,True,1,False,True,False,8,0.0373,0.6761,51.42,0.0,0.0,24.45,0.0,1.01,76.88,12.92
1787068621.3032656,641,any_person,position,held,True,1,False,True,False,8,0.0373,0.6846,59.38,0.0,0.0,23.02,0.0,0.0,83.4,12.92
1787068621.38189,642,any_person,position,held,True,1,False,True,False,9,0.0373,0.6904,45.85,0.0,0.0,22.04,0.0,1.0,68.89,12.92
1787068621.4590452,643,any_person,position,held,True,1,False,True,False,9,0.0373,0.6884,45.81,0.0,0.0,22.35,0.0,1.0,69.15,12.92
1787068621.5364408,644,any_person,position,held,True,1,False,True,False,9,0.0373,0.674,43.97,0.0,0.0,24.11,0.0,0.0,69.37,12.92
1787068621.6143734,645,any_person,position,held,True,1,False,True,False,9,0.0373,0.6819,47.0,0.0,0.0,20.93,1.0,0.0,69.93,12.92
1787068621.6895914,646,any_person,position,held,True,1,False,True,False,10,0.0353,0.6685,45.9,0.0,0.0,21.18,0.0,1.0,68.08,12.54
1787068621.7682843,647,any_person,position,held,True,1,False,True,False,10,0.0434,0.6575,46.27,0.0,0.0,21.42,0.0,1.0,68.69,12.54
1787068621.8467045,648,any_person,position,held,True,1,False,True,False,10,0.0434,0.6503,47.32,0.0,0.0,23.76,1.01,0.0,73.08,12.54
1787068621.9281828,649,any_person,position,held,True,1,False,True,False,10,0.0434,0.6552,47.11,0.0,0.0,25.05,0.0,0.0,73.48,12.54
1787068621.9981718,650,any_person,position,held,True,1,False,True,False,10,0.0434,0.6398,44.99,0.0,0.0,21.0,0.0,1.0,66.98,12.54
1787068622.0757692,651,any_person,position,held,True,1,False,True,False,11,0.0434,0.6383,42.62,0.0,0.0,21.98,0.0,1.0,66.59,12.54
1787068622.1518466,652,any_person,position,held,True,1,False,True,False,12,0.0434,0.6474,48.39,0.0,0.0,23.69,0.0,0.99,73.08,12.54
1787068622.231794,653,any_person,position,held,True,1,False,True,False,11,0.0434,0.6364,44.06,0.0,0.0,22.37,0.0,1.0,67.44,12.54
1787068622.3051665,654,any_person,position,held,True,1,False,True,False,12,0.0367,0.6553,45.25,0.0,0.0,22.38,0.0,1.0,69.38,12.54
1787068622.3758743,655,any_person,position,held,True,1,False,True,False,12,0.0245,0.6557,44.7,0.0,0.0,21.28,0.0,1.0,66.98,12.54
1787068622.4479542,656,any_person,position,held,True,1,False,True,False,12,0.0245,0.6462,45.33,0.0,0.0,21.75,0.0,1.0,68.08,12.54
1787068622.5261693,657,any_person,position,held,True,1,True,True,True,13,0.0503,0.6418,43.72,0.0,0.0,21.49,1.01,0.0,67.22,12.54
1787068622.6049862,658,any_person,position,held,True,1,True,True,True,12,0.0785,0.6386,45.21,0.0,0.0,22.61,0.0,0.0,68.82,12.54
1787068622.680352,659,any_person,position,held,True,1,True,True,True,12,0.0853,0.631,47.85,0.0,0.0,23.51,0.0,1.01,72.37,12.54
1787068622.761112,660,any_person,position,held,True,1,True,True,True,11,0.1034,0.6181,46.16,0.0,0.0,23.01,0.0,1.0,70.67,13.07
1787068622.839974,661,any_person,position,held,True,1,True,True,True,12,0.1034,0.6235,48.05,0.0,0.0,22.81,0.0,1.0,71.86,13.07
1787068622.9140584,662,any_person,position,held,True,1,True,True,True,12,0.1034,0.6257,44.7,0.0,0.0,23.88,0.0,1.0,70.08,13.07
1787068622.9974139,663,any_person,position,held,True,1,True,True,True,11,0.1034,0.6131,48.87,0.0,0.0,23.47,0.0,1.0,73.34,13.07
1787068623.0750542,664,any_person,position,held,True,1,True,True,True,10,0.1034,0.6195,50.41,0.0,0.0,20.22,0.0,1.0,72.64,13.07
1787068623.1461904,665,any_person,position,held,True,1,True,True,True,11,0.1034,0.6161,43.4,0.0,0.0,20.57,0.0,1.16,66.14,13.07
1787068623.2287407,666,any_person,position,held,True,1,True,True,True,11,0.1034,0.6309,47.48,0.0,0.0,23.06,0.0,1.0,71.54,13.07
1787068623.3073418,667,any_person,position,held,True,1,True,True,True,11,0.0962,0.6323,48.01,0.0,0.0,23.59,0.0,1.0,72.6,13.07
1787068623.380416,668,any_person,position,held,True,1,True,True,True,11,0.0962,0.6322,44.66,0.0,0.0,21.43,0.0,1.47,67.57,13.07
1787068623.4600337,669,any_person,position,held,True,1,True,True,True,10,0.0962,0.6278,45.52,0.0,0.0,21.99,1.09,0.0,69.61,13.07
1787068623.5375333,670,any_person,position,held,True,1,True,True,True,9,0.0962,0.6087,46.92,0.0,0.0,21.56,1.01,0.0,70.48,13.07
1787068623.6110938,671,any_person,position,held,True,1,True,True,True,9,0.0962,0.6264,44.95,0.0,0.0,20.28,0.0,1.0,66.23,13.07
1787068623.6831744,672,any_person,position,held,True,1,True,True,True,9,0.0962,0.6191,46.96,0.0,0.0,21.12,0.0,1.0,69.08,13.07
1787068623.7555203,673,any_person,position,held,True,1,True,True,True,8,0.0962,0.6262,45.7,0.0,0.0,22.64,0.0,0.0,69.35,13.07
1787068623.831867,674,any_person,position,held,True,1,True,True,True,7,0.0889,0.6286,48.54,0.0,0.0,23.8,0.0,1.0,73.35,13.07
1787068623.912516,675,any_person,position,held,True,1,True,True,True,7,0.0889,0.6251,47.54,0.0,0.0,22.12,0.0,1.0,70.65,13.07
1787068623.985959,676,any_person,position,held,True,1,True,True,True,8,0.0591,0.6158,45.23,0.0,0.0,22.21,0.0,0.0,68.44,13.07
1787068624.0659437,677,any_person,position,held,True,1,True,True,True,8,0.0591,0.6212,46.24,0.0,0.0,21.58,0.0,1.0,68.82,13.07
1787068624.1470015,678,any_person,position,held,True,1,True,True,True,8,0.0591,0.6257,47.77,0.0,0.0,23.37,0.0,0.0,72.15,13.07
1787068624.2228794,679,any_person,position,held,True,1,True,True,True,7,0.0591,0.6151,44.63,0.0,0.0,23.55,0.0,1.0,70.17,13.07
1787068624.2998307,680,any_person,position,held,True,1,False,True,False,8,0.0385,0.6087,49.52,0.0,0.0,23.35,0.0,1.0,73.88,13.07
1787068624.3768919,681,any_person,position,held,True,1,False,True,False,9,0.028,0.6157,49.32,0.0,0.0,21.75,0.0,1.0,73.06,13.07
1787068624.4559298,682,any_person,position,held,True,1,False,True,False,10,0.028,0.6224,47.78,0.0,0.0,22.26,0.0,1.0,71.04,13.07
1787068624.5324695,683,any_person,position,held,True,1,False,True,False,9,0.028,0.6035,46.78,0.0,0.0,22.24,0.0,1.0,70.02,13.07
1787068624.6066616,684,any_person,position,held,True,1,False,True,False,9,0.028,0.6268,44.69,0.0,0.0,20.51,0.0,1.0,66.19,13.07
1787068624.6875036,685,any_person,position,held,True,1,False,True,False,8,0.028,0.6211,45.52,0.0,0.0,22.0,0.0,0.0,68.84,13.07
1787068624.7642713,686,any_person,position,held,True,1,False,True,False,7,0.028,0.6136,44.99,0.0,0.0,20.16,1.11,0.5,66.76,13.07
1787068624.8362732,687,any_person,position,held,True,1,False,True,False,7,0.028,0.6135,46.28,0.0,0.0,21.72,0.0,1.0,69.0,12.94
1787068624.9224691,688,any_person,position,held,True,1,False,True,False,8,0.028,0.6113,45.3,0.0,0.0,24.6,0.0,1.01,70.91,12.94
1787068624.9985933,689,any_person,position,held,True,1,False,True,False,8,0.028,0.6162,49.28,0.0,0.0,21.34,0.0,1.0,71.61,12.94
1787068625.0793715,690,any_person,position,held,True,1,False,True,False,7,0.028,0.612,49.21,0.0,0.0,22.57,0.0,1.0,72.77,12.94
1787068625.1664205,691,any_person,position,held,True,1,False,True,False,8,0.0245,0.6185,43.32,0.0,0.0,24.65,0.0,0.0,68.98,12.94
1787068625.2411609,692,any_person,position,held,True,1,False,True,False,8,0.0356,0.6241,47.28,0.0,0.0,22.45,0.0,1.01,71.74,12.94
1787068625.3212378,693,any_person,position,held,True,1,True,True,True,7,0.0599,0.622,44.11,0.0,0.0,22.93,0.0,1.0,68.05,12.94
1787068625.4030676,694,any_person,position,held,True,1,True,True,True,7,0.0599,0.6264,46.88,0.0,0.0,23.67,0.0,1.0,71.55,12.94
1787068625.4756966,695,any_person,position,held,True,1,True,True,True,7,0.0599,0.6326,46.65,0.0,0.0,21.67,0.0,1.0,69.32,12.94
1787068625.553531,696,any_person,position,held,True,1,True,True,True,8,0.0599,0.6282,44.56,0.0,0.0,21.9,0.0,1.0,67.46,12.94
1787068625.6297903,697,any_person,position,held,True,1,True,True,True,9,0.0599,0.6354,44.9,0.0,0.0,21.41,0.0,1.0,67.31,12.94
1787068625.7057257,698,any_person,position,held,True,1,True,True,True,9,0.0599,0.6336,44.76,0.0,0.0,21.15,1.03,0.0,66.93,12.94
1787068625.7783172,699,any_person,position,held,True,1,True,True,True,8,0.0599,0.6419,44.96,0.0,0.0,21.62,0.0,1.0,68.58,12.94
1787068625.8662305,700,any_person,position,held,True,1,True,True,True,8,0.0599,0.6362,48.89,0.0,0.0,22.52,0.0,1.0,72.41,12.62
1787068625.9351969,701,any_person,position,held,True,1,True,True,True,9,0.0599,0.6243,43.75,0.0,0.0,21.22,0.0,1.0,65.97,12.62
1787068626.0196972,702,any_person,position,held,True,1,True,True,True,9,0.0599,0.6288,47.7,0.0,0.0,24.45,0.0,1.36,73.5,12.62
1787068626.0940914,703,any_person,position,held,True,1,True,True,True,10,0.0599,0.627,47.09,0.0,0.0,23.21,0.0,1.0,71.29,12.62
1787068626.1724956,704,any_person,position,held,True,1,True,True,True,11,0.0599,0.6373,46.68,0.0,0.0,22.72,0.0,1.0,71.4,12.62
1787068626.2448525,705,any_person,position,held,True,1,True,True,True,12,0.065,0.629,47.42,0.0,0.0,20.93,0.0,1.0,69.36,12.62
1787068626.3198502,706,any_person,position,held,True,1,True,True,True,12,0.065,0.6155,46.01,0.0,0.0,23.48,0.0,1.0,71.49,12.62
1787068626.405167,707,any_person,position,held,True,1,True,True,True,12,0.065,0.6213,47.96,0.0,0.0,23.19,0.0,1.0,72.14,12.62
1787068626.4781458,708,any_person,position,held,True,1,True,True,True,12,0.065,0.6153,44.94,0.0,0.0,22.03,0.0,0.0,67.98,12.62
1787068626.55168,709,any_person,position,held,True,1,True,True,True,12,0.065,0.6133,46.47,0.0,0.0,22.55,0.0,1.0,70.02,12.62
1787068626.6314085,710,any_person,position,held,True,1,True,True,True,13,0.0587,0.637,44.57,0.0,0.0,21.66,0.0,1.0,67.23,12.62
1787068626.7095122,711,any_person,position,held,True,1,True,True,True,13,0.0731,0.6397,44.52,0.0,0.0,21.58,0.0,1.01,67.11,12.62
1787068626.7885861,712,any_person,position,held,True,1,True,True,True,13,0.0731,0.6396,44.5,0.0,0.0,22.57,0.0,1.0,68.07,12.62
1787068626.8674095,713,any_person,position,held,True,1,True,True,True,14,0.0731,0.6352,45.92,0.0,0.0,22.91,0.0,1.0,69.82,12.98
1787068626.9394908,714,any_person,position,held,True,1,True,True,True,13,0.0731,0.6326,43.22,0.0,0.0,19.86,0.0,1.0,64.08,12.98
1787068627.021622,715,any_person,position,held,True,1,True,True,True,12,0.076,0.6419,45.19,0.0,0.0,22.75,0.0,0.0,68.96,12.98
1787068627.0943613,716,any_person,position,held,True,1,True,True,True,12,0.076,0.6256,45.57,0.0,0.0,23.18,0.0,1.0,69.74,12.98
1787068627.1808267,717,any_person,position,held,True,1,True,True,True,12,0.076,0.6389,45.2,0.0,0.0,26.25,0.0,1.0,72.45,12.98
1787068627.2549682,718,any_person,position,held,True,1,True,True,True,12,0.0788,0.6271,47.86,0.0,0.0,21.28,0.0,1.0,70.14,12.98
1787068627.3323638,719,any_person,position,held,True,1,True,True,True,12,0.0788,0.6292,44.2,0.0,0.0,21.59,0.0,0.0,65.79,12.98
1787068627.412915,720,any_person,position,held,True,1,True,True,True,11,0.0788,0.6073,45.57,0.0,0.0,22.86,0.0,1.0,69.43,12.98
1787068627.4939177,721,any_person,position,held,True,1,True,True,True,11,0.0788,0.6209,50.75,0.0,0.0,21.78,0.0,1.0,73.52,12.98
1787068627.571302,722,any_person,position,held,True,1,True,True,True,11,0.0788,0.6318,48.19,0.0,0.0,23.19,1.0,0.0,73.39,12.98
1787068627.6456757,723,any_person,position,held,True,1,True,True,True,11,0.0788,0.6146,47.29,0.0,0.0,22.08,0.0,1.0,70.37,12.98
1787068627.72133,724,any_person,position,held,True,1,True,True,True,11,0.0788,0.6239,44.88,0.0,0.0,20.77,0.0,0.0,67.65,12.98
1787068627.7911587,725,any_person,position,held,True,1,True,True,True,10,0.0788,0.6352,44.04,0.0,0.0,21.78,0.0,1.0,66.82,12.98
1787068627.8623092,726,any_person,position,held,True,1,True,True,True,9,0.0788,0.6245,44.62,0.0,0.0,22.53,0.0,1.0,68.15,12.98
1787068627.9371223,727,any_person,position,held,True,1,True,True,True,10,0.0686,0.6149,43.6,0.0,0.0,22.71,0.0,0.0,66.31,13.09
1787068628.0128262,728,any_person,position,held,True,1,True,True,True,10,0.0679,0.6152,43.25,0.0,0.0,21.38,0.0,1.0,65.63,13.09
1787068628.0896633,729,any_person,position,held,True,1,True,True,True,10,0.0679,0.625,44.6,0.0,0.0,20.9,0.0,1.0,66.5,13.09
1787068628.1627717,730,any_person,position,held,True,1,True,True,True,10,0.0679,0.6358,45.6,0.0,0.0,22.51,0.0,1.0,69.11,13.09
1787068628.2510178,731,any_person,position,held,True,1,True,True,True,11,0.0679,0.6173,46.74,0.0,0.0,24.68,0.0,0.0,71.42,13.09
1787068628.326606,732,any_person,position,held,True,1,True,True,True,11,0.0679,0.6176,45.6,0.0,0.0,23.42,0.0,1.0,70.03,13.09
1787068628.403722,733,any_person,position,held,True,1,True,True,True,10,0.0679,0.6149,46.58,0.0,0.0,21.0,0.0,1.0,68.58,13.09
1787068628.4854693,734,any_person,position,held,True,1,True,True,True,10,0.0679,0.6243,46.56,0.0,0.0,25.19,0.0,1.0,72.75,13.09
1787068628.5729396,735,any_person,position,held,True,1,True,True,True,10,0.0679,0.6359,59.52,0.0,0.0,21.94,0.0,1.01,83.47,13.09
1787068628.6466029,736,any_person,position,held,True,1,True,True,True,9,0.0692,0.6211,46.49,0.0,0.0,22.96,0.0,1.2,70.66,13.09
1787068628.7284029,737,any_person,position,held,True,1,True,True,True,10,0.0692,0.6154,44.48,0.0,0.0,22.31,1.0,0.0,68.79,13.09
1787068628.7988353,738,any_person,position,held,True,1,True,True,True,10,0.0692,0.6192,44.8,0.0,0.0,21.29,0.0,1.0,67.1,13.09
1787068628.8801796,739,any_person,position,held,True,1,True,True,True,10,0.0692,0.6169,44.52,0.0,0.0,20.83,0.0,0.0,66.35,13.09
1787068628.9616187,740,any_person,position,held,True,1,True,True,True,11,0.0692,0.5981,46.34,0.0,0.0,23.1,0.0,1.0,70.44,12.69
1787068629.0355582,741,any_person,position,held,True,1,True,True,True,10,0.0692,0.6171,44.09,0.0,0.0,22.34,0.0,0.0,66.43,12.69
1787068629.1077583,742,any_person,position,held,True,1,True,True,True,10,0.0692,0.5981,43.24,0.0,0.0,24.33,0.0,0.99,68.56,12.69
1787068629.1919706,743,any_person,position,held,True,1,True,True,True,10,0.0692,0.6042,44.13,0.0,0.0,21.69,0.0,1.0,66.82,12.69
1787068629.2663014,744,any_person,position,held,True,1,True,True,True,11,0.0692,0.6012,48.48,0.0,0.0,20.79,0.0,1.98,71.25,12.69
1787068629.3473198,745,any_person,position,held,True,1,True,True,True,11,0.0692,0.5919,44.51,0.0,0.0,22.99,0.0,1.0,69.01,12.69
1787068629.4284604,746,any_person,position,held,True,1,True,True,True,11,0.0692,0.6384,50.33,0.0,0.0,22.29,0.0,1.51,74.13,12.69
1787068629.5020447,747,any_person,position,held,True,1,True,True,True,11,0.0692,0.6348,47.42,0.0,0.0,22.16,0.0,0.0,70.58,12.69
1787068629.5977397,748,any_person,position,held,True,1,True,True,True,11,0.0692,0.6483,70.79,0.0,0.0,20.91,0.0,0.0,92.7,12.69
1787068629.6777139,749,any_person,position,held,True,1,True,True,True,11,0.0692,0.6708,49.93,0.0,0.0,23.05,0.0,1.0,73.97,12.69
1787068629.7513719,750,any_person,position,held,True,1,True,True,True,11,0.0692,0.6816,46.82,0.0,0.0,21.89,0.93,0.51,70.66,12.69
1787068629.8296835,751,any_person,position,held,True,1,True,True,True,11,0.0692,0.734,47.79,0.0,0.0,22.51,0.0,1.0,71.3,12.69
1787068629.9031475,752,any_person,position,held,True,1,True,True,True,11,0.0692,0.7316,45.26,0.0,0.0,20.21,1.0,0.0,67.46,12.69
1787068629.9823635,753,any_person,position,held,True,1,True,True,True,11,0.0692,0.7061,43.5,0.0,0.0,23.47,0.0,1.25,68.21,12.74
1787068630.054087,754,any_person,position,held,True,1,True,True,True,11,0.0692,0.7147,45.95,0.0,0.0,20.76,0.0,1.01,67.71,12.74
1787068630.1383426,755,any_person,position,held,True,1,False,True,False,0,0.0,0.7167,46.28,0.0,0.0,21.42,0.0,0.52,68.75,12.74
1787068630.2100403,756,any_person,position,held,True,1,False,True,False,0,0.0,0.7161,45.6,0.0,0.0,22.08,0.0,1.0,68.68,12.74
1787068630.2931008,757,any_person,position,held,True,1,False,True,False,0,0.0,0.7145,43.43,0.0,0.0,23.45,0.0,1.0,67.88,12.74
1787068630.369733,758,any_person,position,held,True,1,False,True,False,0,0.0,0.6983,46.01,0.0,0.0,21.6,0.0,1.02,68.63,12.74
1787068630.4502268,759,any_person,position,held,True,1,False,True,False,0,0.0,0.6754,48.0,0.0,0.0,21.5,0.0,1.01,71.51,12.74
1787068630.5301566,760,any_person,position,held,True,1,False,True,False,0,0.0,0.633,47.91,0.0,0.0,23.01,1.0,0.0,72.92,12.74
1787068630.6023731,761,any_person,position,held,True,1,False,True,False,0,0.0,0.6196,44.53,0.0,0.0,21.69,0.0,0.0,67.22,12.74
1787068630.6826987,762,any_person,position,held,True,1,False,True,False,0,0.0028,0.6095,46.34,0.0,0.0,22.99,0.0,1.0,70.33,12.74
1787068630.7581272,763,any_person,position,held,True,1,False,True,False,0,0.0059,0.6091,48.18,0.0,0.0,21.25,1.0,0.0,71.43,12.74
1787068630.8426685,764,any_person,position,held,True,1,False,True,False,0,0.031,0.6041,49.77,0.0,0.0,22.77,0.0,1.0,74.54,12.74
1787068630.9272413,765,any_person,position,held,True,1,False,True,False,0,0.0536,0.6124,44.13,0.0,0.0,20.82,0.0,1.0,65.95,12.74
1787068630.9984756,766,any_person,position,held,True,1,False,True,False,0,0.0686,0.6155,45.76,0.0,0.0,20.46,0.0,1.01,67.24,12.79
1787068631.0848594,767,any_person,position,held,True,1,False,True,False,1,0.0686,0.591,45.5,0.0,0.0,22.54,0.0,1.0,69.04,12.79
1787068631.166458,768,any_person,position,held,True,1,False,True,False,1,0.0686,0.6183,48.26,0.0,0.0,21.91,0.0,0.0,72.17,12.79
1787068631.2385218,769,any_person,position,held,True,1,False,True,False,2,0.0686,0.6218,43.52,0.0,0.0,23.04,0.0,1.0,67.55,12.79
1787068631.315727,770,any_person,position,held,True,1,True,True,True,3,0.0686,0.5992,44.36,0.0,0.0,20.83,0.0,1.01,66.2,12.79
1787068631.3967223,771,any_person,position,held,True,1,True,True,True,3,0.0686,0.6054,43.36,0.0,0.0,25.12,0.0,0.0,69.49,12.79
1787068631.471739,772,any_person,position,held,True,1,True,True,True,3,0.0686,0.6555,45.91,0.0,0.0,19.03,0.0,1.0,65.94,12.79
1787068631.555704,773,any_person,position,held,True,1,True,True,True,3,0.0686,0.6594,48.52,0.0,0.0,23.93,0.0,1.0,73.45,12.79
1787068631.634956,774,any_person,position,held,True,1,True,True,True,3,0.0686,0.6782,48.91,0.0,0.0,23.83,0.0,1.0,73.74,12.79
1787068631.7075834,775,any_person,position,held,True,1,True,True,True,3,0.0686,0.6971,45.51,0.0,0.0,22.12,0.0,1.0,68.63,12.79
1787068631.7866704,776,any_person,position,held,True,1,True,True,True,3,0.0686,0.7234,45.98,0.0,0.0,22.1,0.0,1.0,69.09,12.79
1787068631.8630767,777,any_person,position,held,True,1,True,True,True,3,0.0686,0.7474,49.66,0.0,0.0,21.33,0.0,1.27,72.26,12.79
1787068631.942236,778,any_person,position,held,True,1,True,True,True,3,0.0686,0.7487,44.3,0.0,0.0,24.08,0.0,1.0,69.38,12.79
1787068632.025989,779,any_person,position,held,True,1,True,True,True,3,0.0686,0.7281,49.96,0.0,0.0,22.79,0.0,1.0,74.76,12.65
1787068632.0969129,780,any_person,position,held,True,1,True,True,True,3,0.0686,0.7066,45.48,0.0,0.0,21.44,0.0,1.01,67.93,12.65
1787068632.1730819,781,any_person,position,held,True,1,False,True,False,0,0.0,0.7106,44.1,0.0,0.0,21.56,1.01,0.0,67.67,12.65
1787068632.2465315,782,any_person,position,held,True,1,False,True,False,0,0.0,0.7031,48.59,0.0,0.0,20.86,0.0,1.0,70.45,12.65
1787068632.3290064,783,any_person,position,held,True,1,False,True,False,0,0.0,0.6937,46.31,0.0,0.0,22.1,0.0,1.0,69.42,12.65
1787068632.3982875,784,any_person,position,held,True,1,False,True,False,0,0.0,0.6803,43.49,0.0,0.0,19.8,0.0,1.0,65.28,12.65
1787068632.4825838,785,any_person,position,held,True,1,False,True,False,0,0.0,0.6715,46.31,0.0,0.0,21.47,0.0,1.0,69.29,12.65
1787068632.5577807,786,any_person,position,held,True,1,False,True,False,0,0.0,0.6892,43.2,0.0,1.0,21.06,0.0,1.43,66.69,12.65
1787068632.6399198,787,any_person,position,held,True,1,False,True,False,0,0.0,0.6893,44.5,0.0,0.0,22.95,0.0,1.05,69.52,12.65
1787068632.7242997,788,any_person,position,held,True,1,False,True,False,0,0.0,0.6959,50.6,0.0,0.0,23.78,0.0,1.0,75.38,12.65
1787068632.8103762,789,any_person,position,held,True,1,False,True,False,0,0.0,0.6876,43.87,0.0,0.0,22.82,0.0,1.0,67.69,12.65
1787068632.8873477,790,any_person,position,held,True,1,False,True,False,0,0.0,0.6892,44.46,0.0,0.0,21.51,0.0,1.0,66.97,12.65
1787068632.9664576,791,any_person,position,held,True,1,False,True,False,0,0.0,0.6634,43.55,0.0,0.0,24.56,0.0,1.0,69.11,12.65
1787068633.042648,792,any_person,position,held,True,1,False,True,False,0,0.0,0.66,46.24,0.0,0.0,21.42,0.0,0.0,68.67,12.79
1787068633.1217616,793,any_person,position,held,True,1,False,True,False,0,0.0,0.6311,46.9,0.0,0.0,21.22,0.0,1.0,69.11,12.79
1787068633.201319,794,any_person,position,held,True,1,False,True,False,0,0.0,0.6678,48.58,0.0,0.0,21.47,0.0,1.0,71.05,12.79
1787068633.2779334,795,any_person,position,held,True,1,False,True,False,0,0.0,0.6926,48.58,0.0,0.0,20.39,0.0,1.14,70.11,12.79
1787068633.3549342,796,any_person,position,held,True,1,False,True,False,0,0.0,0.6815,46.67,0.0,0.0,22.01,0.0,1.0,69.69,12.79
1787068633.4284813,797,any_person,position,held,True,1,False,True,False,0,0.046,0.6681,42.98,0.0,0.0,21.56,0.0,1.01,65.55,12.79
1787068633.5067616,798,any_person,position,held,True,1,False,True,False,0,0.0672,0.6506,42.33,0.0,0.0,21.85,0.0,0.0,65.28,12.79
1787068633.5877614,799,any_person,position,held,True,1,False,True,False,0,0.0681,0.6559,45.76,0.0,0.0,21.95,0.0,1.0,68.71,12.79
1787068633.6632197,800,any_person,position,held,True,1,False,True,False,0,0.0811,0.657,43.05,0.0,0.0,21.9,0.0,1.0,65.95,12.79
1787068633.7413318,801,any_person,position,held,True,1,False,True,False,0,0.0849,0.6471,43.3,0.0,0.0,21.32,0.0,0.5,66.6,12.79
1787068633.821,802,any_person,position,held,True,1,False,True,False,0,0.0856,0.6484,45.39,0.0,0.0,22.22,0.0,1.17,68.78,12.79
1787068633.893584,803,any_person,position,held,True,1,False,True,False,1,0.0856,0.6533,47.18,0.0,0.0,20.79,0.0,1.0,68.97,12.79
1787068633.9734595,804,any_person,position,held,True,1,False,True,False,2,0.0856,0.6542,43.76,0.0,0.0,22.0,0.0,1.0,66.76,12.79
1787068634.055221,805,any_person,position,held,True,1,True,True,True,3,0.0856,0.6748,46.03,0.0,0.0,22.72,0.0,1.0,70.76,12.84
1787068634.1340573,806,any_person,position,held,True,1,True,True,True,4,0.0856,0.6741,47.45,0.0,0.0,22.71,0.0,1.67,71.84,12.84
1787068634.2132924,807,any_person,position,held,True,1,True,True,True,5,0.0856,0.6597,50.3,0.0,0.0,21.71,0.69,0.0,73.71,12.84
1787068634.2905433,808,any_person,position,held,True,1,True,True,True,5,0.0856,0.6639,49.25,0.0,0.0,23.0,0.0,1.54,73.79,12.84
1787068634.3669198,809,any_person,position,held,True,1,True,True,True,5,0.0891,0.6568,47.72,0.0,0.0,22.64,0.0,1.01,72.37,12.84
1787068634.4470446,810,any_person,position,held,True,1,True,True,True,5,0.1429,0.6707,50.15,0.0,0.0,24.46,0.0,1.0,75.61,12.84
1787068634.5364132,811,any_person,position,held,True,1,True,True,True,5,0.1429,0.6567,46.49,0.0,0.0,23.87,0.0,1.0,71.36,12.84
1787068634.6183333,812,any_person,position,held,True,1,True,True,True,5,0.1429,0.6605,49.03,0.0,0.0,24.77,0.0,1.12,74.92,12.84
1787068634.695204,813,any_person,position,held,True,1,True,True,True,5,0.1429,0.6646,49.05,0.0,0.0,23.21,0.0,1.38,73.64,12.84
1787068634.7678363,814,any_person,position,held,True,1,True,True,True,5,0.1429,0.6775,46.3,0.0,0.0,20.83,0.0,1.0,68.13,12.84
1787068634.8448725,815,any_person,position,held,True,1,True,True,True,5,0.1429,0.6739,43.52,0.0,0.0,22.0,1.0,0.0,67.52,12.84
1787068634.9298425,816,any_person,position,held,True,1,True,True,True,5,0.1429,0.6977,47.97,0.0,0.0,25.0,0.0,1.0,74.97,12.84
1787068635.0199485,817,any_person,position,held,True,1,True,True,True,5,0.1429,0.6726,47.5,0.0,0.0,23.53,0.0,1.0,72.03,12.84
1787068635.0957074,818,any_person,position,held,True,1,True,True,True,5,0.1429,0.6709,47.33,0.0,0.0,22.43,1.0,0.0,71.76,12.49
1787068635.1737826,819,any_person,position,held,True,1,True,True,True,5,0.1429,0.6846,48.13,0.0,0.0,21.94,0.0,1.0,71.07,12.49
1787068635.2682233,820,any_person,position,held,True,1,True,True,True,5,0.1429,0.6786,48.07,0.0,0.0,23.63,0.0,0.51,72.21,12.49
1787068635.345771,821,any_person,position,held,True,1,False,True,False,0,0.0,0.6933,49.12,0.0,0.0,22.91,0.0,1.0,73.02,12.49
1787068635.4245188,822,any_person,position,held,True,1,False,True,False,0,0.0,0.6938,47.73,0.0,0.0,24.02,0.0,1.0,73.75,12.49
1787068635.499768,823,any_person,position,held,True,1,False,True,False,0,0.0,0.7113,48.59,0.0,0.0,20.66,0.0,0.0,70.25,12.49
1787068635.5726476,824,any_person,position,held,True,1,False,True,False,0,0.0,0.6974,45.22,0.0,0.0,23.15,0.5,0.0,69.88,12.49
1787068635.6543856,825,any_person,position,held,True,1,False,True,False,0,0.0,0.6952,44.93,0.0,0.0,23.8,0.0,1.01,69.74,12.49
1787068635.7327726,826,any_person,position,held,True,1,False,True,False,0,0.0,0.6779,46.5,0.0,0.0,22.89,0.0,1.0,70.39,12.49
1787068635.8147714,827,any_person,position,held,True,1,False,True,False,0,0.0,0.6955,52.7,0.0,0.0,21.3,0.0,1.0,75.0,12.49
1787068635.897404,828,any_person,position,held,True,1,False,True,False,0,0.0376,0.6414,44.91,0.0,0.0,20.79,0.0,1.45,67.15,12.49
1787068635.9719093,829,any_person,position,held,True,1,False,True,False,0,0.0605,0.6396,46.27,0.0,0.0,22.72,0.0,1.51,70.5,12.49
1787068636.062493,830,any_person,position,held,True,1,False,True,False,0,0.0762,0.6583,49.15,0.0,0.0,25.97,0.0,1.0,76.12,12.49
1787068636.1333215,831,any_person,position,held,True,1,False,True,False,1,0.0762,0.6595,45.52,0.0,0.0,21.31,0.0,1.0,67.83,12.53
1787068636.2159202,832,any_person,position,held,True,1,False,True,False,1,0.0762,0.6595,48.71,0.0,0.0,23.89,0.0,1.0,73.6,12.53
1787068636.3081295,833,any_person,position,held,True,1,False,True,False,2,0.0762,0.6457,47.7,0.0,0.0,25.04,0.0,1.0,73.74,12.53
1787068636.3847113,834,any_person,position,held,True,1,True,True,True,3,0.0762,0.6479,49.29,0.0,0.0,22.45,0.0,1.0,72.75,12.53
1787068636.4617195,835,any_person,position,held,True,1,True,True,True,4,0.0762,0.6531,48.13,0.0,0.0,21.14,0.0,1.73,71.01,12.53
1787068636.5402918,836,any_person,position,held,True,1,True,True,True,5,0.0762,0.649,47.27,0.0,0.0,23.09,0.0,1.0,71.37,12.53
1787068636.615186,837,any_person,position,held,True,1,True,True,True,6,0.0762,0.6482,47.27,0.0,0.0,23.22,0.0,1.41,71.89,12.53
1787068636.6923068,838,any_person,position,held,True,1,True,True,True,6,0.0762,0.6392,43.74,0.0,0.0,23.37,0.0,1.0,68.11,12.53
1787068636.7701023,839,any_person,position,held,True,1,True,True,True,6,0.0762,0.6518,44.15,0.0,0.0,21.64,1.01,0.0,67.8,12.53
1787068636.8458202,840,any_person,position,held,True,1,True,True,True,7,0.0762,0.6445,43.03,0.0,0.0,22.18,0.0,1.01,66.21,12.53
1787068636.9178998,841,any_person,position,held,True,1,True,True,True,8,0.0763,0.6402,46.18,0.0,0.0,20.88,0.0,1.01,68.07,12.53
1787068636.9997718,842,any_person,position,held,True,1,True,True,True,8,0.0882,0.6463,43.83,0.0,0.0,22.04,0.0,1.0,66.87,12.53
1787068637.0821276,843,any_person,position,held,True,1,True,True,True,9,0.0882,0.6513,44.77,0.0,0.0,24.57,0.0,1.01,70.35,12.53
1787068637.1606472,844,any_person,position,held,True,1,True,True,True,9,0.0882,0.6465,47.3,0.0,0.0,22.23,0.0,1.0,70.52,12.65
1787068637.237436,845,any_person,position,held,True,1,True,True,True,9,0.0882,0.6461,49.13,0.0,0.0,20.66,0.0,1.0,70.79,12.65
1787068637.3145266,846,any_person,position,held,True,1,True,True,True,9,0.0882,0.6554,44.92,0.0,0.0,23.25,0.0,1.0,69.17,12.65
1787068637.3925493,847,any_person,position,held,True,1,True,True,True,9,0.0882,0.6466,46.26,0.0,0.0,24.75,0.0,0.0,72.01,12.65
1787068637.4704382,848,any_person,position,held,True,1,True,True,True,9,0.0882,0.6627,47.23,0.0,0.0,22.66,0.0,1.0,70.89,12.65
1787068637.5447423,849,any_person,position,held,True,1,True,True,True,9,0.0882,0.6493,44.29,0.0,0.0,21.5,1.0,0.0,67.8,12.65
1787068637.6298313,850,any_person,position,held,True,1,True,True,True,9,0.0882,0.6701,46.76,0.0,0.0,24.32,0.0,1.01,73.09,12.65
1787068637.7037687,851,any_person,position,held,True,1,True,True,True,9,0.0882,0.6926,46.69,0.0,0.0,21.25,0.0,1.0,68.93,12.65
1787068637.776277,852,any_person,position,held,True,1,True,True,True,9,0.0882,0.6762,45.32,0.0,0.0,20.98,1.21,0.0,68.51,12.65
1787068637.8522096,853,any_person,position,held,True,1,True,True,True,9,0.0882,0.6926,41.31,0.0,0.0,21.29,0.0,1.0,63.6,12.65
1787068637.9244545,854,any_person,position,held,True,1,True,True,True,9,0.0882,0.6766,46.02,0.0,0.0,21.23,0.0,0.0,68.25,12.65
1787068637.999487,855,any_person,position,held,True,1,True,True,True,9,0.0882,0.6951,46.22,0.0,0.0,23.45,0.0,0.0,70.66,12.65
1787068638.0707276,856,any_person,position,held,True,1,False,True,False,0,0.0,0.7049,41.62,0.0,0.0,19.95,1.49,0.0,64.24,12.65
1787068638.152109,857,any_person,position,held,True,1,False,True,False,0,0.0,0.7018,43.52,0.0,0.0,23.6,0.0,1.0,68.12,12.65
1787068638.2226765,858,any_person,position,held,True,1,False,True,False,0,0.0,0.6875,44.17,0.0,0.0,21.87,0.0,0.53,66.57,13.18
1787068638.3145456,859,any_person,position,held,True,1,False,True,False,0,0.0,0.7023,48.67,0.0,0.0,24.76,0.0,1.14,74.57,13.18
1787068638.3902483,860,any_person,position,held,True,1,False,True,False,0,0.0234,0.6871,47.22,0.0,0.0,22.73,0.0,0.73,71.69,13.18
1787068638.4636638,861,any_person,position,held,True,1,False,True,False,0,0.0682,0.6624,45.03,0.0,0.0,22.38,0.0,1.01,68.42,13.18
1787068638.543503,862,any_person,position,held,True,1,False,True,False,0,0.0831,0.6462,46.7,0.0,0.0,24.86,0.0,1.0,72.56,13.18
1787068638.6183774,863,any_person,position,held,True,1,False,True,False,0,0.1018,0.648,47.74,0.0,0.0,21.0,0.0,1.0,69.74,13.18
1787068638.69244,864,any_person,position,held,True,1,False,True,False,1,0.1018,0.6527,46.34,0.0,0.0,22.73,0.0,1.0,70.06,13.18
1787068638.7773206,865,any_person,position,held,True,1,False,True,False,2,0.1021,0.6543,48.49,0.0,0.0,24.4,0.0,1.0,73.88,13.18
1787068638.849686,866,any_person,position,held,True,1,True,True,True,3,0.1021,0.654,45.7,0.0,0.0,21.67,0.0,1.0,68.37,13.18
1787068638.9237127,867,any_person,position,held,True,1,True,True,True,4,0.103,0.6574,43.51,0.0,0.0,21.0,0.0,1.0,65.51,13.18
1787068638.9960938,868,any_person,position,held,True,1,True,True,True,5,0.103,0.6429,45.11,0.0,0.0,22.26,1.01,0.0,69.38,13.18
1787068639.083505,869,any_person,position,held,True,1,True,True,True,6,0.1034,0.6511,46.68,0.0,0.0,21.72,0.0,1.0,69.4,13.18
1787068639.1603632,870,any_person,position,held,True,1,True,True,True,7,0.1034,0.6517,43.35,0.0,0.0,23.0,0.0,1.0,67.36,13.18
1787068639.2313936,871,any_person,position,held,True,1,True,True,True,8,0.1039,0.6562,44.5,0.0,0.0,21.35,0.0,1.51,67.36,12.89
1787068639.3064725,872,any_person,position,held,True,1,True,True,True,8,0.1043,0.6554,48.63,0.0,0.0,21.53,1.01,0.0,72.17,12.89
1787068639.3945236,873,any_person,position,held,True,1,True,True,True,8,0.1126,0.6456,46.29,0.0,0.0,23.51,0.0,1.0,70.79,12.89
1787068639.473286,874,any_person,position,held,True,1,True,True,True,9,0.1126,0.6441,47.83,0.0,0.0,24.93,0.0,0.0,72.76,12.89
1787068639.546451,875,any_person,position,held,True,1,True,True,True,10,0.1126,0.642,45.16,0.0,0.0,21.49,0.0,1.0,67.65,12.89
1787068639.6296477,876,any_person,position,held,True,1,True,True,True,10,0.1132,0.645,47.17,0.0,0.0,24.02,1.01,0.0,73.2,12.89
1787068639.7055411,877,any_person,position,held,True,1,True,True,True,10,0.1133,0.6476,51.36,0.0,0.0,20.54,0.0,1.0,72.89,12.89
1787068639.7814314,878,any_person,position,held,True,1,True,True,True,10,0.1153,0.6421,45.56,0.0,0.0,23.33,0.0,1.0,69.89,12.89
1787068639.8635569,879,any_person,position,held,True,1,True,True,True,11,0.0919,0.6396,49.43,0.0,0.0,23.7,0.0,1.0,74.13,12.89
1787068639.9467974,880,any_person,position,held,True,1,False,True,False,12,0.0471,0.6585,42.22,0.0,0.0,21.26,0.0,1.0,64.48,12.89
1787068640.027299,881,any_person,position,held,True,1,False,True,False,13,0.0322,0.6419,43.16,0.0,0.0,21.82,0.0,0.51,66.49,12.89
1787068640.09921,882,any_person,position,held,True,1,False,True,False,13,0.0155,0.6491,44.88,0.0,0.0,23.03,0.0,1.01,68.91,12.89
1787068640.1816943,883,any_person,position,held,True,1,False,True,False,13,0.0155,0.6479,43.54,0.0,0.0,21.26,0.0,1.0,65.79,12.89
1787068640.2594993,884,any_person,position,held,True,1,False,True,False,13,0.0155,0.653,43.19,0.0,0.0,22.62,0.0,0.0,65.81,12.64
1787068640.3397174,885,any_person,position,held,True,1,False,True,False,13,0.0155,0.6347,43.74,0.0,0.0,23.37,0.0,1.01,68.12,12.64
1787068640.4187627,886,any_person,position,held,True,1,False,True,False,13,0.0155,0.647,45.55,0.0,0.0,22.35,0.0,1.15,69.04,12.64
1787068640.4981244,887,any_person,position,held,True,1,False,True,False,13,0.0155,0.6532,47.03,0.0,0.0,21.51,0.0,1.34,70.89,12.64
1787068640.572894,888,any_person,position,held,True,1,False,True,False,13,0.0155,0.6479,46.35,0.0,0.0,20.62,0.0,0.0,68.03,12.64
1787068640.6438136,889,any_person,position,held,True,1,False,True,False,13,0.0204,0.6523,45.63,0.0,0.0,19.77,1.0,0.0,67.4,12.64
1787068640.7297103,890,any_person,position,held,True,1,True,True,True,13,0.0742,0.6465,45.23,0.0,0.0,22.48,1.0,0.0,69.7,12.64
1787068640.80511,891,any_person,position,held,True,1,True,True,True,13,0.1446,0.6541,44.13,0.0,0.0,22.25,0.0,1.01,67.4,12.64
1787068640.8845878,892,any_person,position,held,True,1,True,True,True,12,0.1552,0.6502,45.88,0.0,0.0,21.91,0.0,1.0,68.79,12.64
1787068640.9626117,893,any_person,position,held,True,1,True,True,True,11,0.1659,0.6705,45.81,0.0,0.0,23.22,0.0,1.0,70.03,12.64
1787068641.037358,894,any_person,position,held,True,1,True,True,True,12,0.1659,0.6643,44.85,0.0,0.0,20.9,0.0,1.0,67.75,12.64
1787068641.1127949,895,any_person,position,held,True,1,True,True,True,12,0.1659,0.6722,43.35,0.0,0.0,21.07,0.0,1.01,66.43,12.64
1787068641.1879134,896,any_person,position,held,True,1,True,True,True,12,0.4191,0.6703,48.84,0.0,0.0,21.97,0.0,1.0,71.82,12.64
1787068641.2695189,897,any_person,position,held,True,1,True,True,True,12,0.4191,0.6426,42.4,0.0,0.0,23.9,0.0,1.12,67.43,12.87
1787068641.3493521,898,any_person,position,held,True,1,True,True,True,11,0.4191,0.649,45.98,0.0,0.0,23.15,0.0,0.0,70.13,12.87
1787068641.4208262,899,any_person,position,held,True,1,True,True,True,11,0.4191,0.6238,44.82,0.0,0.0,22.66,0.0,1.0,68.47,12.87
1787068641.4937227,900,any_person,position,held,True,1,True,True,True,10,0.4191,0.6277,45.67,0.0,0.0,22.23,0.0,1.0,68.9,12.87
1787068641.5813994,901,any_person,position,held,True,1,True,True,True,10,0.4191,0.642,45.55,0.0,0.0,23.21,0.0,1.31,70.07,12.87
1787068641.6556544,902,any_person,position,held,True,1,True,True,True,9,0.4191,0.6313,46.97,0.0,0.0,22.23,0.0,0.0,70.19,12.87
1787068641.7353046,903,any_person,position,held,True,1,True,True,True,9,0.4191,0.6414,44.63,0.0,0.0,22.51,0.0,0.0,68.14,12.87
1787068641.817061,904,any_person,position,held,True,1,True,True,True,9,0.4191,0.6447,45.02,0.0,0.0,24.73,1.0,0.0,71.76,12.87
1787068641.889173,905,any_person,position,held,True,1,True,True,True,9,0.4191,0.644,46.99,0.0,0.0,21.12,0.0,1.0,69.11,12.87
1787068641.9708946,906,any_person,position,held,True,1,True,True,True,8,0.4191,0.6472,46.32,0.0,0.0,22.41,0.0,1.0,69.72,12.87
1787068642.049643,907,any_person,position,held,True,1,True,True,True,8,0.4191,0.6318,45.95,0.0,0.0,25.28,0.0,1.01,72.24,12.87
1787068642.1243296,908,any_person,position,held,True,1,True,True,True,8,0.4191,0.6404,46.16,0.0,0.0,21.28,0.0,1.0,68.44,12.87
1787068642.1977503,909,any_person,position,held,True,1,True,True,True,8,0.4191,0.6511,43.19,0.0,0.0,20.54,0.0,1.17,64.91,12.87
1787068642.2816021,910,any_person,position,held,True,1,True,True,True,9,0.4191,0.649,46.2,0.0,0.0,23.1,0.0,0.0,70.3,12.84
1787068642.3511918,911,any_person,position,held,True,1,True,True,True,10,0.4191,0.6352,44.37,0.0,0.0,21.23,0.0,1.0,66.59,12.84
1787068642.435286,912,any_person,position,held,True,1,True,True,True,10,0.4191,0.6378,45.8,0.0,0.0,21.67,0.0,1.0,68.46,12.84
1787068642.5144424,913,any_person,position,held,True,1,True,True,True,11,0.393,0.6456,47.19,0.0,0.0,22.39,0.0,1.58,71.16,12.84
1787068642.5899668,914,any_person,position,held,True,1,True,True,True,12,0.3419,0.6451,46.85,0.0,0.0,21.93,0.0,1.0,69.78,12.84
1787068642.6610796,915,any_person,position,held,True,1,True,True,True,11,0.1338,0.6316,43.91,0.0,0.0,22.7,0.0,1.0,67.61,12.84
1787068642.745234,916,any_person,position,held,True,1,False,True,False,11,0.0248,0.6278,44.24,0.0,0.0,22.89,0.0,1.0,68.13,12.84
1787068642.8252816,917,any_person,position,held,True,1,False,True,False,10,0.0456,0.6155,44.71,0.0,0.0,24.34,1.0,0.0,71.05,12.84
1787068642.8969512,918,any_person,position,held,True,1,False,True,False,11,0.0399,0.6031,43.78,0.0,0.0,22.9,0.0,1.0,67.67,12.84
1787068642.9757817,919,any_person,position,held,True,1,True,True,True,11,0.0519,0.6101,44.3,0.0,0.0,23.52,0.0,0.0,68.83,12.84
1787068643.0519478,920,any_person,position,held,True,1,True,True,True,11,0.0644,0.5745,43.81,0.0,0.0,22.36,0.0,1.0,67.16,12.84
1787068643.1342373,921,any_person,position,held,True,1,True,True,True,11,0.0644,0.5628,45.79,0.0,0.0,24.49,0.0,1.0,71.29,12.84
1787068643.2079923,922,any_person,position,held,True,1,True,True,True,11,0.1274,0.5271,46.78,0.0,0.0,20.76,1.2,0.0,69.74,12.84
1787068643.2870672,923,any_person,position,held,True,1,True,True,True,10,0.1307,0.5223,44.34,0.0,0.0,22.74,0.0,1.0,68.07,12.93
1787068643.3629067,924,any_person,position,held,True,1,True,True,True,11,0.1302,0.5329,47.81,0.0,0.0,22.88,0.0,1.0,71.68,12.93
1787068643.438554,925,any_person,position,held,True,1,True,True,True,11,0.1327,0.5321,42.27,0.0,0.0,21.7,0.0,1.25,65.22,12.93
1787068643.5242834,926,any_person,position,held,True,1,True,True,True,12,0.1327,0.5142,47.41,0.0,0.0,25.19,0.0,0.0,73.61,12.93
1787068643.598088,927,any_person,position,held,True,1,True,True,True,12,0.1327,0.5091,47.82,0.0,0.0,20.47,0.0,1.0,69.29,12.93
1787068643.6738064,928,any_person,position,held,True,1,True,True,True,12,0.1327,0.5214,48.37,0.0,0.0,23.35,0.0,1.0,72.72,12.93
1787068643.7479634,929,any_person,position,held,True,1,True,True,True,12,0.1327,0.5154,46.09,0.0,0.0,22.83,0.0,1.23,70.16,12.93
1787068643.8284745,930,any_person,position,held,True,1,True,True,True,11,0.1327,0.5081,44.85,0.0,0.0,21.73,0.0,0.0,67.57,12.93
1787068643.9057844,931,any_person,position,held,True,1,True,True,True,11,0.1324,0.5094,44.74,0.0,0.0,22.58,0.0,1.0,68.31,12.93
1787068643.9861574,932,any_person,position,held,True,1,True,True,True,11,0.1324,0.5181,48.27,0.0,0.0,23.11,0.0,1.0,72.37,12.93
1787068644.060607,933,any_person,position,held,True,1,True,True,True,11,0.3699,0.5251,46.51,0.0,0.0,21.94,0.0,1.0,69.45,12.93
1787068644.135055,934,any_person,position,held,True,1,True,True,True,12,0.3699,0.5295,45.44,0.0,0.0,21.0,0.0,1.0,67.45,12.93
1787068644.209394,935,any_person,position,held,True,1,True,True,True,13,0.3699,0.5387,45.68,0.0,0.0,23.4,0.0,0.0,70.09,12.93
1787068644.2903647,936,any_person,position,held,True,1,True,True,True,13,0.3699,0.5251,46.35,0.0,0.0,20.76,0.0,1.01,68.11,12.96
1787068644.3642502,937,any_person,position,held,True,1,True,True,True,13,0.3699,0.5226,43.0,0.0,0.0,21.88,0.0,1.0,65.89,12.96
1787068644.44507,938,any_person,position,held,True,1,True,True,True,14,0.3699,0.5263,47.82,0.0,0.0,21.0,0.0,1.0,69.82,12.96
1787068644.5226924,939,any_person,position,held,True,1,True,True,True,14,0.3699,0.5787,48.2,0.0,0.0,24.42,0.0,0.0,73.62,12.96
1787068644.60467,940,any_person,position,held,True,1,True,True,True,13,0.3699,0.6091,51.47,0.0,0.0,22.51,0.0,1.0,74.98,12.96
1787068644.6806784,941,any_person,position,held,True,1,True,True,True,14,0.3699,0.6151,47.22,0.0,0.0,24.03,0.0,0.51,71.75,12.96
1787068644.7579494,942,any_person,position,held,True,1,True,True,True,13,0.3699,0.6228,48.23,0.0,0.0,22.67,0.0,1.36,73.27,12.96
1787068644.8362362,943,any_person,position,held,True,1,True,True,True,13,0.3699,0.6369,47.3,0.0,0.0,23.63,0.0,1.0,71.93,12.96
1787068644.9142668,944,any_person,position,held,True,1,True,True,True,13,0.3699,0.6198,50.52,0.0,0.0,20.51,0.0,1.0,72.03,12.96
1787068644.9872236,945,any_person,position,held,True,1,True,True,True,13,0.3667,0.6244,44.17,0.0,0.0,22.79,0.0,0.0,67.96,12.96
1787068645.0632465,946,any_person,position,held,True,1,True,True,True,13,0.3647,0.6182,48.96,0.0,0.0,23.06,0.0,1.0,73.02,12.96
1787068645.147569,947,any_person,position,held,True,1,True,True,True,12,0.3647,0.6037,48.24,0.0,0.0,24.07,0.0,1.0,73.32,12.96
1787068645.2194679,948,any_person,position,held,True,1,True,True,True,12,0.3647,0.605,45.33,0.0,0.0,21.57,0.0,1.0,67.9,12.96
1787068645.2966897,949,any_person,position,held,True,1,True,True,True,12,0.3647,0.6118,43.2,0.0,0.0,24.01,0.0,1.01,68.22,12.92
1787068645.3805509,950,any_person,position,held,True,1,True,True,True,12,0.3647,0.6123,50.93,0.0,0.0,22.42,0.0,1.51,74.86,12.92
1787068645.4681087,951,any_person,position,held,True,1,True,True,True,13,0.3647,0.6188,46.59,0.0,0.0,20.58,0.0,1.0,69.16,12.92
1787068645.5485961,952,any_person,position,held,True,1,True,True,True,12,0.3647,0.6216,49.13,0.0,0.0,20.91,0.0,1.0,71.74,12.92
1787068645.6238437,953,any_person,position,held,True,1,False,True,False,12,0.0357,0.618,46.57,0.0,0.0,21.6,0.0,1.0,70.17,12.92
1787068645.6937194,954,any_person,position,held,True,1,False,True,False,12,0.0357,0.61,45.8,0.0,0.0,20.07,0.0,1.01,66.88,12.92
1787068645.7694712,955,any_person,position,held,True,1,False,True,False,12,0.0357,0.6254,47.2,0.0,0.0,22.38,1.0,0.0,71.58,12.92
1787068645.861683,956,any_person,position,held,True,1,False,True,False,12,0.0357,0.6607,49.45,0.0,0.0,24.16,0.0,0.0,74.7,12.92
1787068645.9366214,957,any_person,position,held,True,1,False,True,False,12,0.0357,0.6752,47.59,0.0,0.0,23.85,0.0,1.0,72.44,12.92
1787068646.0175316,958,any_person,position,held,True,1,False,True,False,12,0.0357,0.6739,50.24,0.0,0.0,23.79,0.0,1.88,75.91,12.92
1787068646.1062932,959,any_person,position,held,True,1,False,True,False,12,0.0357,0.6863,46.63,0.0,0.0,24.27,0.0,1.0,71.9,12.92
1787068646.1822267,960,any_person,position,held,True,1,False,True,False,12,0.0357,0.6958,47.98,0.0,0.0,21.94,0.0,1.01,70.93,12.92
1787068646.2579892,961,any_person,position,held,True,1,False,True,False,12,0.0357,0.7137,46.91,0.0,0.0,21.78,0.0,1.0,70.69,12.92
1787068646.3339686,962,any_person,position,held,True,1,False,True,False,12,0.0357,0.7016,46.72,0.0,0.0,22.25,0.0,1.0,69.98,12.53
1787068646.4120562,963,any_person,position,held,True,1,False,True,False,12,0.0357,0.7181,46.1,0.0,0.0,22.41,0.0,1.02,69.92,12.53
1787068646.4915967,964,any_person,position,held,True,1,False,True,False,12,0.0357,0.7222,47.9,0.0,0.0,23.07,0.51,0.53,72.54,12.53
1787068646.5647833,965,any_person,position,held,True,1,False,True,False,0,0.0,0.6909,46.99,0.0,0.0,20.49,1.01,0.0,69.49,12.53
1787068646.6483808,966,any_person,position,held,True,1,False,True,False,0,0.0,0.7018,52.04,0.0,0.0,22.53,0.0,1.0,75.57,12.53
1787068646.7338471,967,any_person,position,held,True,1,False,True,False,0,0.0,0.7121,45.98,0.0,0.0,22.04,0.0,0.55,69.09,12.53
1787068646.8141823,968,any_person,position,held,True,1,False,True,False,0,0.0,0.6791,48.52,0.0,0.0,22.15,0.0,1.0,71.67,12.53
1787068646.8875253,969,any_person,position,held,True,1,False,True,False,0,0.0,0.6542,45.28,0.0,0.0,21.54,0.0,1.01,67.83,12.53
1787068646.9587543,970,any_person,position,held,True,1,False,True,False,0,0.0,0.6075,43.49,0.0,0.0,22.23,0.0,1.0,67.04,12.53
1787068647.043882,971,any_person,position,held,True,1,False,True,False,0,0.0259,0.6029,46.76,0.0,0.0,21.97,0.0,1.03,69.76,12.53
1787068647.1183329,972,any_person,position,held,True,1,False,True,False,0,0.036,0.5929,45.83,0.0,0.0,20.03,0.0,1.51,67.37,12.53
1787068647.1997967,973,any_person,position,held,True,1,False,True,False,0,0.0366,0.5906,45.41,0.0,0.0,24.47,0.0,1.01,70.89,12.53
1787068647.2756581,974,any_person,position,held,True,1,False,True,False,1,0.0366,0.5717,46.54,0.0,0.0,21.33,0.0,1.0,68.86,12.53
1787068647.3478396,975,any_person,position,held,True,1,False,True,False,2,0.0366,0.5788,46.01,0.0,0.0,21.92,0.0,1.18,69.11,12.82
1787068647.436515,976,any_person,position,held,True,1,False,True,False,2,0.041,0.5967,50.27,0.0,0.0,21.95,1.01,0.0,74.23,12.82
1787068647.509883,977,any_person,position,held,True,1,False,True,False,3,0.041,0.588,49.05,0.0,0.0,20.32,0.0,0.0,70.37,12.82
1787068647.586721,978,any_person,position,held,True,1,False,True,False,3,0.041,0.5999,46.0,0.0,0.0,23.49,0.0,1.1,70.58,12.82
1787068647.6614604,979,any_person,position,held,True,1,True,True,True,4,0.1152,0.6019,45.94,0.0,0.0,22.18,0.0,1.0,69.12,12.82
1787068647.7383103,980,any_person,position,held,True,1,True,True,True,4,0.1282,0.6083,45.94,0.0,0.0,20.9,0.0,1.0,67.84,12.82
1787068647.8073518,981,any_person,position,held,True,1,True,True,True,5,0.1282,0.6218,43.51,0.0,0.0,20.53,0.0,1.0,65.04,12.82
1787068647.890387,982,any_person,position,held,True,1,True,True,True,5,0.1282,0.6243,43.24,0.0,0.0,21.8,0.0,0.0,66.04,12.82
1787068647.9693315,983,any_person,position,held,True,1,True,True,True,5,0.1282,0.5996,44.3,0.0,0.0,22.65,0.0,0.0,67.95,12.82
1787068648.0429957,984,any_person,position,held,True,1,True,True,True,5,0.1282,0.6055,42.5,0.0,0.0,20.65,0.0,1.0,64.66,12.82
1787068648.1172724,985,any_person,position,held,True,1,True,True,True,5,0.1282,0.6439,47.78,0.0,0.0,22.47,0.5,0.51,71.25,12.82
1787068648.204821,986,any_person,position,held,True,1,True,True,True,5,0.1282,0.6649,46.7,0.0,0.0,24.8,0.0,1.0,72.5,12.82
1787068648.2723348,987,any_person,position,held,True,1,True,True,True,5,0.1282,0.6752,43.21,0.0,0.0,19.8,0.0,1.51,64.51,12.82
1787068648.355915,988,any_person,position,held,True,1,True,True,True,5,0.1282,0.6937,47.35,0.0,0.0,20.45,1.43,0.5,69.74,12.9
1787068648.4278889,989,any_person,position,held,True,1,True,True,True,5,0.1282,0.717,42.92,0.0,0.0,20.55,0.0,1.5,64.97,12.9
1787068648.5145485,990,any_person,position,held,True,1,True,True,True,5,0.1282,0.7498,50.16,0.0,0.0,21.99,0.0,1.0,73.15,12.9
1787068648.5952356,991,any_person,position,held,True,1,True,True,True,5,0.1282,0.7526,52.84,0.0,0.0,22.84,0.0,1.0,76.69,12.9
1787068648.6652665,992,any_person,position,held,True,1,True,True,True,5,0.1282,0.7414,45.05,0.0,0.0,20.39,0.0,1.01,66.45,12.9
1787068648.7463894,993,any_person,position,held,True,1,False,True,False,0,0.0,0.7518,48.04,0.0,0.0,24.08,0.0,1.0,73.12,12.9
1787068648.8210566,994,any_person,position,held,True,1,False,True,False,0,0.0,0.7342,45.17,0.0,0.0,23.5,0.0,1.0,69.67,12.9
1787068648.8966916,995,any_person,position,held,True,1,False,True,False,0,0.0,0.7008,45.24,0.0,0.0,21.4,0.0,1.0,67.64,12.9
1787068648.9715347,996,any_person,position,held,True,1,False,True,False,0,0.0,0.705,42.37,0.0,0.0,22.47,0.0,1.0,65.84,12.9
1787068649.0505714,997,any_person,position,held,True,1,False,True,False,0,0.0,0.695,45.3,0.0,0.0,22.24,0.0,0.0,68.53,12.9
1787068649.1215286,998,any_person,position,held,True,1,False,True,False,0,0.0,0.677,45.2,0.0,0.0,21.75,0.0,1.0,67.95,12.9
1787068649.2047865,999,any_person,position,held,True,1,False,True,False,0,0.0,0.6249,44.0,0.0,0.0,22.49,0.0,1.0,67.49,12.9
1787068649.28293,1000,any_person,position,held,True,1,False,True,False,0,0.01,0.5926,46.12,0.0,0.0,21.02,0.0,1.0,68.14,12.9
1787068649.357994,1001,any_person,position,held,True,1,False,True,False,0,0.015,0.5714,42.86,0.0,0.0,21.64,1.05,0.0,66.56,12.97
1787068649.4374585,1002,any_person,position,held,True,1,False,True,False,0,0.0263,0.5143,45.83,0.0,0.0,22.39,0.0,1.0,69.22,12.97
1787068649.514069,1003,any_person,position,held,True,1,False,False,False,0,0.0406,0.4749,44.87,0.0,0.0,21.74,1.0,0.0,67.61,12.97
1787068649.5887697,1004,any_person,position,held,True,1,False,False,False,0,0.0836,0.474,46.4,0.0,0.0,22.28,0.0,1.0,70.68,12.97
1787068649.6704564,1005,any_person,position,held,True,1,False,False,False,1,0.0836,0.4901,44.9,0.0,0.0,23.28,0.0,1.47,69.65,12.97
1787068649.7475023,1006,any_person,position,held,True,1,False,True,False,2,0.1041,0.5112,47.12,0.0,0.0,20.91,0.0,1.01,69.04,12.97
1787068649.8247557,1007,any_person,position,held,True,1,True,True,True,3,0.1041,0.5511,44.23,0.0,0.0,23.03,0.0,1.0,68.25,12.97
1787068649.9072876,1008,any_person,position,held,True,1,True,True,True,4,0.1041,0.5678,48.1,0.0,0.0,24.43,0.0,1.0,73.53,12.97
1787068649.9798074,1009,any_person,position,held,True,1,True,True,True,5,0.1041,0.5306,45.58,0.0,0.0,21.94,0.0,1.0,68.52,12.97
1787068650.0607836,1010,any_person,position,held,True,1,True,True,True,6,0.1041,0.5475,47.24,0.0,0.0,23.54,0.0,0.0,72.96,12.97
1787068650.1292646,1011,any_person,position,held,True,1,True,True,True,7,0.1041,0.5635,43.07,0.0,0.0,21.36,0.0,0.51,65.48,12.97
1787068650.2086372,1012,any_person,position,held,True,1,True,True,True,8,0.1041,0.5449,44.24,0.0,0.0,21.46,0.0,1.0,66.71,12.97
1787068650.2899582,1013,any_person,position,held,True,1,True,True,True,9,0.1041,0.519,47.01,0.0,0.0,22.99,0.0,1.33,71.32,12.97
1787068650.3648856,1014,any_person,position,held,True,1,True,True,True,10,0.1041,0.5503,46.32,0.0,0.0,22.6,0.0,1.0,69.92,12.91
1787068650.4350374,1015,any_person,position,held,True,1,True,True,True,11,0.1041,0.5449,45.44,0.0,0.0,20.71,0.0,1.0,67.15,12.91
1787068650.5252361,1016,any_person,position,held,True,1,True,True,True,11,0.1041,0.5214,51.91,0.0,0.0,22.29,0.0,1.0,75.2,12.91
1787068650.6022727,1017,any_person,position,held,True,1,True,True,True,11,0.1041,0.5284,48.47,0.0,0.0,23.56,0.0,1.0,73.04,12.91
1787068650.6740415,1018,any_person,position,held,True,1,True,True,True,12,0.1041,0.5546,45.28,0.0,0.0,21.55,0.0,1.0,67.83,12.91
1787068650.758092,1019,any_person,position,held,True,1,True,True,True,13,0.0941,0.541,52.07,0.0,0.0,22.98,0.0,1.0,76.05,12.91
1787068650.8472161,1020,any_person,position,held,True,1,True,True,True,13,0.0941,0.557,47.89,0.0,0.0,22.74,0.0,1.49,72.12,12.91
1787068650.928935,1021,any_person,position,held,True,1,True,True,True,13,0.0891,0.5854,50.55,0.0,0.0,23.83,0.0,1.0,75.38,12.91
1787068651.022684,1022,any_person,position,held,True,1,True,True,True,13,0.0891,0.575,50.03,0.0,0.0,24.91,0.0,1.01,75.95,12.91
1787068651.1110425,1023,any_person,position,held,True,1,True,True,True,13,0.0891,0.6083,46.91,0.0,0.0,22.73,1.01,0.0,71.65,12.91
1787068651.187192,1024,any_person,position,held,True,1,True,True,True,13,0.0891,0.6605,46.85,0.0,0.0,23.3,0.0,1.0,71.15,12.91
1787068651.263846,1025,any_person,position,held,True,1,True,True,True,13,0.0891,0.7059,45.2,0.0,0.0,23.37,0.0,1.01,69.57,12.91
1787068651.34239,1026,any_person,position,held,True,1,True,True,True,13,0.0891,0.718,48.13,0.0,0.0,21.84,0.51,0.54,71.54,12.91
1787068651.42207,1027,any_person,position,held,True,1,True,True,True,13,0.0891,0.7264,50.05,0.0,0.0,22.35,0.0,1.0,73.4,12.3
1787068651.49361,1028,any_person,position,held,True,1,True,True,True,13,0.0891,0.7252,45.52,0.0,0.0,20.51,0.0,0.0,67.03,12.3
1787068651.5721242,1029,any_person,position,held,True,1,True,True,True,13,0.0891,0.7189,44.33,0.0,0.0,22.18,0.0,1.01,67.51,12.3
1787068651.6515918,1030,any_person,position,held,True,1,True,True,True,13,0.0891,0.7095,47.16,0.0,0.0,21.31,0.0,1.0,69.47,12.3
1787068651.7312016,1031,any_person,position,held,True,1,True,True,True,13,0.0891,0.6909,50.5,0.0,0.0,21.38,0.0,1.0,72.88,12.3
1787068651.8043666,1032,any_person,position,held,True,1,False,True,False,0,0.0,0.6827,45.65,0.0,0.0,21.45,0.0,1.33,68.43,12.3
1787068651.87894,1033,any_person,position,held,True,1,False,True,False,0,0.0,0.6795,46.93,0.0,0.0,22.64,0.0,1.0,70.57,12.3
1787068651.9622219,1034,any_person,position,held,True,1,False,True,False,0,0.0,0.6808,45.33,0.0,0.0,22.88,0.0,1.0,69.21,12.3
1787068652.0394197,1035,any_person,position,held,True,1,False,True,False,0,0.0,0.6767,45.1,0.0,0.0,23.1,0.0,1.0,69.2,12.3
1787068652.117355,1036,any_person,position,held,True,1,False,True,False,0,0.0,0.6816,44.47,0.0,0.0,23.47,0.0,0.0,68.94,12.3
1787068652.1971567,1037,any_person,position,held,True,1,False,True,False,0,0.0,0.6865,46.49,0.0,0.0,22.86,0.0,0.0,70.8,12.3
1787068652.2713554,1038,any_person,position,held,True,1,False,True,False,0,0.0,0.6869,45.82,0.0,0.0,19.38,1.0,0.0,67.19,12.3
1787068652.3476212,1039,any_person,position,held,True,1,False,True,False,0,0.0,0.6593,44.88,0.0,0.0,21.39,0.0,1.0,67.26,12.3
1787068652.426405,1040,any_person,position,held,True,1,False,True,False,0,0.0,0.701,45.92,0.0,0.0,22.86,0.0,1.0,69.78,12.94
1787068652.5053155,1041,any_person,position,held,True,1,False,True,False,0,0.0,0.7033,49.13,0.0,0.0,21.27,0.0,1.0,71.4,12.94
1787068652.5822778,1042,any_person,position,held,True,1,False,True,False,0,0.0,0.6989,46.72,0.0,0.0,25.23,0.0,1.0,72.96,12.94
1787068652.6561747,1043,any_person,position,held,True,1,False,True,False,0,0.0,0.6963,43.9,0.0,0.0,22.48,0.0,1.01,67.39,12.94
1787068652.7352273,1044,any_person,position,held,True,1,False,True,False,0,0.0,0.6433,45.34,0.0,0.0,21.65,0.0,1.0,67.99,12.94
1787068652.816235,1045,any_person,position,held,True,1,False,True,False,0,0.0093,0.6398,46.91,0.0,0.0,23.31,0.0,0.0,71.23,12.94
1787068652.8879993,1046,any_person,position,held,True,1,False,True,False,1,0.0093,0.6337,44.01,0.0,0.0,20.25,0.0,1.0,65.76,12.94
1787068652.9567027,1047,any_person,position,held,True,1,False,True,False,1,0.0134,0.6241,41.64,0.0,0.0,22.06,1.0,0.0,65.7,12.94
1787068653.0290954,1048,any_person,position,held,True,1,False,True,False,1,0.0263,0.6216,45.0,0.0,0.0,23.06,0.0,1.01,69.06,12.94
1787068653.1110144,1049,any_person,position,held,True,1,False,True,False,1,0.0273,0.6185,45.32,0.0,0.0,23.6,0.0,1.0,69.92,12.94
1787068653.1873195,1050,any_person,position,held,True,1,False,True,False,2,0.0273,0.6466,47.17,0.0,0.0,20.12,0.0,1.01,68.31,12.94
1787068653.269472,1051,any_person,position,held,True,1,False,True,False,2,0.0273,0.6524,47.49,0.0,0.0,23.46,0.0,1.0,71.95,12.94
1787068653.3448539,1052,any_person,position,held,True,1,False,True,False,2,0.0711,0.6241,46.54,0.0,0.0,22.84,0.0,1.0,70.38,12.94
1787068653.4188516,1053,any_person,position,held,True,1,False,True,False,2,0.105,0.6183,43.76,0.0,0.0,21.73,0.0,1.0,66.49,12.94
1787068653.4897475,1054,any_person,position,held,True,1,False,True,False,2,0.1195,0.6241,44.9,0.0,0.0,21.99,0.0,1.01,67.9,13.17
1787068653.5769405,1055,any_person,position,held,True,1,True,True,True,3,0.1195,0.6292,44.52,0.0,0.0,22.4,0.0,1.0,68.92,13.17
1787068653.657424,1056,any_person,position,held,True,1,True,True,True,4,0.1196,0.6347,47.54,0.0,0.0,21.94,0.0,1.0,70.48,13.17
1787068653.728368,1057,any_person,position,held,True,1,True,True,True,5,0.1196,0.6402,43.94,0.0,0.0,22.0,0.0,1.0,66.94,13.17
1787068653.8126366,1058,any_person,position,held,True,1,True,True,True,5,0.1196,0.6273,45.6,0.0,0.0,24.08,0.0,1.0,70.68,13.17
1787068653.8883822,1059,any_person,position,held,True,1,True,True,True,6,0.1196,0.6368,45.51,0.0,0.0,23.24,0.0,1.0,69.75,13.17
1787068653.973786,1060,any_person,position,held,True,1,True,True,True,6,0.1196,0.6296,52.16,0.0,0.0,23.38,1.01,0.0,77.71,13.17
1787068654.057701,1061,any_person,position,held,True,1,True,True,True,6,0.1208,0.6256,45.63,0.0,0.0,22.28,0.0,1.0,69.91,13.17
1787068654.1332278,1062,any_person,position,held,True,1,True,True,True,7,0.1208,0.621,47.67,0.0,0.0,23.86,0.0,1.0,72.53,13.17
1787068654.214063,1063,any_person,position,held,True,1,True,True,True,8,0.1245,0.6186,46.82,0.0,0.0,23.02,0.0,1.0,70.84,13.17
1787068654.290424,1064,any_person,position,held,True,1,True,True,True,8,0.1245,0.6248,45.19,0.0,0.0,21.16,0.0,1.01,67.36,13.17
1787068654.3745399,1065,any_person,position,held,True,1,True,True,True,8,0.1245,0.6205,48.98,0.0,0.0,23.93,0.0,1.01,73.92,13.17
1787068654.462277,1066,any_person,position,held,True,1,True,True,True,9,0.1245,0.62,45.15,0.0,0.0,23.51,0.0,0.0,69.66,13.17
1787068654.5292096,1067,any_person,position,held,True,1,True,True,True,10,0.1245,0.6238,42.03,0.0,0.0,20.91,0.0,1.0,63.93,12.51
1787068654.6034088,1068,any_person,position,held,True,1,True,True,True,10,0.1245,0.6139,47.79,0.0,0.0,21.37,0.0,1.25,71.2,12.51
1787068654.674998,1069,any_person,position,held,True,1,True,True,True,11,0.1106,0.6131,43.96,0.0,0.0,23.5,0.0,1.0,68.46,12.51
1787068654.7560885,1070,any_person,position,held,True,1,True,True,True,11,0.101,0.6284,45.54,0.0,0.0,22.55,0.0,1.0,69.09,12.51
1787068654.8328018,1071,any_person,position,held,True,1,True,True,True,11,0.0535,0.633,44.51,0.0,0.0,23.19,0.0,1.01,68.71,12.51
1787068654.9143836,1072,any_person,position,held,True,1,False,True,False,12,0.0195,0.6402,47.71,0.0,1.0,23.87,0.0,1.0,73.58,12.51
1787068655.0059276,1073,any_person,position,held,True,1,False,True,False,11,0.0185,0.6639,46.68,0.0,0.0,25.87,0.0,1.0,73.55,12.51
1787068655.0808566,1074,any_person,position,held,True,1,False,True,False,11,0.0185,0.6577,48.75,0.0,0.0,21.17,0.0,1.0,70.93,12.51
1787068655.1580458,1075,any_person,position,held,True,1,False,True,False,10,0.0345,0.6716,47.52,0.0,0.0,22.67,0.0,1.0,71.19,12.51
1787068655.2398033,1076,any_person,position,held,True,1,True,True,True,10,0.0581,0.6674,49.09,0.0,0.0,24.33,0.0,0.83,74.76,12.51
1787068655.314434,1077,any_person,position,held,True,1,True,True,True,9,0.0639,0.6502,46.9,0.0,0.0,23.5,0.0,1.0,71.39,12.51
1787068655.3872018,1078,any_person,position,held,True,1,True,True,True,10,0.0639,0.6295,44.26,0.0,0.0,21.51,0.0,1.0,66.77,12.51
1787068655.469498,1079,any_person,position,held,True,1,True,True,True,11,0.0653,0.6252,45.36,0.0,0.0,24.91,0.0,0.51,70.78,12.51
1787068655.5506911,1080,any_person,position,held,True,1,True,True,True,10,0.0715,0.605,47.44,0.0,0.0,25.39,0.0,1.0,73.84,12.73
1787068655.6204858,1081,any_person,position,held,True,1,True,True,True,10,0.0715,0.6148,44.55,0.0,0.0,19.77,0.0,1.48,65.8,12.73
1787068655.7056653,1082,any_person,position,held,True,1,True,True,True,10,0.1,0.6032,48.09,0.0,0.0,24.08,0.0,1.0,73.17,12.73
1787068655.7825267,1083,any_person,position,held,True,1,True,True,True,11,0.0986,0.6222,49.83,0.0,0.0,22.03,0.0,1.0,72.86,12.73
1787068655.8535168,1084,any_person,position,held,True,1,True,True,True,11,0.1391,0.6268,44.73,0.0,0.0,21.07,0.0,1.0,66.8,12.73
1787068655.9233441,1085,any_person,position,held,True,1,True,True,True,10,0.1639,0.6578,43.57,0.0,0.0,22.26,0.0,1.0,66.83,12.73
1787068655.993734,1086,any_person,position,held,True,1,True,True,True,10,0.1623,0.6705,43.68,0.0,0.0,21.71,0.0,1.0,66.39,12.73
1787068656.0700412,1087,any_person,position,held,True,1,True,True,True,9,0.1623,0.6606,44.36,0.0,0.0,21.32,0.0,1.0,66.68,12.73
1787068656.1531367,1088,any_person,position,held,True,1,True,True,True,10,0.1613,0.6818,48.98,0.0,0.0,23.11,0.0,1.0,73.09,12.73
1787068656.2304595,1089,any_person,position,held,True,1,True,True,True,10,0.1695,0.6645,50.52,0.0,0.0,20.81,1.0,0.0,73.32,12.73
1787068656.3030133,1090,any_person,position,held,True,1,True,True,True,10,0.1693,0.6616,44.69,0.0,0.0,22.86,0.0,1.01,68.55,12.73
1787068656.3841462,1091,any_person,position,held,True,1,True,True,True,10,0.1693,0.6606,47.43,0.0,0.0,23.7,1.01,0.63,72.77,12.73
1787068656.460129,1092,any_person,position,held,True,1,True,True,True,10,0.1693,0.6554,46.57,0.0,0.0,22.76,0.0,1.0,70.33,12.73
1787068656.5391247,1093,any_person,position,held,True,1,True,True,True,10,0.1693,0.6411,47.36,0.0,0.0,23.63,0.0,1.01,72.0,12.73
1787068656.6146235,1094,any_person,position,held,True,1,True,False,False,10,0.1693,0.0,46.35,0.0,0.0,21.06,0.0,1.0,69.41,13.16
1787068656.6924515,1095,any_person,position,held,True,1,True,True,True,10,0.1693,0.6654,47.19,0.0,0.0,21.27,0.0,1.0,69.46,13.16
1787068656.767722,1096,any_person,position,held,True,1,True,True,True,10,0.1693,0.7088,44.0,0.0,0.0,23.02,0.0,1.25,68.27,13.16
1787068656.8478794,1097,any_person,position,held,True,1,True,True,True,10,0.1615,0.7123,45.04,0.0,0.0,23.12,0.0,1.01,69.16,13.16
1787068656.9245856,1098,any_person,position,held,True,1,True,False,False,10,0.1615,0.0,44.44,0.0,0.0,23.0,0.0,1.0,68.44,13.16
1787068656.9939976,1099,any_person,position,held,True,1,True,False,False,10,0.1615,0.0,41.62,0.0,0.0,22.79,0.0,1.0,65.41,13.16
1787068657.076329,1100,any_person,position,held,True,1,True,False,False,10,0.1615,0.0,43.1,0.0,0.0,20.51,0.0,1.0,64.62,13.16
1787068657.1581023,1101,any_person,position,held,True,1,True,False,False,10,0.1615,0.0,43.99,0.0,0.0,22.77,0.0,0.0,67.76,13.16
1787068657.2396462,1102,any_person,position,held,True,1,True,False,False,10,0.1615,0.0,45.39,0.0,0.0,26.15,0.0,1.0,72.54,13.16
1787068657.3193297,1103,any_person,position,held,True,1,True,False,False,10,0.1615,0.0,48.11,0.0,0.0,23.57,1.0,0.0,73.68,13.16
1787068657.3940918,1104,any_person,position,held,True,1,False,False,False,0,0.0,0.0,47.75,0.0,0.0,22.01,0.0,1.0,70.76,13.16
1787068657.474659,1105,any_person,position,held,True,1,False,False,False,0,0.0,0.0,48.66,0.0,0.0,24.9,0.0,1.0,74.57,13.16
1787068657.5646136,1106,any_person,position,held,True,1,False,False,False,0,0.0,0.0,48.4,0.0,0.0,23.05,0.0,1.0,72.44,13.16
1787068657.6366951,1107,any_person,position,held,True,1,False,False,False,0,0.0,0.0,45.56,0.0,0.0,22.14,0.0,1.38,69.08,12.72
1787068657.7177331,1108,any_person,position,held,True,1,False,False,False,0,0.0,0.0,45.57,0.0,0.0,22.2,0.0,1.26,69.03,12.72
1787068657.7976387,1109,any_person,position,held,True,1,False,False,False,0,0.0,0.0,47.15,0.0,0.0,23.69,0.0,0.0,71.84,12.72
1787068657.8817186,1110,any_person,position,held,True,1,False,False,False,0,0.0,0.0,50.51,0.0,0.0,25.52,0.0,0.0,77.03,12.72
1787068657.9652257,1111,any_person,position,held,True,1,False,False,False,0,0.0,0.0,44.7,0.0,0.0,22.66,0.0,0.0,68.37,12.72
1787068658.0332568,1112,any_person,position,held,True,1,False,False,False,0,0.0,0.0,43.2,0.0,0.0,20.83,0.0,1.0,65.03,12.72
1787068658.1042776,1113,any_person,position,held,True,1,False,False,False,0,0.0,0.0,44.17,0.0,1.0,21.86,0.0,0.0,67.02,12.72
1787068658.1872087,1114,any_person,position,held,True,1,False,False,False,0,0.0,0.0,45.0,0.0,0.0,24.42,0.0,1.0,71.42,12.72
1787068658.258219,1115,any_person,position,held,True,1,False,False,False,0,0.0,0.0,42.49,0.0,0.0,20.0,0.0,1.0,63.5,12.72
1787068658.3420966,1116,any_person,position,held,True,1,False,False,False,0,0.0,0.0,42.49,0.0,0.0,24.85,0.0,1.0,68.33,12.72
1787068658.415241,1117,any_person,position,held,True,1,False,False,False,0,0.0,0.0,46.79,0.0,0.0,22.93,0.0,1.29,71.02,12.72
1787068658.4891772,1118,any_person,position,held,True,1,False,False,False,0,0.0,0.0,50.41,0.0,0.0,20.52,0.0,1.0,71.93,12.72
1787068658.5741677,1119,any_person,position,held,True,1,False,False,False,0,0.0,0.0,45.6,0.0,0.0,22.78,0.0,1.01,69.38,12.72
1787068658.6484528,1120,any_person,position,held,True,1,False,False,False,0,0.0,0.0,49.71,0.0,0.0,21.33,0.0,1.2,72.24,12.85
1787068658.720756,1121,any_person,position,held,True,1,False,False,False,0,0.0,0.0,46.95,0.0,0.0,22.35,0.0,1.0,70.29,12.85
1787068658.8065896,1122,any_person,position,held,True,1,False,False,False,0,0.0,0.0,44.58,0.0,0.0,22.26,0.0,0.0,67.84,12.85
1787068658.8828788,1123,any_person,position,held,True,1,False,False,False,0,0.0,0.0,48.23,0.0,0.0,25.06,0.0,1.0,74.29,12.85
1787068658.9546514,1124,any_person,position,held,True,1,False,False,False,0,0.0,0.0,47.05,0.0,0.0,22.32,0.0,0.0,70.77,12.85
1787068659.0286376,1125,any_person,position,held,True,1,False,False,False,0,0.0,0.0,49.56,0.0,0.0,21.43,0.0,0.0,71.99,12.85
1787068659.0987651,1126,any_person,position,held,True,1,False,False,False,0,0.0,0.0,45.78,0.0,0.0,20.95,0.0,1.39,68.13,12.85
1787068659.1678324,1127,any_person,position,held,True,1,False,False,False,0,0.0,0.0,44.41,0.0,0.0,21.37,0.0,0.0,67.06,12.85
1787068659.2361627,1128,any_person,position,held,True,1,False,False,False,0,0.0,0.0,45.83,0.0,0.0,20.49,0.0,1.0,67.32,12.85
1787068659.3062248,1129,any_person,position,held,True,1,False,False,False,0,0.0,0.0,45.3,0.0,0.0,21.51,0.0,1.0,67.8,12.85
1787068659.37535,1130,any_person,position,held,True,1,False,False,False,0,0.0,0.0,44.04,0.0,0.0,21.09,0.0,1.0,66.13,12.85
1787068659.4612687,1131,any_person,position,held,True,1,False,False,False,0,0.2637,0.0,42.52,0.0,0.0,24.88,0.0,0.0,68.4,12.85
1787068659.539502,1132,any_person,position,held,True,1,False,False,False,1,0.2637,0.0,45.2,0.0,0.0,24.01,0.0,1.0,70.21,12.85
1787068659.6542144,1133,any_person,position,held,True,1,False,False,False,1,0.2637,0.0,85.93,0.0,0.0,19.5,0.0,1.01,106.44,12.93
1787068659.7311833,1134,any_person,position,held,True,1,False,False,False,1,0.2637,0.0,50.19,0.0,0.0,23.78,0.0,1.0,74.97,12.93
1787068659.8053267,1135,any_person,position,held,True,1,False,False,False,1,0.2637,0.0,48.28,0.0,0.0,21.87,0.0,1.0,71.14,12.93
1787068659.8768392,1136,any_person,position,held,True,1,False,False,False,1,0.2637,0.0,46.44,0.0,0.0,22.07,0.0,0.0,69.51,12.93
1787068659.9542315,1137,any_person,position,held,True,1,False,False,False,1,0.2637,0.0,52.16,0.0,0.0,21.93,0.0,1.29,75.39,12.93
1787068660.0271547,1138,any_person,position,held,True,1,False,False,False,0,0.0,0.0,47.23,0.0,0.0,21.72,0.0,1.0,70.96,12.93
1787068660.098217,1139,any_person,position,held,True,1,False,False,False,0,0.0,0.0,46.52,0.0,0.0,21.83,0.0,1.04,69.4,12.93
1787068660.173813,1140,any_person,position,held,True,1,False,False,False,0,0.0,0.0,49.04,0.0,0.0,23.57,0.0,1.0,73.61,12.93
1787068660.247059,1141,any_person,position,held,True,1,False,False,False,0,0.0,0.0,46.24,0.0,0.0,22.0,0.0,1.0,69.24,12.93
1787068660.3268757,1142,any_person,position,held,True,1,False,False,False,0,0.0,0.0,44.53,0.0,0.0,21.1,0.0,1.0,66.64,12.93
1787068660.4037747,1143,any_person,position,held,True,1,False,False,False,0,0.0,0.0,42.36,0.0,0.0,22.02,0.0,1.02,65.9,12.93
1787068660.4824028,1144,any_person,position,held,True,1,False,False,False,0,0.0,0.0,43.72,0.0,0.0,22.4,0.0,0.0,67.12,12.93
1787068660.5544348,1145,any_person,position,held,True,1,False,False,False,0,0.0,0.0,40.52,0.0,0.0,20.51,0.0,1.01,62.03,12.93
1787068660.6257472,1146,any_person,position,held,True,1,False,False,False,0,0.0,0.0,46.04,0.0,0.0,22.28,0.0,0.0,69.32,12.93
1787068660.6983197,1147,any_person,position,held,True,1,False,False,False,0,0.0,0.0,44.4,0.0,0.0,22.1,0.0,1.0,67.5,13.41
1787068660.7801986,1148,any_person,position,held,True,1,False,False,False,0,0.0,0.0,48.0,0.0,0.0,21.88,0.0,1.0,70.88,13.41
1787068660.8544672,1149,any_person,position,held,True,1,False,False,False,0,0.0,0.0,44.95,0.0,0.0,22.32,0.0,1.0,68.27,13.41
1787068660.939064,1150,any_person,position,held,True,1,False,False,False,0,0.0,0.0,52.85,0.0,0.0,21.25,0.0,1.01,75.11,13.41
1787068661.0254955,1151,any_person,position,held,True,1,False,False,False,0,0.0,0.0,45.81,0.0,0.0,22.03,0.0,1.0,68.84,13.41
1787068661.1050847,1152,any_person,position,held,True,1,False,False,False,0,0.0,0.0,49.01,0.0,0.0,21.78,0.0,0.52,71.31,13.41
1787068661.1798017,1153,any_person,position,held,True,1,False,False,False,0,0.0,0.0,44.8,0.0,0.0,23.13,0.0,1.03,68.95,13.41
1787068661.2606943,1154,any_person,position,held,True,1,False,False,False,0,0.0,0.0,49.79,0.0,0.0,22.2,0.0,0.62,72.6,13.41
1787068661.3403773,1155,any_person,position,held,True,1,False,False,False,0,0.0,0.0,52.47,0.0,0.0,23.3,0.0,0.53,76.29,13.41
1787068661.4122958,1156,any_person,position,held,True,1,False,False,False,0,0.0,0.0,42.29,0.0,0.0,23.42,0.0,0.0,67.71,13.41
1787068661.4858298,1157,any_person,position,held,True,1,False,False,False,0,0.0,0.0,42.97,0.0,0.0,20.56,0.0,1.0,64.54,13.41
1787068661.5668848,1158,any_person,position,held,True,1,False,False,False,0,0.0,0.0,44.26,0.0,1.0,20.0,0.0,1.0,67.26,13.41
1787069431.8465183,1,any_person,position,reacquired,True,1,False,False,False,0,0.0,0.0,710.1,0.0,0.0,809.17,1.93,67.02,1591.35,0.43
1787069432.0238118,2,any_person,position,held,True,1,False,True,False,0,0.0,0.7489,96.26,0.0,0.0,37.9,0.0,2.12,136.28,0.43
1787069432.127132,3,any_person,position,held,True,1,False,True,False,0,0.0,0.7309,67.06,0.0,0.0,30.69,0.0,1.54,99.29,0.43
1787069432.2200525,4,any_person,position,held,True,1,False,True,False,0,0.0,0.7247,55.01,0.0,0.0,31.24,0.0,1.53,87.78,0.43
1787069432.3078372,5,any_person,position,held,True,1,False,True,False,0,0.0,0.7095,56.05,0.0,0.0,28.04,0.0,2.18,86.27,0.43
1787069432.4074228,6,any_person,position,held,True,1,False,True,False,0,0.0,0.6936,58.41,0.0,0.0,26.24,0.69,1.07,86.41,0.43
1787069432.5034516,7,any_person,position,held,True,1,False,True,False,0,0.0,0.6622,60.7,0.0,0.0,30.23,1.53,0.0,92.46,0.43
1787069432.6049025,8,any_person,position,held,True,1,False,True,False,0,0.0,0.6613,61.86,0.0,0.0,32.15,0.0,2.32,96.84,0.43
1787069432.7089505,9,any_person,position,held,True,1,False,True,False,0,0.0,0.6534,61.83,0.0,0.0,29.64,0.0,1.42,92.89,0.43
1787069432.8106272,10,any_person,position,held,True,1,False,True,False,0,0.0,0.7071,63.27,0.0,0.0,32.66,0.0,1.55,97.48,0.43
1787069432.9156415,11,any_person,position,held,True,1,False,True,False,0,0.0,0.7139,60.71,0.0,0.0,31.46,0.0,1.65,93.83,9.35
1787069433.0336328,12,any_person,position,held,True,1,False,True,False,0,0.0,0.7003,77.6,0.0,0.0,25.31,0.0,1.01,104.42,9.35
1787069433.1316404,13,any_person,position,held,True,1,False,True,False,0,0.0,0.6962,63.36,0.0,0.0,28.5,0.0,0.0,93.38,9.35
1787069433.2335768,14,any_person,position,held,True,1,False,True,False,0,0.0,0.7034,58.37,0.0,0.0,28.25,0.0,1.54,88.67,9.35
1787069433.329205,15,any_person,position,held,True,1,False,True,False,0,0.0,0.7108,59.06,0.0,0.0,28.42,0.0,1.04,88.51,9.35
1787069433.4256434,16,any_person,position,held,True,1,False,True,False,0,0.0,0.7105,62.7,0.0,0.0,28.18,0.0,1.53,92.42,9.35
1787069433.52802,17,any_person,position,held,True,1,False,True,False,0,0.026,0.71,58.37,0.0,0.0,25.58,1.01,0.5,85.47,9.35
1787069433.6221561,18,any_person,position,held,True,1,False,True,False,1,0.0263,0.6866,60.1,0.0,0.0,24.86,0.0,1.03,86.51,9.35
1787069433.7137558,19,any_person,position,held,True,1,False,True,False,1,0.0623,0.6563,55.27,0.0,0.0,27.77,0.0,0.0,84.56,9.35
1787069433.8114276,20,any_person,position,held,True,1,False,True,False,1,0.116,0.6381,57.31,0.0,0.0,27.65,0.0,1.01,86.97,9.35
1787069433.9153824,21,any_person,position,held,True,1,False,True,False,1,0.14,0.6479,72.84,0.0,0.0,25.83,0.0,1.72,100.39,9.35
1787069434.03353,22,any_person,position,held,True,1,False,True,False,1,0.1544,0.6355,73.26,0.0,0.0,30.65,0.0,2.06,105.97,9.84
1787069434.1550026,23,any_person,position,held,True,1,False,True,False,1,0.155,0.6414,74.56,0.0,0.0,27.52,1.01,0.51,103.59,9.84
1787069434.2459843,24,any_person,position,held,True,1,False,True,False,1,0.1666,0.6504,57.44,0.0,0.0,26.93,1.01,0.5,86.88,9.84
1787069434.3362982,25,any_person,position,held,True,1,False,True,False,1,0.1788,0.6366,58.92,0.0,0.0,27.33,0.0,1.01,87.26,9.84
1787069434.4418626,26,any_person,position,held,True,1,False,True,False,1,0.1788,0.6456,62.14,0.0,0.0,29.67,0.0,0.0,93.33,9.84
1787069434.5414999,27,any_person,position,held,True,1,False,True,False,1,0.1788,0.6584,56.59,0.0,0.0,25.36,0.0,1.52,83.46,9.84
1787069434.6369562,28,any_person,position,held,True,1,False,True,False,2,0.1788,0.6472,56.02,0.0,0.0,27.12,0.0,1.53,84.67,9.84
1787069434.7362995,29,any_person,position,held,True,1,False,True,False,2,0.1788,0.6338,59.53,0.0,0.0,28.1,0.0,1.54,89.17,9.84
1787069434.8216195,30,any_person,position,held,True,1,False,True,False,2,0.1788,0.647,55.36,0.0,0.0,23.33,0.0,2.54,81.24,9.84
1787069434.9168324,31,any_person,position,held,True,1,True,True,True,3,0.1791,0.6369,63.29,0.0,0.0,26.81,0.0,0.0,91.63,9.84
1787069435.0103178,32,any_person,position,held,True,1,True,True,True,3,0.1867,0.6378,61.87,0.0,0.0,26.01,0.0,1.53,89.42,9.84
1787069435.1139023,33,any_person,position,held,True,1,True,True,True,4,0.1867,0.6455,59.8,0.0,0.0,27.05,0.0,1.03,88.39,10.18
1787069435.2152617,34,any_person,position,held,True,1,True,True,True,4,0.1867,0.6367,65.2,0.0,0.0,27.58,0.0,1.05,94.35,10.18
1787069435.3202107,35,any_person,position,held,True,1,True,True,True,5,0.1884,0.6423,61.03,0.0,0.0,29.76,0.0,1.01,92.3,10.18
1787069435.425614,36,any_person,position,held,True,1,True,True,True,6,0.1884,0.6341,61.1,0.0,0.0,24.99,0.0,0.0,87.62,10.18
1787069435.516586,37,any_person,position,held,True,1,True,True,True,6,0.1884,0.6281,59.19,0.0,0.0,24.14,0.0,1.53,84.87,10.18
1787069435.6107605,38,any_person,position,held,True,1,True,True,True,7,0.1884,0.6422,55.2,0.0,0.0,25.91,0.0,2.32,83.44,10.18
1787069435.7104168,39,any_person,position,held,True,1,True,True,True,8,0.1884,0.6513,62.89,0.0,0.0,24.99,0.0,1.53,89.41,10.18
1787069435.7999117,40,any_person,position,held,True,1,True,True,True,7,0.1884,0.6591,58.07,0.0,0.0,25.31,0.0,1.55,84.92,10.18
1787069435.8882353,41,any_person,position,held,True,1,True,True,True,8,0.1621,0.6554,56.75,0.0,1.01,24.13,0.0,2.2,84.59,10.18
1787069435.9910467,42,any_person,position,held,True,1,True,True,True,9,0.1262,0.6567,59.05,0.0,0.0,28.01,0.0,0.0,88.59,10.18
1787069436.079181,43,any_person,position,held,True,1,True,True,True,9,0.0724,0.6564,53.68,0.0,0.0,28.08,0.0,1.29,83.58,10.18
1787069436.1738389,44,any_person,position,held,True,1,False,True,False,10,0.0484,0.6379,55.19,0.0,0.0,27.75,0.0,1.0,84.94,10.38
1787069436.270277,45,any_person,position,held,True,1,False,True,False,10,0.0341,0.6424,60.52,0.0,0.0,25.7,0.0,1.09,87.3,10.38
1787069436.3618953,46,any_person,position,held,True,1,False,True,False,10,0.0335,0.6453,57.38,0.0,0.0,26.59,0.0,1.51,85.48,10.38
1787069436.4568868,47,any_person,position,held,True,1,False,True,False,11,0.0218,0.6428,56.88,0.0,0.0,27.45,0.0,1.49,85.82,10.38
1787069436.5565197,48,any_person,position,held,True,1,False,True,False,11,0.0187,0.6337,60.4,0.0,0.0,29.63,0.0,1.57,91.6,10.38
1787069436.6477358,49,any_person,position,held,True,1,False,True,False,12,0.0187,0.6453,60.99,0.0,0.0,24.1,0.0,1.54,86.63,10.38
1787069436.739424,50,any_person,position,held,True,1,False,True,False,11,0.0187,0.6403,59.47,0.0,0.0,26.58,0.85,0.51,87.96,10.38
1787069436.8387012,51,any_person,position,held,True,1,False,True,False,12,0.0187,0.6446,58.67,0.0,0.0,27.09,0.0,1.54,87.29,10.38
1787069436.9316816,52,any_person,position,held,True,1,False,True,False,12,0.0187,0.6469,59.34,0.0,0.0,27.51,0.0,1.52,88.37,10.38
1787069437.0257325,53,any_person,position,held,True,1,False,True,False,12,0.0187,0.6556,59.8,0.0,0.0,26.66,0.0,1.53,87.99,10.38
1787069437.116467,54,any_person,position,held,True,1,False,True,False,12,0.0187,0.6545,59.62,0.0,0.0,25.01,0.0,1.54,86.17,10.38
1787069437.2137542,55,any_person,position,held,True,1,False,True,False,13,0.0179,0.6516,58.96,0.0,0.0,28.61,0.51,0.0,89.62,10.58
1787069437.3029947,56,any_person,position,held,True,1,False,True,False,12,0.0146,0.6536,55.41,0.0,0.0,25.05,0.0,0.0,82.09,10.58
1787069437.405762,57,any_person,position,held,True,1,False,True,False,11,0.0146,0.6489,60.6,0.0,0.0,26.89,0.0,1.53,89.02,10.58
1787069437.4959383,58,any_person,position,held,True,1,False,True,False,12,0.0179,0.6478,57.76,0.0,0.0,25.34,0.0,1.0,84.1,10.58
1787069437.593407,59,any_person,position,held,True,1,False,True,False,11,0.0463,0.65,58.3,0.0,0.0,27.98,0.0,0.51,86.79,10.58
1787069437.6911762,60,any_person,position,held,True,1,True,True,True,10,0.0698,0.6582,59.4,0.0,0.0,27.11,0.0,0.0,88.05,10.58
1787069437.7849078,61,any_person,position,held,True,1,True,True,True,10,0.0913,0.6822,58.61,0.0,0.0,28.01,0.0,1.53,88.15,10.58
1787069437.8768134,62,any_person,position,held,True,1,True,True,True,10,0.0913,0.7054,57.98,0.0,0.0,27.26,0.0,2.08,87.31,10.58
1787069437.9665968,63,any_person,position,held,True,1,True,True,True,10,0.0913,0.7043,59.69,0.0,0.0,25.52,0.0,1.53,86.74,10.58
1787069438.0657141,64,any_person,position,held,True,1,True,True,True,10,0.0913,0.7074,58.71,0.0,0.0,27.7,0.0,1.54,87.95,10.58
1787069438.1634192,65,any_person,position,held,True,1,True,True,True,10,0.0913,0.7029,63.04,0.0,0.0,24.99,0.0,1.53,90.08,10.58
1787069438.2553735,66,any_person,position,held,True,1,True,True,True,10,0.0913,0.7114,57.87,0.0,0.0,27.0,0.0,1.51,86.39,10.56
1787069438.430462,67,any_person,position,held,True,1,True,True,True,10,0.0913,0.7117,61.68,0.0,0.0,27.1,0.0,1.01,89.79,10.56
1787069438.5388408,68,any_person,position,held,True,1,True,True,True,10,0.0913,0.7051,57.87,0.0,0.0,31.63,0.0,1.01,90.51,10.56
1787069438.6465676,69,any_person,position,held,True,1,True,True,True,10,0.0913,0.7071,60.44,0.0,0.0,28.03,0.0,0.5,89.97,10.56
1787069438.739401,70,any_person,position,held,True,1,True,True,True,10,0.0913,0.7061,60.35,0.0,0.0,26.37,0.0,1.54,88.27,10.56
1787069438.835289,71,any_person,position,held,True,1,True,True,True,10,0.0913,0.6926,62.84,0.0,0.0,26.4,1.54,0.0,90.78,10.56
1787069438.938744,72,any_person,position,held,True,1,False,True,False,0,0.0,0.7034,67.84,0.0,0.0,30.04,0.0,1.01,98.89,10.56
1787069439.034831,73,any_person,position,held,True,1,False,True,False,0,0.0,0.7046,58.64,0.0,0.0,25.22,0.0,1.06,85.43,10.56
1787069439.12587,74,any_person,position,held,True,1,False,True,False,0,0.0,0.7163,54.9,0.0,0.0,25.3,0.0,1.53,81.72,10.56
1787069439.211408,75,any_person,position,held,True,1,False,True,False,0,0.0,0.7056,54.41,0.0,0.0,25.0,0.0,0.0,80.92,10.56
1787069439.2978783,76,any_person,position,held,True,1,False,True,False,0,0.0,0.6931,53.71,0.0,0.0,25.1,0.0,1.54,81.9,9.59
1787069439.3883028,77,any_person,position,held,True,1,False,True,False,0,0.0,0.7036,52.35,0.0,0.5,24.89,0.0,1.51,79.25,9.59
1787069439.5076916,78,any_person,position,held,True,1,False,True,False,0,0.0,0.7041,62.64,0.0,0.0,25.67,0.5,1.01,89.82,9.59
1787069439.6092262,79,any_person,position,held,True,1,False,True,False,0,0.0,0.6711,56.65,0.0,0.0,25.57,0.0,1.57,83.79,9.59
1787069439.7035065,80,any_person,position,held,True,1,False,True,False,0,0.0,0.6347,57.42,0.0,0.0,24.69,0.0,1.51,84.12,9.59
1787069439.7885888,81,any_person,position,held,True,1,False,True,False,0,0.0,0.6213,53.92,0.0,0.0,25.52,0.0,1.54,81.5,9.59
1787069439.8775198,82,any_person,position,held,True,1,False,True,False,0,0.0,0.6091,58.17,0.0,0.0,24.03,0.0,0.0,83.88,9.59
1787069439.9806063,83,any_person,position,held,True,1,False,True,False,0,0.0,0.612,60.18,0.0,0.0,27.44,0.0,1.29,88.9,9.59
1787069440.075701,84,any_person,position,held,True,1,False,True,False,0,0.0,0.6161,63.6,0.0,0.0,25.41,0.0,1.53,90.53,9.59
1787069440.1778405,85,any_person,position,held,True,1,False,True,False,0,0.0019,0.6209,55.91,0.0,0.0,24.82,0.0,2.08,82.81,9.59
1787069440.2711763,86,any_person,position,held,True,1,False,True,False,1,0.0019,0.6129,56.09,0.0,0.0,25.56,0.0,1.54,83.19,9.59
1787069440.3660536,87,any_person,position,held,True,1,False,True,False,1,0.0154,0.6191,55.21,0.0,0.0,26.98,0.0,1.0,83.19,10.3
1787069440.4599023,88,any_person,position,held,True,1,False,True,False,2,0.0154,0.6284,55.51,0.0,0.0,25.35,0.51,1.01,82.37,10.3
1787069440.5593677,89,any_person,position,held,True,1,False,True,False,2,0.0154,0.6189,58.67,0.0,0.0,27.89,0.0,1.54,88.1,10.3
1787069440.645979,90,any_person,position,held,True,1,False,True,False,3,0.0154,0.6168,53.9,0.0,0.0,25.1,0.0,1.51,80.51,10.3
1787069440.7300808,91,any_person,position,held,True,1,False,True,False,3,0.0181,0.5912,56.26,0.0,0.0,23.25,0.0,1.53,81.04,10.3
1787069440.8268123,92,any_person,position,held,True,1,False,True,False,3,0.0185,0.5993,58.66,0.0,0.0,24.84,0.0,1.54,85.04,10.3
1787069440.919407,93,any_person,position,held,True,1,False,True,False,3,0.0218,0.6127,55.44,0.0,0.0,25.43,1.54,0.0,82.41,10.3
1787069441.0113213,94,any_person,position,held,True,1,False,True,False,3,0.0279,0.5776,57.58,0.0,0.0,28.23,0.0,0.0,87.35,10.3
1787069441.0974305,95,any_person,position,held,True,1,False,True,False,4,0.0279,0.6147,56.26,0.0,0.0,25.18,0.0,0.0,82.97,10.3
1787069441.1899595,96,any_person,position,held,True,1,False,True,False,4,0.0279,0.6102,57.05,0.0,0.0,24.83,0.0,0.0,83.41,10.3
1787069441.3451576,97,any_person,position,held,True,1,False,True,False,4,0.0279,0.6119,111.35,0.0,0.0,29.12,0.0,1.51,141.98,10.3
1787069441.5295038,98,any_person,position,held,True,1,False,True,False,4,0.0279,0.6153,141.5,0.0,0.0,23.9,0.0,1.51,166.91,9.45
1787069441.6442227,99,any_person,position,held,True,1,False,True,False,4,0.0279,0.6084,54.09,0.0,0.0,25.18,0.0,1.52,80.79,9.45
1787069441.735012,100,any_person,position,held,True,1,False,True,False,4,0.0279,0.6084,50.81,0.0,0.0,24.77,0.0,1.54,77.12,9.45
1787069441.8417304,101,any_person,position,held,True,1,False,True,False,5,0.0279,0.6032,58.24,0.0,0.0,27.63,0.0,1.54,88.42,9.45
1787069441.9589424,102,any_person,position,held,True,1,False,True,False,6,0.0279,0.591,69.85,0.0,0.0,27.16,0.0,1.54,98.55,9.45
1787069442.0518074,103,any_person,position,held,True,1,False,True,False,7,0.0279,0.6155,60.67,0.0,0.0,26.1,1.52,0.0,88.29,9.45
1787069442.1464062,104,any_person,position,held,True,1,False,True,False,8,0.0279,0.6161,63.27,0.0,0.0,25.19,0.0,1.54,90.0,9.45
1787069442.2399354,105,any_person,position,held,True,1,False,True,False,8,0.0279,0.6206,60.82,0.0,0.0,26.57,0.0,1.54,88.93,9.45
1787069442.3323781,106,any_person,position,held,True,1,False,True,False,8,0.0279,0.6099,55.23,0.0,0.0,23.43,1.61,1.01,81.78,9.45
1787069442.4336522,107,any_person,position,held,True,1,False,True,False,7,0.0279,0.6256,59.33,0.0,0.0,26.65,0.0,1.52,88.02,9.45
1787069442.5243804,108,any_person,position,held,True,1,False,True,False,7,0.0279,0.6117,57.25,0.0,0.0,23.88,0.0,1.01,82.65,9.45
1787069442.621786,109,any_person,position,held,True,1,False,True,False,7,0.0279,0.5996,56.78,0.0,0.0,26.92,0.0,2.05,85.75,10.07
1787069442.7258294,110,any_person,position,held,True,1,False,True,False,7,0.0277,0.592,69.0,0.0,0.0,26.37,0.0,1.53,96.9,10.07
1787069442.8254316,111,any_person,position,held,True,1,False,True,False,7,0.024,0.5952,68.81,0.0,0.0,24.65,0.0,0.0,95.0,10.07
1787069442.9253886,112,any_person,position,held,True,1,False,True,False,7,0.0284,0.5796,66.47,0.0,0.0,28.72,0.0,1.51,96.7,10.07
1787069443.0316718,113,any_person,position,held,True,1,True,True,True,6,0.0567,0.5853,63.3,0.0,0.0,25.49,0.5,0.51,89.81,10.07
1787069443.1198695,114,any_person,position,held,True,1,True,True,True,6,0.0908,0.5807,56.06,0.0,0.0,26.57,0.0,1.01,83.63,10.07
1787069443.214969,115,any_person,position,held,True,1,True,True,True,6,0.0908,0.5788,58.28,0.0,0.0,25.58,0.0,1.57,85.43,10.07
1787069443.3056695,116,any_person,position,held,True,1,True,True,True,6,0.0908,0.59,57.85,0.0,0.0,24.18,1.01,1.01,84.05,10.07
1787069443.3926759,117,any_person,position,held,True,1,True,True,True,6,0.0908,0.6325,56.97,0.0,0.0,23.85,0.0,1.55,82.37,10.07
1787069443.494753,118,any_person,position,held,True,1,True,True,True,6,0.0908,0.6137,56.17,0.0,0.0,25.71,0.0,0.79,83.19,10.07
1787069443.5926363,119,any_person,position,held,True,1,True,True,True,6,0.0908,0.6072,59.77,0.0,0.0,26.41,0.0,1.0,87.18,10.07
1787069443.6819365,120,any_person,position,held,True,1,True,True,True,6,0.0908,0.5937,57.93,0.0,0.0,23.91,1.01,0.5,83.35,10.38
1787069443.7793853,121,any_person,position,held,True,1,True,True,True,6,0.0908,0.5929,57.03,0.0,0.0,27.22,0.0,1.53,85.78,10.38
1787069443.8734176,122,any_person,position,held,True,1,True,True,True,6,0.0908,0.5996,60.45,0.0,0.0,25.45,0.0,2.05,87.96,10.38
1787069443.9615557,123,any_person,position,held,True,1,True,True,True,6,0.0908,0.6009,56.67,0.0,0.0,24.92,1.52,0.0,83.11,10.38
1787069444.053656,124,any_person,position,held,True,1,True,True,True,6,0.0908,0.5823,52.89,0.0,0.0,25.5,0.0,1.51,79.89,10.38
1787069444.1636367,125,any_person,position,held,True,1,False,True,False,0,0.0,0.6268,63.85,0.0,0.0,27.84,0.0,0.52,92.21,10.38
1787069444.2530391,126,any_person,position,held,True,1,False,True,False,0,0.0,0.6191,55.72,0.0,0.0,28.12,0.0,0.0,85.37,10.38
1787069444.3439705,127,any_person,position,held,True,1,False,True,False,0,0.0,0.6109,55.26,0.0,0.0,27.55,0.0,0.5,83.31,10.38
1787069444.437554,128,any_person,position,held,True,1,False,True,False,0,0.0,0.622,62.99,0.0,0.0,24.44,0.0,1.54,88.96,10.38
1787069444.539384,129,any_person,position,held,True,1,False,True,False,0,0.0,0.6202,62.44,0.0,0.0,26.65,0.0,0.51,89.6,10.38
1787069444.6298378,130,any_person,position,held,True,1,False,True,False,0,0.0,0.6075,58.46,0.0,0.0,24.89,0.0,1.51,84.86,10.38
1787069444.7238986,131,any_person,position,held,True,1,False,True,False,0,0.0,0.582,57.26,0.0,0.0,26.14,0.0,2.06,85.45,10.56
1787069444.8436935,132,any_person,position,held,True,1,False,True,False,0,0.0,0.5814,66.29,0.0,0.0,26.4,0.5,1.04,94.24,10.56
1787069444.9428084,133,any_person,position,held,True,1,False,True,False,0,0.0,0.5872,54.17,0.0,0.0,25.95,0.0,1.63,81.75,10.56
1787069445.0362492,134,any_person,position,held,True,1,False,True,False,0,0.0,0.5775,53.27,0.0,0.0,25.45,0.0,1.0,79.72,10.56
1787069445.1403396,135,any_person,position,held,True,1,False,True,False,0,0.0083,0.6237,60.9,0.0,0.0,29.45,0.0,1.53,91.88,10.56
1787069445.239946,136,any_person,position,held,True,1,False,True,False,0,0.0096,0.6278,53.78,0.0,0.0,26.75,0.0,1.53,82.07,10.56
1787069445.3381877,137,any_person,position,held,True,1,False,True,False,0,0.0103,0.6206,59.5,0.0,0.0,24.17,0.0,0.0,85.2,10.56
1787069445.4306216,138,any_person,position,held,True,1,False,True,False,1,0.0103,0.6242,54.25,0.0,0.0,27.51,0.0,0.5,83.27,10.56
1787069445.5288243,139,any_person,position,held,True,1,False,True,False,1,0.0103,0.6231,60.15,0.0,0.0,25.7,0.0,1.55,87.4,10.56
1787069445.6194754,140,any_person,position,held,True,1,False,True,False,1,0.0103,0.6245,58.45,0.0,0.0,26.6,0.0,0.0,86.59,10.56
1787069445.7294974,141,any_person,position,held,True,1,False,True,False,1,0.0103,0.6111,77.65,0.0,0.0,27.79,0.0,0.5,106.95,9.94
1787069445.8269067,142,any_person,position,held,True,1,False,True,False,2,0.0103,0.5988,60.67,0.0,0.0,25.59,0.0,1.0,87.76,9.94
1787069445.9249656,143,any_person,position,held,True,1,False,True,False,2,0.0275,0.6228,62.04,0.0,0.0,29.89,0.0,1.53,93.46,9.94
1787069446.0182214,144,any_person,position,held,True,1,False,True,False,2,0.0534,0.5922,62.18,0.0,0.0,26.95,0.0,1.04,90.17,9.94
1787069446.1115346,145,any_person,position,held,True,1,False,True,False,2,0.0612,0.5917,55.3,0.0,0.0,29.38,0.0,1.52,86.2,9.94
1787069446.2802646,146,any_person,position,held,True,1,False,True,False,2,0.0642,0.5891,136.52,0.0,0.0,23.54,0.0,1.0,161.57,9.94
1787069446.3794196,147,any_person,position,held,True,1,True,True,True,3,0.0642,0.5893,59.47,0.0,0.0,25.5,0.0,1.0,85.97,9.94
1787069446.4657624,148,any_person,position,held,True,1,True,True,True,3,0.0642,0.5905,54.0,0.0,0.0,22.66,0.0,1.53,78.19,9.94
1787069446.5653813,149,any_person,position,held,True,1,True,True,True,3,0.0642,0.6086,54.27,0.0,0.0,25.83,0.0,1.63,81.73,9.94
1787069446.6517284,150,any_person,position,held,True,1,True,True,True,3,0.0642,0.5901,53.92,0.0,0.0,26.24,0.0,1.04,81.73,9.94
1787069446.7440546,151,any_person,position,held,True,1,True,True,True,3,0.0642,0.5802,57.86,0.0,0.0,26.34,0.0,0.5,84.71,9.86
1787069446.8423307,152,any_person,position,held,True,1,True,True,True,3,0.0642,0.5664,61.29,0.0,0.0,26.32,0.0,0.52,89.14,9.86
1787069446.95572,153,any_person,position,held,True,1,True,True,True,3,0.0642,0.5803,63.45,0.0,0.0,27.48,0.0,1.54,92.47,9.86
1787069447.0644007,154,any_person,position,held,True,1,True,True,True,4,0.0589,0.5806,62.56,0.0,0.0,25.57,0.0,2.07,90.72,9.86
1787069447.1558907,155,any_person,position,held,True,1,True,True,True,4,0.0608,0.5728,59.61,0.0,0.0,26.75,0.51,0.0,88.41,9.86
1787069447.2516687,156,any_person,position,held,True,1,True,True,True,4,0.0608,0.5757,61.17,0.0,0.0,24.65,0.0,1.26,88.09,9.86
1787069447.3469825,157,any_person,position,held,True,1,True,True,True,5,0.0641,0.5871,59.28,0.0,0.0,28.1,0.0,0.0,88.93,9.86
1787069447.4416752,158,any_person,position,held,True,1,True,True,True,5,0.0749,0.5875,62.33,0.0,0.0,25.26,0.0,1.0,88.59,9.86
1787069447.531151,159,any_person,position,held,True,1,True,True,True,6,0.0749,0.5865,59.66,0.0,0.0,24.75,0.0,0.5,84.91,9.86
1787069447.6354303,160,any_person,position,held,True,1,True,True,True,6,0.0749,0.594,59.86,0.0,0.0,28.08,0.0,1.54,89.49,9.86
1787069447.7248886,161,any_person,position,held,True,1,True,True,True,6,0.0799,0.599,56.74,0.0,0.0,25.97,0.0,1.42,84.71,9.86
1787069447.8213942,162,any_person,position,held,True,1,True,True,True,6,0.0799,0.5912,64.07,0.0,0.0,23.99,0.0,1.0,90.07,10.21
1787069447.9124339,163,any_person,position,held,True,1,True,True,True,6,0.0799,0.6248,59.65,0.0,0.0,25.27,0.0,1.0,85.93,10.21
1787069448.0140402,164,any_person,position,held,True,1,True,True,True,7,0.075,0.6454,61.17,0.0,0.0,28.23,0.0,1.51,90.91,10.21
1787069448.108308,165,any_person,position,held,True,1,True,True,True,7,0.075,0.6448,61.89,0.0,0.0,26.22,0.0,1.55,89.66,10.21
1787069448.1963737,166,any_person,position,held,True,1,True,True,True,7,0.075,0.6668,56.76,0.0,0.0,24.68,1.54,0.0,82.98,10.21
1787069448.2920163,167,any_person,position,held,True,1,True,True,True,7,0.075,0.6939,54.69,0.0,0.0,26.84,0.0,0.88,82.92,10.21
1787069448.3916767,168,any_person,position,held,True,1,True,True,True,7,0.075,0.666,60.2,0.0,0.0,26.65,0.0,1.54,88.38,10.21
1787069448.4883103,169,any_person,position,held,True,1,True,True,True,7,0.075,0.6781,60.84,0.0,0.0,26.64,0.0,0.0,89.02,10.21
1787069448.5751898,170,any_person,position,held,True,1,True,True,True,7,0.075,0.6649,53.78,0.0,0.0,26.02,0.0,1.51,81.31,10.21
1787069448.6792088,171,any_person,position,held,True,1,True,True,True,7,0.075,0.6566,60.11,0.0,0.0,29.68,0.0,0.0,91.33,10.21
1787069448.76748,172,any_person,position,held,True,1,True,True,True,7,0.075,0.6713,57.51,0.0,0.0,26.14,0.0,1.55,85.2,10.21
1787069448.8621194,173,any_person,position,held,True,1,True,True,True,7,0.075,0.6519,59.19,0.0,0.0,26.31,0.0,0.5,87.02,10.57
1787069448.9553788,174,any_person,position,held,True,1,True,True,True,7,0.075,0.66,58.16,0.0,0.0,26.96,0.0,1.51,86.63,10.57
1787069449.0519774,175,any_person,position,held,True,1,False,True,False,0,0.0,0.6586,61.94,0.0,0.0,25.01,0.0,1.51,88.47,10.57
1787069449.147866,176,any_person,position,held,True,1,False,True,False,0,0.0,0.6502,62.72,0.0,0.0,27.08,0.0,1.53,91.33,10.57
1787069449.245301,177,any_person,position,held,True,1,False,True,False,0,0.0744,0.6559,53.23,0.0,0.0,26.04,0.0,1.51,80.79,10.57
1787069449.3462915,178,any_person,position,held,True,1,False,True,False,0,0.0827,0.6562,57.04,0.0,0.0,28.22,0.0,0.5,86.77,10.57
1787069449.4468086,179,any_person,position,held,True,1,False,True,False,0,0.1106,0.6675,60.66,0.0,0.0,29.49,0.0,1.0,91.89,10.57
1787069449.5521677,180,any_person,position,held,True,1,False,True,False,0,0.1106,0.662,59.24,0.0,0.0,27.42,0.0,1.25,87.91,10.57
1787069449.641766,181,any_person,position,held,True,1,False,True,False,0,0.1106,0.6561,57.08,0.0,0.0,26.48,0.0,1.52,85.08,10.57
1787069449.7436688,182,any_person,position,held,True,1,False,True,False,1,0.1106,0.6581,62.83,0.0,0.0,28.1,0.0,2.08,93.01,10.57
1787069449.862046,183,any_person,position,held,True,1,False,True,False,1,0.1106,0.6649,74.53,0.0,0.0,27.14,0.0,1.02,102.69,10.57
1787069449.9526982,184,any_person,position,held,True,1,False,True,False,1,0.1106,0.6508,59.16,0.0,0.0,25.38,0.0,1.54,86.07,10.09
1787069450.046635,185,any_person,position,held,True,1,False,True,False,1,0.1106,0.6621,54.35,0.0,0.0,25.86,0.0,1.54,81.74,10.09
1787069450.1515658,186,any_person,position,held,True,1,False,True,False,1,0.1106,0.6728,63.39,0.0,0.0,27.29,0.0,1.52,92.19,10.09
1787069450.2579236,187,any_person,position,held,True,1,False,True,False,1,0.1106,0.6919,59.34,0.0,0.0,28.72,0.0,1.0,89.06,10.09
1787069450.3489983,188,any_person,position,held,True,1,False,True,False,1,0.1106,0.703,58.88,0.0,0.0,25.07,0.0,1.53,85.48,10.09
1787069450.446639,189,any_person,position,held,True,1,False,True,False,1,0.1106,0.748,58.97,0.0,0.0,26.94,0.0,1.59,87.51,10.09
1787069450.5479424,190,any_person,position,held,True,1,False,True,False,1,0.1106,0.7514,64.53,0.0,0.0,28.07,1.54,1.01,95.14,10.09
1787069450.655557,191,any_person,position,held,True,1,False,True,False,1,0.1106,0.7363,64.12,0.0,0.0,28.25,0.0,0.0,93.89,10.09
1787069450.7560937,192,any_person,position,held,True,1,False,True,False,1,0.1106,0.6911,56.34,0.0,0.0,27.31,0.0,0.51,85.22,10.09
1787069450.8557606,193,any_person,position,held,True,1,False,True,False,1,0.1106,0.6734,61.33,0.0,0.0,26.62,0.0,1.54,89.49,10.09
1787069450.9607544,194,any_person,position,held,True,1,False,True,False,0,0.0,0.6309,74.11,0.0,0.0,24.25,0.0,0.5,99.87,9.92
1787069451.0539427,195,any_person,position,held,True,1,False,True,False,0,0.0,0.5933,56.85,0.0,0.0,25.6,0.0,1.02,83.99,9.92
1787069451.1553278,196,any_person,position,held,True,1,False,True,False,0,0.0,0.5747,61.28,0.0,0.0,28.3,0.52,0.0,91.63,9.92
1787069451.2575428,197,any_person,position,held,True,1,False,True,False,0,0.0,0.5156,56.72,0.0,0.0,26.19,0.0,1.52,84.43,9.92
1787069451.3515284,198,any_person,position,held,True,1,False,False,False,0,0.0,0.39,55.93,0.0,0.0,26.66,0.0,1.53,85.12,9.92
1787069451.441946,199,any_person,position,held,True,1,False,False,False,0,0.0,0.2174,56.32,0.0,0.0,24.44,0.0,1.51,82.28,9.92
1787069451.5418968,200,any_person,position,held,True,1,False,False,False,0,0.0,0.0197,60.01,0.0,0.0,27.22,0.0,1.0,88.73,9.92
1787069451.6311452,201,any_person,position,held,True,1,False,False,False,0,0.0,0.0796,59.7,0.0,0.0,24.48,1.53,0.0,85.72,9.92
1787069451.7235963,202,any_person,position,held,True,1,False,False,False,0,0.0,0.1388,56.7,0.0,0.0,25.56,0.0,2.05,84.31,9.92
1787069451.8187451,203,any_person,position,held,True,1,False,False,False,0,0.0,0.1521,55.9,0.0,0.0,27.53,0.0,0.0,84.97,9.92
1787069451.9123313,204,any_person,position,held,True,1,False,False,False,0,0.0,0.1257,58.21,0.0,0.0,25.71,0.0,1.0,84.93,9.92
1787069452.0037196,205,any_person,position,held,True,1,False,False,False,0,0.0,0.0996,57.91,0.0,0.0,26.86,0.0,2.04,86.81,10.55
1787069452.0971048,206,any_person,position,held,True,1,False,False,False,0,0.0,0.0748,60.91,0.0,0.0,27.59,0.0,0.81,89.82,10.55
1787069452.1983004,207,any_person,position,held,True,1,False,False,False,0,0.0,0.0511,60.84,0.0,0.0,27.12,0.0,1.05,89.02,10.55
1787069452.2923605,208,any_person,position,held,True,1,False,False,False,0,0.0,0.0445,59.55,0.0,0.0,26.89,0.0,1.53,87.97,10.55
1787069452.3862062,209,any_person,position,held,True,1,False,False,False,0,0.0,0.0473,61.47,0.0,0.0,25.43,0.0,1.87,89.28,10.55
1787069452.4796832,210,any_person,position,held,True,1,False,False,False,0,0.0,0.0285,58.81,0.0,0.0,26.92,1.01,0.5,87.23,10.55
1787069452.57055,211,any_person,position,held,True,1,False,False,False,0,0.0,0.3101,56.61,0.0,0.0,26.1,0.0,1.06,83.77,10.55
1787069452.6689456,212,any_person,position,held,True,1,False,False,False,0,0.0,0.4993,56.84,0.0,0.0,27.65,0.0,1.53,86.02,10.55
1787069452.7652035,213,any_person,position,held,True,1,False,True,False,0,0.0,0.5833,58.06,0.0,0.0,27.47,0.0,0.0,87.08,10.55
1787069452.85939,214,any_person,position,held,True,1,False,True,False,0,0.0,0.6507,60.02,0.0,0.0,26.52,0.0,1.54,88.08,10.55
1787069452.9576612,215,any_person,position,held,True,1,False,True,False,0,0.0,0.667,62.64,0.0,0.0,27.99,0.0,1.53,92.16,10.55
1787069453.0583446,216,any_person,position,held,True,1,False,True,False,0,0.0,0.7005,54.54,0.0,0.0,25.88,0.0,1.01,81.42,10.43
1787069453.144419,217,any_person,position,held,True,1,False,True,False,0,0.0,0.7003,55.19,0.0,0.0,24.78,0.0,1.01,81.48,10.43
1787069453.235804,218,any_person,position,held,True,1,False,True,False,0,0.0,0.7013,55.92,0.0,0.0,26.82,0.0,1.53,84.28,10.43
1787069453.3288062,219,any_person,position,held,True,1,False,True,False,0,0.0,0.6961,55.71,0.0,0.0,26.62,0.52,1.01,83.86,10.43
1787069453.41964,220,any_person,position,held,True,1,False,True,False,0,0.0,0.6781,55.63,0.0,0.0,24.56,0.0,1.53,81.72,10.43
1787069453.5143993,221,any_person,position,held,True,1,False,True,False,0,0.0,0.6992,56.63,0.0,0.0,25.09,0.0,1.08,82.8,10.43
1787069453.6175692,222,any_person,position,held,True,1,False,True,False,0,0.0,0.6878,62.9,0.0,0.0,26.54,0.0,0.79,90.74,10.43
1787069453.702759,223,any_person,position,held,True,1,False,True,False,0,0.0,0.6475,55.48,0.0,0.0,25.16,0.0,1.01,82.16,10.43
1787069453.7953331,224,any_person,position,held,True,1,False,True,False,0,0.0,0.6369,59.72,0.0,0.0,27.28,0.0,1.01,88.51,10.43
1787069453.8865814,225,any_person,position,held,True,1,False,True,False,0,0.0,0.618,58.29,0.0,0.0,27.88,0.0,1.0,87.17,10.43
1787069453.9864085,226,any_person,position,held,True,1,False,True,False,0,0.0,0.6065,56.62,0.0,0.0,26.38,0.0,0.5,84.51,10.43
1787069454.0839283,227,any_person,position,held,True,1,False,True,False,0,0.0,0.6037,59.77,0.0,0.0,26.6,0.0,1.0,88.38,10.73
1787069454.1778352,228,any_person,position,held,True,1,False,True,False,0,0.0,0.5955,57.96,0.0,0.0,25.76,0.0,1.57,86.3,10.73
1787069454.271754,229,any_person,position,held,True,1,False,True,False,0,0.0,0.599,58.41,0.0,0.0,26.43,0.0,1.51,86.34,10.73
1787069454.3651109,230,any_person,position,held,True,1,False,True,False,0,0.0148,0.6023,57.72,0.0,0.0,25.0,0.0,1.54,84.25,10.73
1787069454.4588828,231,any_person,position,held,True,1,False,True,False,0,0.0302,0.6009,56.44,0.0,0.0,28.15,0.0,1.52,86.12,10.73
1787069454.547289,232,any_person,position,held,True,1,False,True,False,0,0.0427,0.6274,53.77,0.0,0.0,24.17,0.0,1.37,79.31,10.73
1787069454.6519172,233,any_person,position,held,True,1,False,True,False,0,0.0456,0.5897,60.19,0.0,0.0,28.1,1.0,1.01,90.8,10.73
1787069454.7538075,234,any_person,position,held,True,1,False,True,False,0,0.0631,0.611,56.14,0.0,0.0,26.46,0.0,1.54,85.14,10.73
1787069454.8615935,235,any_person,position,held,True,1,False,True,False,0,0.086,0.639,69.83,0.0,0.0,26.47,0.0,1.59,97.88,10.73
1787069454.961501,236,any_person,position,held,True,1,False,True,False,0,0.086,0.6417,58.97,0.0,0.0,25.68,0.0,1.52,86.17,10.73
1787069455.0565095,237,any_person,position,held,True,1,False,True,False,1,0.086,0.6277,56.4,0.0,0.0,26.77,0.0,1.12,84.82,10.73
1787069455.1528876,238,any_person,position,held,True,1,False,True,False,2,0.086,0.6569,60.24,0.0,0.0,26.83,0.0,1.04,88.11,10.29
1787069455.2445998,239,any_person,position,held,True,1,True,True,True,3,0.086,0.6418,57.69,0.0,0.0,28.05,0.52,1.01,87.27,10.29
1787069455.340392,240,any_person,position,held,True,1,True,True,True,3,0.086,0.6225,62.59,0.0,0.0,25.57,0.0,1.56,89.71,10.29
1787069455.4285195,241,any_person,position,held,True,1,True,True,True,4,0.086,0.6203,57.07,0.0,0.0,24.94,0.0,1.53,83.54,10.29
1787069455.5234718,242,any_person,position,held,True,1,True,True,True,4,0.086,0.6221,58.1,0.0,0.0,26.35,0.0,0.0,85.96,10.29
1787069455.6112287,243,any_person,position,held,True,1,True,True,True,5,0.086,0.6168,53.91,0.0,0.0,24.14,0.0,1.02,80.07,10.29
1787069455.7171147,244,any_person,position,held,True,1,True,True,True,6,0.086,0.6274,66.44,0.0,0.0,25.94,0.51,1.01,93.9,10.29
1787069455.807262,245,any_person,position,held,True,1,True,True,True,7,0.086,0.6072,59.13,0.0,0.0,25.43,0.0,1.55,86.62,10.29
1787069455.9081569,246,any_person,position,held,True,1,True,True,True,7,0.086,0.5986,57.92,0.0,0.0,25.5,0.0,0.52,83.94,10.29
1787069455.994408,247,any_person,position,held,True,1,True,True,True,7,0.086,0.5937,55.38,0.0,0.0,23.68,1.54,1.06,81.66,10.29
1787069456.0893977,248,any_person,position,held,True,1,True,True,True,7,0.086,0.6073,64.01,0.0,0.0,26.37,0.0,0.0,91.92,10.29
1787069456.1974342,249,any_person,position,held,True,1,True,True,True,7,0.086,0.6223,64.93,0.0,0.0,25.2,0.0,2.06,92.19,10.53
1787069456.3065312,250,any_person,position,held,True,1,True,True,True,7,0.086,0.6804,65.16,0.0,0.0,26.7,0.0,1.01,92.87,10.53
1787069456.4351552,251,any_person,position,held,True,1,True,True,True,7,0.086,0.6813,85.71,0.0,0.0,26.04,0.0,0.0,113.29,10.53
1787069456.546194,252,any_person,position,held,True,1,True,True,True,7,0.086,0.6926,68.57,0.0,0.0,28.21,0.0,0.0,98.32,10.53
1787069456.6494448,253,any_person,position,held,True,1,True,True,True,7,0.086,0.7174,63.65,0.0,0.0,26.58,0.0,1.08,91.83,10.53
1787069456.748554,254,any_person,position,held,True,1,True,True,True,7,0.086,0.715,55.23,0.0,0.0,25.61,0.0,0.5,82.34,10.53
1787069456.852195,255,any_person,position,held,True,1,True,True,True,7,0.086,0.6946,64.81,0.0,0.0,25.56,0.0,1.05,91.43,10.53
1787069456.9479406,256,any_person,position,held,True,1,True,True,True,7,0.086,0.6909,64.51,0.0,0.0,25.14,0.0,1.54,91.72,10.53
1787069457.0415845,257,any_person,position,held,True,1,True,True,True,7,0.086,0.6881,58.45,0.0,0.0,29.67,1.01,1.01,90.12,10.53
1787069457.1315274,258,any_person,position,held,True,1,False,True,False,0,0.0,0.6909,56.57,0.0,0.0,26.24,0.0,0.0,84.34,10.53
1787069457.2296398,259,any_person,position,held,True,1,False,True,False,0,0.0,0.6825,60.51,0.0,0.0,24.38,0.0,1.52,86.41,9.69
1787069457.3228278,260,any_person,position,held,True,1,False,True,False,0,0.0,0.6839,58.3,0.0,0.0,26.98,0.0,1.0,86.79,9.69
1787069457.4220564,261,any_person,position,held,True,1,False,True,False,0,0.0,0.6891,61.99,0.0,0.0,28.94,0.0,0.5,91.43,9.69
1787069457.5299375,262,any_person,position,held,True,1,False,True,False,0,0.0,0.6922,59.98,0.0,0.0,26.96,0.0,1.54,88.48,9.69
1787069457.6226587,263,any_person,position,held,True,1,False,True,False,0,0.0,0.6526,58.54,0.0,0.0,26.0,0.51,1.04,86.09,9.69
1787069457.7201402,264,any_person,position,held,True,1,False,True,False,0,0.0,0.6906,61.97,0.0,0.0,26.3,0.0,2.06,90.33,9.69
1787069457.817016,265,any_person,position,held,True,1,False,True,False,0,0.0,0.7519,62.14,0.0,0.0,29.16,0.0,0.0,92.84,9.69
1787069457.9193854,266,any_person,position,held,True,1,False,True,False,0,0.0,0.7141,59.15,0.0,0.0,25.32,0.0,1.54,86.01,9.69
1787069458.0259755,267,any_person,position,held,True,1,False,True,False,0,0.0,0.7202,66.99,0.0,0.0,27.93,0.0,0.0,96.45,9.69
1787069458.133723,268,any_person,position,held,True,1,False,True,False,0,0.0,0.7032,63.83,0.0,0.0,27.08,0.0,0.0,92.43,9.69
1787069458.227302,269,any_person,position,held,True,1,False,True,False,0,0.0,0.6865,62.57,0.0,0.0,27.18,0.0,1.04,90.79,9.69
1787069458.325013,270,any_person,position,held,True,1,False,True,False,0,0.0,0.6864,65.52,0.0,0.0,27.73,0.0,1.54,94.79,10.04
1787069458.4336452,271,any_person,position,held,True,1,False,True,False,0,0.0,0.675,68.81,0.0,0.0,27.24,0.0,0.51,96.57,10.04
1787069458.5249858,272,any_person,position,held,True,1,False,True,False,0,0.0,0.6952,60.0,0.0,0.0,24.55,1.01,1.17,86.73,10.04
1787069458.6264243,273,any_person,position,held,True,1,False,True,False,0,0.0,0.6281,57.31,0.0,1.01,25.55,0.0,0.5,85.37,10.04
1787069458.7196279,274,any_person,position,held,True,1,False,True,False,0,0.0,0.6622,55.42,0.0,0.0,27.1,1.01,0.51,84.04,10.04
1787069458.8203034,275,any_person,position,held,True,1,False,True,False,0,0.0266,0.6837,60.5,0.0,0.0,27.53,0.0,0.0,89.56,10.04
1787069458.9136593,276,any_person,position,held,True,1,False,True,False,0,0.0278,0.6806,62.28,0.0,0.0,25.46,0.0,0.0,87.75,10.04
1787069459.0038254,277,any_person,position,held,True,1,False,True,False,1,0.0278,0.6814,58.07,0.0,0.0,23.9,0.0,2.05,84.02,10.04
1787069459.102586,278,any_person,position,held,True,1,False,True,False,1,0.0278,0.673,59.36,0.0,0.0,27.16,0.0,1.03,87.55,10.04
1787069459.1950634,279,any_person,position,held,True,1,False,True,False,2,0.03,0.6939,56.25,0.0,0.0,27.08,0.0,0.0,84.87,10.04
1787069459.2938118,280,any_person,position,held,True,1,False,True,False,2,0.0385,0.6811,59.96,0.0,0.0,25.55,0.0,0.0,87.04,10.04
1787069459.3888972,281,any_person,position,held,True,1,False,True,False,2,0.0657,0.6626,59.52,0.0,0.0,23.91,1.53,0.0,84.96,10.34
1787069459.4988983,282,any_person,position,held,True,1,False,True,False,2,0.1263,0.5991,69.98,0.0,0.0,28.34,0.0,1.53,99.85,10.34
1787069459.590003,283,any_person,position,held,True,1,False,True,False,2,0.143,0.5486,55.38,0.0,0.0,25.55,0.0,1.53,82.47,10.34
1787069459.6849232,284,any_person,position,held,True,1,True,True,True,3,0.143,0.5557,54.25,0.0,0.0,27.95,0.0,0.52,83.72,10.34
1787069459.7785807,285,any_person,position,held,True,1,True,True,True,4,0.143,0.5638,60.67,0.0,0.0,28.4,0.0,0.0,90.6,10.34
1787069459.878655,286,any_person,position,held,True,1,True,True,True,4,0.1431,0.5467,58.9,0.0,0.0,27.44,0.0,1.54,87.88,10.34
1787069459.9652522,287,any_person,position,held,True,1,True,True,True,4,0.1439,0.5322,54.8,0.0,0.0,25.54,0.0,1.13,82.0,10.34
1787069460.0654814,288,any_person,position,held,True,1,True,True,True,4,0.1451,0.5329,57.52,0.0,0.0,26.81,0.0,1.53,85.87,10.34
1787069460.157845,289,any_person,position,held,True,1,True,True,True,4,0.146,0.5394,57.26,0.0,0.0,23.44,0.0,1.9,82.6,10.34
1787069460.2552428,290,any_person,position,held,True,1,True,True,True,5,0.146,0.5444,55.03,0.0,0.0,27.05,0.0,0.0,83.62,10.34
1787069460.3522387,291,any_person,position,held,True,1,True,True,True,6,0.146,0.5537,57.63,0.0,0.0,26.45,0.0,1.52,86.31,10.34
1787069460.4437265,292,any_person,position,held,True,1,True,True,True,7,0.146,0.5476,55.44,0.0,0.0,26.78,0.0,1.52,83.74,10.43
1787069460.5487692,293,any_person,position,held,True,1,True,True,True,8,0.146,0.557,65.64,0.0,0.0,25.58,0.0,1.53,92.75,10.43
1787069460.6417508,294,any_person,position,held,True,1,True,True,True,9,0.1231,0.582,60.48,0.0,0.0,27.42,0.0,0.5,88.41,10.43
1787069460.744296,295,any_person,position,held,True,1,True,True,True,8,0.1231,0.6469,56.21,0.0,0.0,25.53,0.0,1.51,83.25,10.43
1787069460.8444226,296,any_person,position,held,True,1,True,True,True,8,0.1456,0.682,63.45,0.0,0.0,25.52,0.0,1.01,90.48,10.43
1787069460.9396205,297,any_person,position,held,True,1,True,True,True,8,0.1456,0.6456,60.93,0.0,0.0,28.21,0.52,1.01,91.16,10.43
1787069461.1079392,298,any_person,position,held,True,1,True,True,True,8,0.1456,0.6596,125.37,0.0,0.0,23.83,0.0,1.52,150.73,10.43
1787069461.2078052,299,any_person,position,held,True,1,True,True,True,8,0.1456,0.6768,62.31,0.0,0.0,29.92,0.0,0.0,93.76,10.43
1787069461.310965,300,any_person,position,held,True,1,True,True,True,8,0.1456,0.6912,58.2,0.0,0.0,25.18,0.0,1.53,85.44,10.43
1787069461.40419,301,any_person,position,held,True,1,True,True,True,8,0.1456,0.6804,57.61,0.0,0.0,26.46,0.0,1.51,85.59,10.43
1787069461.5021632,302,any_person,position,held,True,1,True,True,True,8,0.1456,0.6774,60.96,0.0,0.0,26.35,0.0,1.51,88.82,9.45
1787069461.5997515,303,any_person,position,held,True,1,True,True,True,8,0.1456,0.7026,61.45,0.0,0.0,26.94,0.0,1.53,89.92,9.45
1787069461.6916873,304,any_person,position,held,True,1,True,True,True,8,0.1456,0.6867,57.8,0.0,0.0,27.87,0.0,1.36,88.04,9.45
1787069461.785007,305,any_person,position,held,True,1,True,True,True,8,0.1456,0.6953,58.49,0.0,0.0,26.27,0.0,1.51,86.27,9.45
1787069461.8814292,306,any_person,position,held,True,1,True,True,True,8,0.1456,0.7149,61.15,0.0,0.0,25.14,0.0,1.52,87.81,9.45
1787069461.9786913,307,any_person,position,held,True,1,True,True,True,8,0.1456,0.6696,61.02,0.0,0.0,27.09,0.0,1.53,89.64,9.45
1787069462.0865316,308,any_person,position,held,True,1,True,True,True,8,0.1456,0.5746,58.27,0.0,0.0,29.11,0.0,1.04,89.19,9.45
1787069462.1748471,309,any_person,position,held,True,1,True,True,True,8,0.1456,0.572,55.16,0.0,0.0,27.43,0.53,1.01,84.13,9.45
1787069462.273326,310,any_person,position,held,True,1,True,True,True,9,0.1456,0.5791,60.11,0.0,0.0,27.19,0.0,1.53,88.83,9.45
1787069462.3634605,311,any_person,position,held,True,1,True,True,True,8,0.1456,0.6166,58.51,0.0,0.0,26.52,0.0,1.53,86.55,9.45
1787069462.4567196,312,any_person,position,held,True,1,True,True,True,7,0.1456,0.6266,59.45,0.0,0.0,26.18,1.54,0.0,87.18,9.45
1787069462.5512486,313,any_person,position,held,True,1,True,True,True,7,0.1456,0.6581,58.35,0.0,0.0,27.54,0.0,0.0,87.41,10.49
1787069462.6488025,314,any_person,position,held,True,1,True,True,True,7,0.1456,0.68,63.85,0.0,0.0,28.96,0.0,1.01,93.81,10.49
1787069462.7517967,315,any_person,position,held,True,1,True,True,True,7,0.1456,0.7735,57.92,0.0,0.0,24.92,0.0,2.35,85.18,10.49
1787069462.8447046,316,any_person,position,held,True,1,True,True,True,7,0.1456,0.9317,54.58,0.0,0.0,26.12,0.0,1.01,81.71,10.49
1787069462.9421265,317,any_person,position,held,True,1,True,True,True,7,0.1456,1.1758,60.18,0.0,0.0,26.13,0.0,0.5,86.81,10.49
1787069463.0338955,318,any_person,position,held,True,1,True,False,False,7,0.1456,0.0,56.46,0.0,0.0,25.62,0.0,2.06,84.14,10.49
1787069463.1366835,319,any_person,position,held,True,1,True,False,False,7,0.1456,0.0,67.14,0.0,0.0,25.62,0.0,1.56,94.32,10.49
1787069463.249804,320,any_person,position,held,True,1,True,False,False,7,0.1456,0.0,69.67,0.0,0.0,26.5,0.0,1.01,97.68,10.49
1787069463.3494406,321,any_person,position,held,True,1,True,False,False,7,0.1456,0.0,59.02,0.0,0.0,26.17,0.0,0.52,86.59,10.49
1787069463.444743,322,any_person,position,held,True,1,True,False,False,7,0.1456,0.0,62.58,0.0,0.0,28.02,0.0,0.51,92.12,10.49
