frame_idx,track_id,similarity_score,is_target,bbox_x1,bbox_y1,bbox_x2,bbox_y2
0,1,1.0,True,136,358,302,852
0,2,0.8545,True,329,368,494,845
0,3,0.4345,False,1668,97,1919,1071
0,4,0.6081,False,1415,444,1523,732
0,5,0.7692,True,505,350,673,835
0,6,0.5667,False,719,413,880,783
0,7,0.6191,False,869,201,1150,1077
0,8,0.5601,False,633,443,713,748
0,9,0.4546,False,1344,433,1408,651
0,10,0.608,False,1586,263,1710,848
0,11,0.6051,False,480,431,540,725
0,12,0.4476,False,790,408,890,691
0,13,0.5852,False,710,452,784,641
0,14,0.604,False,483,429,538,626
1,1,1.0,True,136,358,302,852
1,2,0.8546,True,329,368,494,845
1,3,0.4344,False,1668,97,1919,1071
1,4,0.6073,False,1415,444,1523,732
1,5,0.7666,True,505,350,672,835
1,6,0.565,False,719,413,881,783
1,7,0.6183,False,869,201,1149,1077
1,8,0.5599,False,633,443,713,748
1,9,0.4553,False,1343,433,1408,651
1,10,0.612,False,1586,265,1710,849
1,11,0.6062,False,480,431,540,725
1,12,0.4534,False,790,408,891,692
1,13,0.5861,False,710,452,784,641
1,14,0.6043,False,483,429,538,627
2,1,1.0,True,136,358,302,852
2,2,0.8546,True,329,368,494,845
2,3,0.4344,False,1668,97,1919,1071
2,4,0.6073,False,1415,444,1523,732
2,5,0.7667,True,505,350,672,835
2,6,0.5649,False,719,413,881,783
2,7,0.6183,False,869,201,1149,1077
2,8,0.5602,False,633,443,713,748
2,9,0.4554,False,1343,433,1408,651
2,10,0.6119,False,1586,265,1710,849
2,11,0.6061,False,480,431,540,725
2,12,0.4534,False,790,408,891,692
2,13,0.5861,False,710,452,784,641
2,14,0.6043,False,483,429,538,626
3,1,0.9938,True,136,360,301,851
3,2,0.8493,True,329,370,493,844
3,3,0.4549,False,1667,98,1919,1071
3,4,0.6085,False,1417,440,1526,732
3,5,0.7684,True,500,352,667,834
3,6,0.5544,False,721,421,880,783
3,7,0.6196,False,864,205,1142,1074
3,8,0.5596,False,633,445,713,748
3,9,0.4605,False,1345,433,1410,652
3,10,0.6035,False,1581,295,1699,843
3,11,0.6543,False,480,430,543,744
3,12,0.4602,False,791,413,893,702
3,13,0.5672,False,716,458,788,642
3,14,0.5858,False,485,426,536,612
4,1,0.9886,True,136,364,300,851
4,2,0.8447,True,328,372,490,844
4,3,0.4726,False,1666,99,1918,1071
4,4,0.5629,False,1418,450,1524,732
4,5,0.7574,True,491,353,658,835
4,6,0.5419,False,721,425,879,783
4,7,0.6112,False,861,206,1137,1070
4,8,0.5503,False,631,446,711,749
4,9,0.4629,False,1344,433,1409,652
4,10,0.5971,False,1578,318,1696,843
4,11,0.644,False,478,431,542,752
4,13,0.5635,False,718,460,789,644
5,1,0.9832,True,136,367,298,850
5,2,0.8321,True,325,375,487,842
5,3,0.4978,False,1669,104,1919,1070
5,4,0.5903,False,1419,442,1528,732
5,5,0.7611,True,487,358,653,835
5,6,0.5415,False,720,427,877,783
5,7,0.616,False,857,210,1131,1069
5,8,0.5264,False,629,443,711,750
5,9,0.4562,False,1345,433,1410,651
5,10,0.6069,False,1578,342,1699,848
6,1,0.9784,True,136,370,297,850
6,2,0.8294,True,321,377,482,842
6,3,0.5716,False,1673,133,1916,1070
6,4,0.6171,False,1421,436,1533,734
6,5,0.7476,True,481,361,647,834
6,6,0.5264,False,721,429,876,782
6,7,0.5958,False,851,212,1123,1071
6,8,0.5159,False,628,442,712,752
6,9,0.4604,False,1346,434,1411,651
6,10,0.5532,False,1576,365,1700,849
7,1,0.9691,True,136,372,297,850
7,2,0.8328,True,317,379,478,842
7,3,0.5787,False,1682,170,1916,1071
7,4,0.5974,False,1423,435,1535,734
7,5,0.7694,True,480,365,644,832
7,6,0.5077,False,721,429,876,783
7,7,0.6139,False,847,216,1118,1071
7,8,0.5364,False,628,442,712,753
7,9,0.4599,False,1346,434,1411,649
7,10,0.5763,False,1572,375,1700,846
8,1,0.9653,True,136,373,296,851
8,2,0.8146,True,310,378,472,842
8,3,0.5869,False,1694,235,1892,977
8,4,0.6073,False,1427,433,1539,734
8,5,0.7571,True,480,364,645,831
8,6,0.5206,False,724,433,877,783
8,7,0.5907,False,859,226,1129,1072
8,8,0.5228,False,629,444,713,754
8,9,0.4568,False,1345,433,1410,649
8,10,0.5564,False,1562,376,1701,858
8,20,0.6067,False,1402,468,1464,644
9,1,0.9472,True,135,373,295,849
9,2,0.8125,True,308,378,467,834
9,3,0.5473,False,1695,266,1882,939
9,4,0.6096,False,1438,444,1546,732
9,5,0.7808,True,482,364,646,831
9,6,0.5612,False,726,433,878,783
9,7,0.6255,False,852,237,1120,1072
9,8,0.5302,False,630,445,715,754
9,9,0.4511,False,1345,434,1410,649
9,10,0.5407,False,1553,380,1699,862
9,20,0.6223,False,1402,470,1463,644
10,1,0.95,True,135,374,295,847
10,2,0.8002,True,306,378,465,829
10,3,0.5266,False,1693,278,1878,923
10,4,0.6089,False,1452,453,1556,729
10,5,0.7566,True,480,364,644,831
10,6,0.5651,False,730,427,883,782
10,7,0.6373,False,833,240,1096,1068
10,8,0.5281,False,632,445,719,754
10,9,0.4534,False,1345,434,1410,648
10,10,0.5346,False,1548,382,1697,849
10,20,0.6234,False,1402,470,1463,644
11,1,0.9566,True,135,374,293,842
11,2,0.8038,True,301,376,460,827
11,3,0.5987,False,1689,292,1877,924
11,4,0.5922,False,1458,440,1568,735
11,5,0.7535,True,482,365,647,832
11,6,0.5886,False,741,426,890,777
11,7,0.6404,False,825,245,1083,1065
11,8,0.5298,False,635,445,723,754
11,9,0.4499,False,1345,435,1409,647
11,10,0.5449,False,1551,378,1702,838
11,20,0.6314,False,1402,469,1464,645
11,24,0.4932,False,1815,373,1909,824
12,1,0.9561,True,133,373,292,838
12,2,0.8225,True,297,374,457,826
12,3,0.6114,False,1684,298,1878,926
12,4,0.5916,False,1455,433,1563,728
12,5,0.7335,True,479,366,642,830
12,6,0.6236,False,752,424,898,775
12,7,0.6019,False,822,267,1069,1054
12,8,0.5188,False,636,442,726,754
12,9,0.4612,False,1345,435,1410,647
12,10,0.5724,False,1539,380,1693,835
12,20,0.6315,False,1403,469,1465,645
12,24,0.5764,False,1814,403,1903,823
12,26,0.668,False,1500,460,1592,831
13,1,0.9561,True,130,373,290,835
13,2,0.8294,True,291,372,452,825
13,3,0.6169,False,1680,302,1880,926
13,4,0.5699,False,1450,431,1556,724
13,5,0.7407,True,473,363,636,828
13,7,0.5929,False,816,263,1061,1043
13,8,0.5224,False,636,441,728,754
13,9,0.4615,False,1345,435,1410,647
13,10,0.5767,False,1530,378,1688,837
13,20,0.6323,False,1403,469,1465,645
13,13,0.4307,False,719,487,800,696
14,1,0.945,True,127,373,288,832
14,2,0.825,True,289,372,448,824
14,3,0.615,False,1676,303,1882,925
14,4,0.548,False,1447,432,1549,723
14,5,0.7412,True,470,362,631,821
14,7,0.5855,False,813,261,1059,1044
14,8,0.5125,False,639,439,734,755
14,9,0.4614,False,1345,434,1410,647
14,10,0.589,False,1518,373,1680,837
14,20,0.6314,False,1403,469,1465,645
14,13,0.41,False,724,486,805,701
15,1,0.9461,True,125,373,287,831
15,2,0.8147,True,287,371,446,821
15,3,0.6425,False,1672,303,1884,925
15,4,0.5452,False,1446,430,1543,711
15,5,0.7472,True,468,360,629,817
15,7,0.5927,False,811,256,1057,1044
15,8,0.5166,False,643,437,739,755
15,9,0.4616,False,1345,434,1410,647
15,10,0.6004,False,1507,372,1671,837
15,20,0.6308,False,1403,469,1465,645
15,13,0.4151,False,727,492,806,700
16,1,0.9455,True,124,373,287,829
16,2,0.8147,True,286,372,444,822
16,3,0.6168,False,1668,302,1885,924
16,4,0.5417,False,1449,428,1540,697
16,5,0.7543,True,465,358,626,813
16,7,0.5895,False,814,253,1056,1027
16,8,0.5291,False,647,435,745,756
16,9,0.4612,False,1345,434,1410,647
16,10,0.5903,False,1495,371,1659,836
16,20,0.6191,False,1403,469,1465,644
16,13,0.4389,False,734,499,808,699
17,1,0.952,True,123,374,287,828
17,2,0.8214,True,285,374,442,822
17,3,0.6176,False,1663,300,1887,924
17,5,0.7818,True,463,358,625,813
17,7,0.5816,False,817,252,1056,1017
17,8,0.5417,False,647,435,748,758
17,9,0.4627,False,1345,434,1411,647
17,10,0.596,False,1485,370,1649,832
17,20,0.6191,False,1403,469,1465,644
17,13,0.4279,False,737,499,810,699
17,32,0.5108,False,1103,468,1157,700
18,1,0.9568,True,122,375,286,827
18,2,0.8255,True,283,378,439,822
18,3,0.6453,False,1658,296,1891,930
18,5,0.7728,True,459,361,621,813
18,7,0.5804,False,812,251,1049,1008
18,8,0.5424,False,648,433,751,759
18,9,0.4625,False,1345,433,1411,647
18,10,0.6037,False,1477,368,1643,829
18,20,0.6236,False,1402,468,1465,645
18,13,0.4372,False,737,492,813,701
18,32,0.5222,False,1103,472,1156,700
19,1,0.9423,True,122,379,285,824
19,2,0.8253,True,281,383,437,823
19,3,0.6391,False,1652,290,1892,932
19,5,0.7578,True,456,361,618,813
19,7,0.5925,False,811,249,1046,1002
19,8,0.5413,False,651,433,755,759
19,9,0.4626,False,1345,433,1411,647
19,10,0.5887,False,1466,372,1630,828
19,20,0.6036,False,1402,468,1464,644
19,13,0.4174,False,738,486,815,701
19,32,0.4805,False,1103,474,1155,700
20,1,0.9432,True,122,383,283,822
20,2,0.818,True,281,387,436,824
20,3,0.6467,False,1639,290,1884,931
20,5,0.7368,True,452,361,615,812
20,7,0.5891,False,813,247,1048,1002
20,8,0.5378,False,652,435,757,759
20,9,0.4637,False,1345,433,1412,647
20,10,0.5744,False,1452,375,1617,831
20,20,0.6106,False,1402,475,1462,643
20,13,0.4151,False,740,485,818,702
20,32,0.4993,False,1101,471,1155,700
21,1,0.9404,True,123,385,283,823
21,2,0.8254,True,281,389,435,822
21,3,0.6377,False,1624,288,1869,927
21,5,0.7233,True,445,362,608,814
21,7,0.5975,False,814,250,1049,1003
21,8,0.5223,False,655,437,761,759
21,9,0.4632,False,1345,434,1412,647
21,10,0.5799,False,1439,377,1605,832
21,20,0.5886,False,1401,473,1460,639
21,13,0.4103,False,742,485,820,702
21,32,0.4596,False,1100,474,1154,700
21,35,0.6052,False,551,415,628,777
22,1,0.9454,True,123,388,282,824
22,2,0.8362,True,281,391,434,821
22,3,0.6458,False,1614,288,1860,924
22,5,0.7505,True,436,363,598,816
22,7,0.5856,False,818,254,1053,1003
22,8,0.5031,False,661,437,768,758
22,9,0.4603,False,1343,431,1410,647
22,10,0.5757,False,1429,381,1595,833
22,20,0.6031,False,1398,473,1457,640
22,13,0.412,False,743,484,820,702
22,32,0.4997,False,1099,471,1153,700
22,35,0.6178,False,551,414,629,775
23,1,0.9481,True,122,390,281,824
23,2,0.8331,True,282,394,434,820
23,3,0.6413,False,1608,287,1857,923
23,5,0.7665,True,436,365,596,815
23,7,0.5674,False,808,265,1038,1005
23,8,0.5043,False,666,438,775,759
23,9,0.4677,False,1342,430,1409,648
23,10,0.5618,False,1417,382,1585,834
23,20,0.6071,False,1401,479,1450,616
23,13,0.4115,False,745,488,820,702
23,32,0.464,False,1098,475,1153,701
23,35,0.6493,False,551,414,628,775
24,1,0.9338,True,121,390,280,823
24,2,0.8099,True,281,395,433,820
24,3,0.6485,False,1600,287,1850,922
24,5,0.7587,True,429,370,586,817
24,7,0.5758,False,807,274,1031,1003
24,8,0.5033,False,668,441,778,760
24,9,0.4532,False,1341,430,1407,648
24,10,0.5575,False,1407,385,1577,833
24,20,0.6371,False,1401,471,1446,598
24,13,0.4191,False,747,488,821,703
24,32,0.4919,False,1099,481,1153,701
24,35,0.6431,False,553,412,632,773
25,1,0.9258,True,121,392,277,817
25,2,0.8151,True,279,394,430,817
25,3,0.6397,False,1593,287,1845,925
25,5,0.7555,True,424,373,579,815
25,7,0.5792,False,807,281,1028,1005
25,8,0.5183,False,669,444,780,763
25,9,0.4575,False,1340,430,1406,648
25,10,0.5567,False,1401,388,1572,829
25,13,0.4189,False,747,486,822,702
25,32,0.5103,False,1097,481,1152,701
25,35,0.6287,False,556,410,636,773
25,40,0.6477,False,1857,357,1917,830
26,1,0.9067,True,119,390,275,817
26,2,0.8233,True,277,394,427,812
26,3,0.639,False,1587,287,1841,925
26,5,0.7323,True,422,375,574,811
26,7,0.581,False,806,288,1024,1004
26,8,0.5236,False,671,442,784,766
26,9,0.4566,False,1340,430,1405,648
26,10,0.5652,False,1395,390,1568,827
26,13,0.4113,False,747,484,821,703
26,32,0.5181,False,1095,481,1151,701
26,35,0.6257,False,557,409,638,773
26,40,0.6315,False,1848,351,1912,855
27,1,0.9174,True,116,391,272,818
27,2,0.8091,True,275,394,424,811
27,3,0.6499,False,1581,286,1836,925
27,5,0.7282,True,420,376,571,813
27,7,0.5613,False,810,293,1024,1001
27,8,0.5328,False,673,442,790,768
27,9,0.4582,False,1340,429,1405,649
27,10,0.5645,False,1389,389,1566,828
27,13,0.4565,False,744,472,821,707
27,32,0.5403,False,1096,485,1152,701
27,35,0.6339,False,556,408,640,776
27,40,0.6428,False,1835,348,1901,863
27,41,0.6001,False,1777,390,1847,815
28,1,0.9112,True,117,391,272,816
28,2,0.8222,True,272,393,420,809
28,3,0.6285,False,1575,290,1831,928
28,5,0.7441,True,419,377,568,813
28,7,0.5487,False,819,296,1031,995
28,8,0.5421,False,676,439,796,769
28,9,0.4588,False,1340,429,1404,649
28,10,0.5928,False,1385,390,1564,830
28,13,0.4559,False,741,457,822,709
28,32,0.5409,False,1096,486,1153,701
28,35,0.6038,False,559,408,644,776
28,40,0.5967,False,1815,348,1885,869
28,41,0.6126,False,1773,411,1839,809
29,1,0.905,True,117,391,268,809
29,2,0.8105,True,270,392,417,807
29,3,0.6396,False,1572,290,1828,926
29,5,0.7365,True,419,379,567,813
29,7,0.5468,False,832,300,1042,986
29,8,0.545,False,678,439,800,769
29,9,0.4592,False,1340,429,1404,649
29,10,0.6061,False,1377,389,1556,826
29,13,0.4455,False,746,462,824,711
29,32,0.5315,False,1094,485,1152,701
29,35,0.6033,False,561,408,647,774
29,40,0.6126,False,1821,355,1891,863
29,41,0.6161,False,1766,407,1834,812
29,24,0.6178,False,1783,367,1895,856
30,1,0.9017,True,116,390,266,806
30,2,0.8201,True,269,391,415,805
30,3,0.629,False,1564,292,1818,926
30,5,0.7282,True,420,380,568,812
30,7,0.5479,False,837,299,1048,981
30,8,0.5227,False,680,437,803,766
30,9,0.4574,False,1339,430,1403,650
30,10,0.5971,False,1373,388,1550,821
30,13,0.4348,False,750,466,825,709
30,32,0.5245,False,1093,485,1152,701
30,35,0.5969,False,566,408,653,772
30,41,0.621,False,1761,413,1823,784
30,24,0.6141,False,1776,365,1897,859
31,1,0.8941,True,115,389,266,806
31,2,0.8262,True,267,392,413,804
31,3,0.6295,False,1561,294,1814,923
31,5,0.7221,True,418,381,566,811
31,7,0.5636,False,837,298,1048,975
31,8,0.5458,False,681,435,806,765
31,9,0.4667,False,1339,431,1402,650
31,10,0.6077,False,1371,387,1544,815
31,32,0.5263,False,1093,486,1153,701
31,35,0.6118,False,569,408,659,774
31,41,0.6514,False,1756,421,1815,766
31,24,0.6028,False,1771,362,1899,859
32,1,0.9072,True,115,388,266,806
32,2,0.806,True,265,392,410,805
32,3,0.6437,False,1559,293,1811,922
32,5,0.6976,False,415,381,562,810
32,7,0.5581,False,843,296,1054,963
32,8,0.5377,False,684,432,811,764
32,9,0.4612,False,1340,430,1402,648
32,10,0.6153,False,1371,387,1541,811
32,32,0.5306,False,1092,485,1153,701
32,35,0.6142,False,569,409,662,775
32,24,0.618,False,1773,357,1906,861
33,1,0.9212,True,114,388,266,806
33,2,0.8057,True,264,393,409,805
33,3,0.6395,False,1551,294,1800,919
33,5,0.7033,True,413,381,559,805
33,7,0.592,False,838,295,1047,952
33,8,0.553,False,686,431,815,764
33,9,0.4621,False,1340,431,1401,649
33,10,0.5898,False,1372,389,1539,810
33,32,0.5174,False,1094,486,1154,701
33,35,0.6108,False,570,409,665,775
33,24,0.6123,False,1773,357,1909,863
34,1,0.9322,True,113,389,265,806
34,2,0.8046,True,263,395,407,803
34,3,0.6311,False,1547,294,1794,916
34,5,0.6952,False,414,381,559,801
34,7,0.5969,False,845,295,1054,944
34,8,0.5684,False,687,435,816,765
34,9,0.4645,False,1340,428,1402,651
34,10,0.5768,False,1372,390,1536,812
34,32,0.5229,False,1094,488,1155,701
34,35,0.6243,False,571,410,668,776
34,24,0.6125,False,1769,355,1909,864
35,1,0.9378,True,114,390,264,805
35,2,0.8192,True,263,397,406,802
35,3,0.6583,False,1547,301,1790,916
35,5,0.687,False,413,380,558,800
35,7,0.5997,False,842,295,1050,939
35,8,0.5749,False,687,435,818,767
35,9,0.4625,False,1340,428,1401,650
35,10,0.5936,False,1369,389,1530,810
35,32,0.5278,False,1094,488,1155,701
35,35,0.6173,False,570,410,669,777
35,24,0.6005,False,1764,354,1908,866
36,1,0.9308,True,113,392,262,805
36,2,0.8105,True,263,400,405,801
36,3,0.6567,False,1548,305,1787,915
36,5,0.6745,False,412,380,556,800
36,7,0.6056,False,842,294,1050,936
36,8,0.5665,False,687,435,820,768
36,9,0.4585,False,1340,427,1400,650
36,10,0.6026,False,1364,389,1522,808
36,32,0.533,False,1094,488,1155,701
36,35,0.6093,False,570,409,671,777
36,24,0.6002,False,1756,351,1903,865
37,1,0.9298,True,113,392,261,805
37,2,0.8012,True,262,401,404,801
37,3,0.655,False,1546,305,1784,913
37,5,0.6739,False,409,378,553,800
37,7,0.613,False,843,294,1050,934
37,8,0.5672,False,688,434,822,769
37,9,0.4624,False,1339,427,1398,648
37,10,0.5999,False,1350,393,1506,807
37,32,0.5471,False,1093,488,1155,701
37,35,0.605,False,567,408,671,779
37,24,0.5956,False,1745,350,1893,863
38,1,0.9283,True,114,394,260,804
38,2,0.7819,True,262,402,404,801
38,3,0.6361,False,1547,305,1783,910
38,5,0.6637,False,407,378,551,799
38,7,0.6123,False,840,298,1043,932
38,8,0.541,False,688,434,823,770
38,9,0.4669,False,1338,428,1396,648
38,10,0.58,False,1337,399,1492,807
38,32,0.5408,False,1092,486,1155,701
38,35,0.6086,False,566,406,672,781
38,24,0.6201,False,1735,350,1881,856
38,45,0.5885,False,1870,337,1915,893
39,1,0.9396,True,114,397,259,804
39,2,0.7985,True,259,404,400,801
39,3,0.647,False,1546,305,1779,907
39,5,0.6895,False,404,376,547,798
39,7,0.5886,False,846,303,1049,934
39,8,0.5204,False,690,434,826,770
39,10,0.583,False,1324,401,1480,808
39,32,0.5438,False,1092,486,1155,701
39,35,0.6114,False,567,403,677,781
39,24,0.6257,False,1722,351,1870,861
39,45,0.5731,False,1862,277,1909,859
40,1,0.9382,True,115,399,258,804
40,2,0.8169,True,255,406,395,800
40,3,0.6596,False,1548,305,1778,902
40,5,0.6875,False,400,376,544,799
40,7,0.5741,False,844,307,1044,933
40,8,0.5196,False,693,433,829,771
40,10,0.5865,False,1316,400,1475,809
40,32,0.5688,False,1094,488,1156,701
40,35,0.6038,False,569,401,682,784
40,24,0.6293,False,1712,350,1861,872
40,45,0.5302,False,1849,256,1901,879
40,4,0.511,False,1465,431,1536,640
41,1,0.9348,True,116,401,258,804
41,2,0.8155,True,251,407,391,799
41,3,0.6456,False,1555,308,1784,896
41,5,0.6824,False,398,379,542,799
41,7,0.5685,False,845,315,1041,932
41,8,0.5243,False,694,432,831,773
41,10,0.5693,False,1311,399,1472,810
41,32,0.5441,False,1098,488,1160,699
41,35,0.6061,False,572,400,687,785
41,24,0.6277,False,1702,345,1852,874
41,45,0.5503,False,1837,243,1890,854
41,4,0.5145,False,1462,431,1535,636
42,1,0.9335,True,117,402,257,803
42,2,0.8021,True,248,406,388,798
42,3,0.6866,False,1564,310,1795,893
42,5,0.6863,False,395,381,539,799
42,7,0.5685,False,847,320,1039,929
42,8,0.527,False,696,431,833,773
42,10,0.5489,False,1309,409,1468,811
42,32,0.5352,False,1095,484,1157,700
42,35,0.6188,False,572,396,690,786
42,24,0.631,False,1695,350,1845,869
42,45,0.5787,False,1826,248,1882,853
42,4,0.5249,False,1462,431,1534,633
43,1,0.9121,True,118,403,257,802
43,2,0.8129,True,244,404,385,800
43,3,0.686,False,1562,308,1797,892
43,5,0.6728,False,392,384,534,798
43,7,0.5817,False,851,324,1041,926
43,8,0.5408,False,698,428,836,774
43,10,0.5823,False,1306,406,1468,808
43,32,0.5395,False,1095,484,1157,700
43,35,0.6161,False,574,395,692,785
43,45,0.585,False,1811,242,1878,906
43,4,0.5338,False,1460,430,1534,632
44,1,0.9208,True,118,403,256,801
44,2,0.7994,True,240,403,382,799
44,3,0.6736,False,1559,309,1794,890
44,5,0.6887,False,391,387,532,798
44,7,0.5611,False,859,327,1050,925
44,8,0.5509,False,699,430,836,775
44,10,0.602,False,1305,406,1467,807
44,32,0.5086,False,1094,478,1158,700
44,35,0.619,False,577,395,696,784
44,45,0.5984,False,1799,244,1872,919
44,4,0.5113,False,1458,434,1535,634
45,1,0.921,True,119,403,256,800
45,2,0.8176,True,237,402,379,800
45,3,0.671,False,1559,312,1795,888
45,5,0.6778,False,392,391,531,797
45,7,0.5583,False,859,327,1050,922
45,8,0.5451,False,699,428,837,776
45,10,0.5933,False,1303,406,1466,806
45,32,0.5105,False,1098,477,1163,701
45,35,0.6164,False,578,395,699,785
45,45,0.6112,False,1785,252,1866,924
45,4,0.5027,False,1458,436,1536,635
45,49,0.5533,False,499,450,578,721
46,1,0.9117,True,120,402,255,798
46,2,0.7933,True,234,399,376,799
46,3,0.6499,False,1551,317,1785,885
46,5,0.6673,False,391,394,528,796
46,7,0.5485,False,865,328,1056,918
46,8,0.5308,False,701,425,839,776
46,10,0.5795,False,1303,411,1464,805
46,32,0.5076,False,1095,474,1160,702
46,35,0.6209,False,578,395,700,793
46,45,0.6014,False,1773,254,1862,924
46,4,0.5027,False,1456,437,1536,635
46,49,0.5509,False,499,450,579,723
47,1,0.9264,True,120,402,254,795
47,2,0.7951,True,231,397,373,798
47,3,0.6419,False,1548,325,1779,884
47,5,0.6619,False,389,395,525,795
47,7,0.5428,False,863,328,1053,911
47,8,0.5313,False,701,422,839,776
47,10,0.5804,False,1300,410,1462,804
47,35,0.6233,False,578,396,701,796
47,45,0.5958,False,1761,257,1860,935
47,4,0.5043,False,1457,437,1539,635
47,49,0.5748,False,499,451,580,729
48,1,0.9288,True,118,401,252,794
48,2,0.7967,True,230,396,371,798
48,3,0.6676,False,1539,329,1769,884
48,5,0.6744,False,386,394,521,796
48,7,0.5492,False,864,327,1052,901
48,8,0.5326,False,702,420,839,776
48,10,0.5869,False,1296,406,1458,802
48,35,0.6257,False,579,396,703,796
48,45,0.5898,False,1751,259,1860,939
48,4,0.5006,False,1457,437,1539,634
48,49,0.5704,False,502,453,582,728
49,1,0.9315,True,116,400,250,793
49,2,0.8041,True,229,398,369,795
49,3,0.6654,False,1534,332,1762,884
49,5,0.6807,False,382,393,518,796
49,7,0.5593,False,868,324,1056,893
49,8,0.5383,False,705,421,842,776
49,10,0.5709,False,1290,402,1450,799
49,35,0.6335,False,582,396,705,797
49,45,0.5614,False,1742,261,1862,946
49,4,0.4992,False,1457,437,1539,634
49,49,0.5497,False,506,459,584,728
50,1,0.9309,True,115,400,249,792
50,2,0.8064,True,229,399,368,793
50,3,0.6824,False,1529,333,1754,880
50,5,0.6887,False,381,394,514,794
50,7,0.5543,False,874,324,1061,888
50,8,0.5347,False,708,421,844,777
50,10,0.5619,False,1283,402,1440,797
50,35,0.629,False,584,397,708,797
50,45,0.5665,False,1735,265,1863,944
50,4,0.5034,False,1457,437,1541,633
50,49,0.5425,False,505,453,585,728
50,32,0.5541,False,1078,446,1153,702
51,1,0.9297,True,116,401,249,792
51,2,0.8048,True,229,399,368,792
51,3,0.6927,False,1526,334,1748,876
51,5,0.7116,True,380,394,511,790
51,7,0.5599,False,875,326,1063,885
51,8,0.5399,False,711,421,845,777
51,10,0.5771,False,1273,401,1429,797
51,35,0.624,False,586,396,710,792
51,45,0.5281,False,1726,267,1863,940
51,4,0.5008,False,1456,437,1539,632
51,49,0.5531,False,504,450,586,730
51,32,0.6255,False,1068,437,1147,701
52,1,0.9412,True,116,401,250,790
52,2,0.7767,True,229,402,366,791
52,3,0.6789,False,1523,334,1742,875
52,5,0.6984,False,379,393,510,788
52,7,0.5701,False,877,327,1065,883
52,8,0.5382,False,713,421,847,780
52,10,0.5927,False,1266,401,1421,795
52,35,0.6316,False,588,397,712,792
52,45,0.5045,False,1720,269,1865,933
52,4,0.4971,False,1455,437,1538,632
52,49,0.5516,False,506,449,588,731
52,32,0.6305,False,1066,435,1148,702
53,1,0.9402,True,118,402,250,788
53,2,0.7777,True,228,403,365,790
53,3,0.6641,False,1518,333,1737,878
53,5,0.6857,False,378,392,508,786
53,7,0.5497,False,876,332,1062,883
53,8,0.536,False,715,421,848,782
53,10,0.5918,False,1259,404,1413,795
53,35,0.6219,False,589,400,714,794
53,45,0.4846,False,1712,270,1862,918
53,4,0.4966,False,1454,437,1537,632
53,49,0.5353,False,508,450,590,732
53,32,0.6051,False,1068,434,1151,702
54,1,0.9328,True,118,403,250,788
54,2,0.7996,True,229,405,364,789
54,3,0.6505,False,1515,333,1730,876
54,5,0.6767,False,377,392,506,784
54,7,0.54,False,876,334,1060,881
54,8,0.5378,False,715,422,848,783
54,10,0.5974,False,1253,407,1406,795
54,35,0.619,False,589,401,715,795
54,45,0.4791,False,1706,271,1862,909
54,4,0.5046,False,1452,437,1536,638
54,49,0.5219,False,510,451,591,730
54,32,0.5723,False,1073,433,1155,702
55,1,0.9239,True,118,404,250,786
55,2,0.7999,True,230,408,364,789
55,3,0.6519,False,1513,331,1725,874
55,5,0.6847,False,376,391,505,781
55,7,0.5612,False,882,343,1062,881
55,8,0.5425,False,715,422,849,786
55,10,0.5865,False,1246,408,1400,795
55,35,0.6312,False,590,399,717,797
55,45,0.4885,False,1690,274,1849,900
55,4,0.4903,False,1442,434,1544,684
55,49,0.5567,False,514,446,598,730
55,32,0.5326,False,1074,431,1157,702
56,1,0.9143,True,118,407,248,785
56,2,0.7631,True,232,411,366,790
56,3,0.649,False,1512,336,1717,867
56,5,0.6759,False,376,392,504,779
56,7,0.5513,False,889,351,1065,881
56,8,0.5379,False,715,422,850,787
56,10,0.5847,False,1241,410,1395,795
56,35,0.6196,False,591,398,720,799
56,45,0.4918,False,1679,275,1843,901
56,4,0.4863,False,1448,435,1539,660
56,49,0.5567,False,515,442,602,729
56,32,0.6215,False,1070,429,1155,702
56,59,0.4804,False,1736,291,1913,908
57,1,0.9053,True,117,409,247,786
57,2,0.761,True,233,413,366,790
57,3,0.643,False,1505,336,1709,868
57,5,0.6855,False,375,392,504,778
57,7,0.5427,False,898,356,1069,880
57,8,0.5369,False,716,422,851,791
57,10,0.5869,False,1236,413,1390,795
57,35,0.6091,False,592,395,721,799
57,45,0.5128,False,1670,277,1836,896
57,4,0.5568,False,1439,432,1548,710
57,49,0.5436,False,513,440,601,729
57,32,0.5673,False,1061,426,1156,729
57,59,0.4983,False,1731,288,1920,1022
58,1,0.9143,True,117,411,247,787
58,2,0.7584,True,235,414,366,788
58,3,0.6535,False,1497,335,1698,866
58,5,0.7023,True,375,392,505,777
58,7,0.5206,False,902,356,1071,879
58,8,0.5335,False,718,422,852,792
58,10,0.5737,False,1231,419,1384,794
58,35,0.6067,False,594,393,724,798
58,45,0.4833,False,1656,276,1823,883
58,4,0.5714,False,1436,432,1550,735
58,49,0.5542,False,514,437,603,729
58,32,0.5688,False,1068,432,1160,725
58,59,0.541,False,1721,217,1920,1067
58,63,0.55,False,861,438,934,714
58,64,0.5035,False,1452,436,1531,656
59,1,0.9198,True,115,413,245,785
59,2,0.7597,True,235,413,366,787
59,3,0.6828,False,1472,331,1676,863
59,5,0.6962,False,374,393,505,776
59,7,0.5431,False,905,357,1072,878
59,8,0.5311,False,719,421,852,792
59,10,0.5686,False,1226,419,1379,795
59,35,0.6117,False,595,390,726,798
59,45,0.5179,False,1632,285,1804,890
59,49,0.5214,False,514,435,605,730
59,32,0.5325,False,1072,436,1164,729
59,59,0.509,False,1714,109,1920,1079
59,63,0.5385,False,863,445,934,713
59,64,0.5108,False,1447,433,1535,679
60,1,0.921,True,112,414,242,783
60,2,0.7495,True,236,413,365,786
60,3,0.7032,True,1469,329,1673,867
60,5,0.708,True,373,395,505,776
60,7,0.5637,False,909,358,1073,875
60,8,0.5344,False,719,421,853,793
60,10,0.5832,False,1221,419,1375,794
60,35,0.6219,False,596,388,727,798
60,45,0.4891,False,1622,285,1794,883
60,49,0.5309,False,514,433,605,730
60,32,0.5708,False,1076,438,1170,738
60,59,0.5088,False,1699,27,1920,1080
60,63,0.5634,False,867,446,937,713
60,64,0.5892,False,1436,430,1547,746
60,4,0.5979,False,1429,432,1558,783
61,1,0.9077,True,110,414,241,782
61,2,0.7326,True,237,411,366,784
61,3,0.6983,False,1465,328,1663,849
61,5,0.7155,True,373,399,505,775
61,7,0.57,False,916,359,1078,873
61,8,0.5475,False,719,420,852,793
61,10,0.59,False,1217,418,1371,793
61,35,0.6219,False,599,385,732,798
61,45,0.5316,False,1593,291,1764,879
61,49,0.5086,False,514,435,605,730
61,32,0.5947,False,1078,438,1173,742
61,59,0.5033,False,1686,0,1920,1080
61,63,0.5593,False,867,439,940,713
61,64,0.623,False,1432,428,1551,772
61,4,0.6137,False,1425,431,1555,794
62,1,0.8981,True,109,413,240,780
62,2,0.753,True,237,409,365,781
62,3,0.7113,True,1450,328,1647,842
62,5,0.7132,True,373,402,506,776
62,7,0.5799,False,923,358,1085,869
62,8,0.539,False,721,418,854,793
62,10,0.5741,False,1215,418,1370,792
62,35,0.611,False,602,383,736,798
62,45,0.5331,False,1582,295,1748,871
62,49,0.5164,False,515,438,605,729
62,32,0.5532,False,1072,438,1169,743
62,59,0.465,False,1676,0,1920,1080
62,63,0.5632,False,867,438,942,714
62,64,0.6401,False,1426,419,1560,805
62,4,0.6378,False,1426,426,1555,804
63,1,0.8784,True,108,412,239,777
63,2,0.7404,True,237,409,364,779
63,3,0.6987,False,1445,341,1635,836
63,5,0.7175,True,372,405,507,776
63,7,0.5932,False,924,359,1082,862
63,8,0.5307,False,723,417,856,794
63,10,0.5828,False,1215,419,1368,792
63,35,0.5991,False,604,381,739,798
63,45,0.669,False,1533,305,1702,871
63,49,0.5044,False,519,444,607,730
63,32,0.5541,False,1070,440,1169,745
63,59,0.4476,False,1662,0,1920,1080
63,63,0.5407,False,870,447,942,714
63,64,0.6294,False,1424,407,1565,815
63,4,0.6056,False,1434,411,1564,804
63,24,0.5382,False,1564,311,1720,882
64,1,0.8844,True,107,411,238,774
64,2,0.7547,True,237,408,364,779
64,3,0.687,False,1440,336,1633,831
64,5,0.7024,True,372,408,507,777
64,7,0.5862,False,932,357,1089,854
64,8,0.521,False,726,416,859,794
64,10,0.5978,False,1214,419,1367,792
64,35,0.6037,False,604,379,741,801
64,45,0.67,False,1504,315,1672,870
64,49,0.5019,False,521,447,609,730
64,32,0.5639,False,1075,440,1175,745
64,59,0.4243,False,1652,0,1920,1080
64,63,0.5397,False,872,466,941,716
64,64,0.6229,False,1417,401,1565,828
64,24,0.6264,False,1549,317,1695,872
65,1,0.8806,True,108,410,239,772
65,2,0.7738,True,237,408,363,777
65,3,0.6857,False,1429,334,1630,847
65,5,0.7061,True,370,409,507,777
65,7,0.5563,False,941,362,1096,851
65,8,0.5293,False,730,416,861,794
65,10,0.6041,False,1213,418,1364,787
65,35,0.6146,False,604,379,742,804
65,45,0.6795,False,1482,328,1647,872
65,49,0.5145,False,520,452,607,731
65,32,0.5464,False,1082,444,1180,744
65,59,0.4185,False,1639,0,1920,1080
65,63,0.5377,False,875,477,942,715
65,24,0.6187,False,1524,319,1676,864
65,71,0.4742,False,1349,434,1412,648
65,4,0.6466,False,1423,394,1564,815
66,1,0.8697,True,110,410,241,771
66,2,0.7859,True,237,408,362,776
66,5,0.7136,True,371,409,508,777
66,7,0.546,False,942,360,1096,845
66,8,0.5411,False,732,415,863,794
66,10,0.6101,False,1212,417,1361,783
66,35,0.6133,False,605,379,743,804
66,45,0.6663,False,1468,363,1621,867
66,49,0.5003,False,522,452,610,731
66,32,0.5284,False,1080,438,1182,745
66,59,0.4102,False,1620,0,1907,1078
66,63,0.5261,False,877,489,943,716
66,71,0.465,False,1349,432,1412,649
66,4,0.6614,False,1423,391,1567,820
67,1,0.8769,True,110,410,242,771
67,2,0.7722,True,236,409,361,776
67,5,0.7159,True,370,409,508,777
67,7,0.5794,False,939,359,1091,843
67,8,0.5421,False,732,415,864,795
67,10,0.6005,False,1213,418,1358,779
67,35,0.6162,False,607,380,746,805
67,45,0.6702,False,1465,446,1590,869
67,49,0.4928,False,534,448,625,733
67,32,0.5478,False,1085,443,1185,745
67,59,0.393,False,1600,0,1893,1075
67,63,0.4964,False,880,486,947,714
67,71,0.4615,False,1343,430,1408,649
67,4,0.6552,False,1419,391,1566,830
68,1,0.8745,True,109,408,242,773
68,2,0.7877,True,236,410,361,776
68,5,0.7141,True,371,409,508,776
68,7,0.5485,False,939,365,1088,845
68,8,0.544,False,733,415,865,796
68,10,0.6035,False,1212,418,1355,778
68,35,0.6007,False,607,381,747,808
68,49,0.5121,False,539,449,632,733
68,32,0.5308,False,1087,443,1189,743
68,59,0.3964,False,1568,0,1871,1075
68,63,0.5157,False,881,489,949,716
68,71,0.4415,False,1341,429,1405,648
68,4,0.6266,False,1407,391,1552,826
68,74,0.5241,False,1117,448,1197,739
69,1,0.8921,True,109,408,240,773
69,2,0.7876,True,236,412,360,775
69,5,0.7029,True,371,409,508,776
69,7,0.5567,False,942,369,1089,848
69,8,0.5479,False,733,415,865,797
69,10,0.5964,False,1212,418,1353,779
69,35,0.6079,False,607,381,748,810
69,49,0.5136,False,544,452,637,734
69,32,0.5208,False,1087,440,1192,743
69,59,0.3824,False,1532,0,1849,1075
69,63,0.5201,False,880,483,951,716
69,71,0.4389,False,1339,431,1401,646
69,4,0.6099,False,1395,391,1522,784
69,74,0.5315,False,1120,442,1202,738
69,77,0.6484,False,508,479,557,670
70,1,0.8806,True,108,408,238,772
70,2,0.7848,True,236,414,360,775
70,5,0.7057,True,371,409,507,775
70,7,0.5348,False,946,372,1092,846
70,8,0.5482,False,733,415,866,799
70,10,0.5986,False,1211,419,1349,778
70,35,0.6048,False,607,381,751,816
70,49,0.4974,False,545,450,639,732
70,32,0.5199,False,1084,436,1192,745
70,59,0.4001,False,1492,0,1829,1074
70,63,0.5291,False,878,473,953,716
70,71,0.4502,False,1336,432,1400,650
70,74,0.5264,False,1120,438,1204,741
70,77,0.637,False,508,481,557,668
71,1,0.9082,True,106,411,234,772
71,2,0.7862,True,235,416,359,776
71,5,0.7178,True,369,408,504,772
71,7,0.5358,False,949,373,1094,846
71,8,0.5586,False,735,414,868,800
71,10,0.5764,False,1209,417,1345,778
71,35,0.6096,False,608,381,753,820
71,49,0.5115,False,544,448,638,731
71,32,0.5082,False,1093,434,1202,744
71,59,0.4263,False,1452,0,1811,1074
71,63,0.5193,False,876,460,955,717
71,71,0.4682,False,1338,433,1396,632
71,74,0.5461,False,1127,435,1212,737
71,77,0.6421,False,510,482,557,659
72,1,0.9222,True,106,415,232,771
72,2,0.7869,True,234,418,357,774
72,5,0.7007,True,369,408,502,770
72,7,0.5511,False,953,375,1096,847
72,8,0.5469,False,737,415,869,800
72,10,0.5604,False,1204,419,1337,778
72,35,0.6103,False,608,380,754,821
72,49,0.531,False,544,442,638,730
72,32,0.5023,False,1102,435,1213,743
72,59,0.4431,False,1413,0,1798,1073
72,63,0.5336,False,877,463,954,717
72,77,0.6621,False,510,482,557,656
73,1,0.9231,True,107,418,231,770
73,2,0.7919,True,233,420,356,774
73,5,0.6943,False,368,408,500,768
73,7,0.5505,False,957,378,1099,844
73,8,0.545,False,738,414,870,801
73,10,0.5795,False,1194,419,1324,774
73,35,0.6182,False,608,378,755,820
73,49,0.5136,False,542,447,633,728
73,32,0.5146,False,1107,435,1219,746
73,59,0.4439,False,1379,0,1790,1072
73,63,0.5407,False,877,466,954,717
73,77,0.6552,False,510,482,556,655
74,1,0.915,True,108,421,230,771
74,2,0.7938,True,232,421,355,775
74,5,0.6837,False,368,408,498,766
74,7,0.5326,False,962,379,1105,842
74,8,0.5346,False,741,413,873,802
74,10,0.5756,False,1184,417,1313,773
74,35,0.6137,False,609,376,756,820
74,49,0.4736,False,544,449,631,726
74,32,0.5502,False,1110,438,1223,746
74,59,0.4426,False,1339,0,1779,1071
74,63,0.5405,False,877,470,954,718
74,77,0.6672,False,509,482,556,652
74,80,0.5073,False,1772,641,1909,1073
75,1,0.9128,True,109,421,231,771
75,2,0.7948,True,230,422,353,773
75,5,0.6796,False,367,407,497,765
75,7,0.5007,False,965,380,1110,841
75,8,0.5334,False,744,413,877,804
75,10,0.5663,False,1169,428,1291,769
75,35,0.5966,False,609,374,757,820
75,49,0.5059,False,550,450,637,726
75,32,0.5337,False,1112,437,1225,746
75,59,0.4411,False,1311,0,1779,1071
75,63,0.5539,False,877,474,953,718
75,77,0.6664,False,509,482,555,649
75,80,0.4872,False,1762,638,1901,1074
76,1,0.8992,True,111,422,231,772
76,2,0.797,True,228,421,353,773
76,5,0.6866,False,367,407,495,764
76,7,0.523,False,958,377,1101,839
76,8,0.5445,False,747,414,879,806
76,10,0.5352,False,1157,435,1272,762
76,35,0.5838,False,610,373,757,821
76,49,0.527,False,551,454,630,712
76,32,0.4648,False,1106,438,1216,745
76,59,0.4212,False,1281,0,1772,1071
76,63,0.5371,False,876,476,952,719
76,77,0.6618,False,507,483,554,648
77,1,0.9095,True,113,420,233,772
77,2,0.8042,True,227,421,352,773
77,5,0.7005,True,366,408,493,763
77,7,0.5233,False,965,377,1108,837
77,8,0.5367,False,750,412,882,806
77,10,0.573,False,1173,480,1281,770
77,35,0.5972,False,611,372,758,822
77,49,0.5199,False,555,450,638,722
77,32,0.4754,False,1103,439,1211,744
77,59,0.4131,False,1244,0,1757,1072
77,63,0.5597,False,874,473,952,720
77,77,0.664,False,505,484,553,650
78,1,0.9029,True,114,419,234,773
78,2,0.7898,True,224,419,349,771
78,5,0.703,True,365,408,491,762
78,7,0.5203,False,966,377,1109,831
78,8,0.5403,False,754,409,888,806
78,10,0.5611,False,1171,475,1281,772
78,35,0.6037,False,609,371,758,822
78,49,0.5627,False,562,454,644,728
78,32,0.4895,False,1100,406,1217,746
78,59,0.4156,False,1212,0,1745,1071
78,63,0.5542,False,873,473,953,721
78,77,0.6612,False,504,484,552,651
79,1,0.9114,True,115,420,234,771
79,2,0.8101,True,220,418,347,770
79,5,0.7219,True,363,410,487,760
79,7,0.5384,False,967,377,1107,825
79,8,0.5519,False,757,406,892,807
79,10,0.5329,False,1173,498,1275,768
79,35,0.6057,False,611,369,759,821
79,49,0.586,False,567,461,648,732
79,59,0.4075,False,1183,1,1733,1072
79,63,0.5692,False,883,472,962,718
79,77,0.6523,False,503,483,552,651
80,1,0.9111,True,117,420,235,769
80,2,0.782,True,217,415,343,765
80,5,0.7233,True,361,411,484,760
80,7,0.5688,False,969,375,1108,820
80,8,0.5547,False,759,404,895,804
80,10,0.558,False,1170,504,1270,767
80,35,0.5918,False,614,368,763,820
80,49,0.5782,False,572,464,651,733
80,59,0.4158,False,1148,1,1712,1074
80,63,0.5773,False,885,475,965,720
80,77,0.656,False,502,484,551,651
80,87,0.6328,False,1832,319,1907,884
81,1,0.9023,True,119,420,236,767
81,2,0.7832,True,216,415,343,762
81,5,0.7216,True,360,413,482,759
81,7,0.568,False,969,377,1108,818
81,8,0.5521,False,762,401,899,803
81,10,0.5627,False,1162,523,1249,762
81,35,0.5914,False,612,367,763,822
81,49,0.5668,False,574,467,652,733
81,59,0.4228,False,1124,2,1700,1072
81,63,0.5798,False,887,474,967,721
81,77,0.6632,False,500,484,550,650
81,87,0.6252,False,1822,324,1896,881
82,1,0.8984,True,120,418,237,764
82,2,0.7861,True,216,414,342,761
82,5,0.7213,True,361,415,482,759
82,7,0.5658,False,968,379,1106,816
82,8,0.5557,False,764,399,902,804
82,35,0.6105,False,607,366,760,823
82,49,0.5337,False,576,472,651,735
82,59,0.4086,False,1101,2,1686,1071
82,63,0.5807,False,887,473,967,721
82,77,0.6695,False,500,485,550,650
82,87,0.6246,False,1816,314,1893,881
83,1,0.8788,True,122,417,238,761
83,2,0.7719,True,215,415,342,761
83,5,0.7276,True,361,417,480,759
83,7,0.5795,False,970,381,1107,816
83,8,0.5393,False,766,397,905,805
83,35,0.6116,False,611,364,766,826
83,49,0.5466,False,581,480,655,738
83,59,0.4115,False,1083,2,1673,1070
83,63,0.5625,False,888,478,966,721
83,77,0.6811,False,498,486,550,651
83,87,0.6006,False,1813,316,1892,882
83,93,0.4404,False,1111,545,1195,746
84,1,0.8776,True,123,417,239,759
84,2,0.7766,True,217,414,344,759
84,5,0.7185,True,360,419,478,758
84,7,0.5568,False,970,381,1106,816
84,8,0.5432,False,767,398,906,809
84,35,0.6141,False,612,364,769,827
84,59,0.424,False,1061,2,1656,1069
84,63,0.5716,False,887,481,965,721
84,77,0.6682,False,497,487,549,652
84,87,0.5858,False,1811,325,1892,882
84,93,0.4541,False,1113,545,1201,756
85,1,0.894,True,123,418,238,759
85,2,0.7803,True,220,416,344,757
85,5,0.7075,True,359,420,476,758
85,7,0.5355,False,975,382,1110,815
85,8,0.5419,False,768,398,909,812
85,35,0.6038,False,613,363,771,828
85,59,0.426,False,1045,3,1642,1069
85,63,0.5831,False,890,480,966,719
85,77,0.6582,False,496,487,549,651
85,87,0.5824,False,1809,327,1892,882
85,93,0.5058,False,1128,548,1217,764
85,96,0.598,False,1630,352,1748,827
85,97,0.4287,False,1133,559,1184,750
86,1,0.8862,True,124,418,239,758
86,2,0.7709,True,224,418,346,756
86,5,0.6934,False,358,420,473,758
86,7,0.5405,False,980,388,1114,814
86,8,0.5539,False,769,399,911,816
86,35,0.6085,False,609,365,768,828
86,59,0.4286,False,1032,4,1628,1070
86,63,0.5654,False,890,478,966,719
86,77,0.625,False,494,488,548,653
86,87,0.5733,False,1806,325,1892,880
86,93,0.5067,False,1139,550,1228,766
86,96,0.6362,False,1622,356,1741,832
86,97,0.4363,False,1130,559,1184,757
87,1,0.8917,True,125,419,239,757
87,2,0.7836,True,227,421,347,755
87,5,0.6899,False,355,418,471,758
87,7,0.5276,False,982,381,1118,814
87,8,0.563,False,770,408,911,818
87,35,0.6068,False,615,367,773,830
87,59,0.4219,False,1021,2,1614,1069
87,63,0.5621,False,892,478,967,716
87,77,0.6437,False,493,488,548,654
87,87,0.569,False,1802,323,1892,879
87,96,0.6565,False,1611,357,1732,836
88,1,0.8848,True,126,420,240,757
88,2,0.7708,True,228,425,346,756
88,5,0.704,True,353,417,468,757
88,7,0.5569,False,986,380,1121,812
88,8,0.5658,False,770,407,913,821
88,35,0.6146,False,614,370,771,829
88,59,0.4151,False,1012,7,1597,1070
88,63,0.5691,False,893,476,967,710
88,77,0.647,False,491,487,547,652
88,87,0.5734,False,1795,321,1891,883
88,96,0.6913,False,1602,360,1725,839
89,1,0.8978,True,128,419,242,754
89,2,0.7741,True,229,428,344,755
89,5,0.7103,True,351,416,466,756
89,7,0.5804,False,986,377,1122,811
89,8,0.5545,False,770,403,915,824
89,35,0.6119,False,618,372,775,831
89,59,0.4181,False,1014,13,1588,1072
89,63,0.5507,False,894,474,968,711
89,77,0.6757,False,487,486,543,652
89,87,0.5763,False,1785,319,1886,885
89,96,0.7265,True,1599,359,1724,834
90,1,0.8887,True,128,420,242,755
90,2,0.7845,True,229,431,343,756
90,5,0.712,True,348,416,463,755
90,7,0.5878,False,986,383,1120,810
90,8,0.5534,False,770,401,916,826
90,35,0.6183,False,622,370,780,835
90,59,0.418,False,1017,18,1579,1073
90,63,0.534,False,892,473,968,717
90,77,0.6154,False,483,486,538,650
90,87,0.5853,False,1776,315,1883,883
90,96,0.7402,True,1597,359,1724,831
91,1,0.8766,True,128,421,243,754
91,2,0.7973,True,230,432,343,756
91,5,0.7254,True,347,415,462,755
91,7,0.56,False,984,380,1118,809
91,8,0.5503,False,771,400,918,828
91,35,0.6196,False,625,368,784,838
91,59,0.4191,False,1017,26,1563,1072
91,63,0.5489,False,888,470,966,723
91,77,0.6307,False,481,487,536,649
91,87,0.5882,False,1769,312,1883,882
91,96,0.7476,True,1594,360,1725,832
91,101,0.5237,False,526,510,571,647
92,1,0.8823,True,129,422,244,754
92,2,0.7691,True,231,433,343,757
92,5,0.7192,True,346,415,462,754
92,7,0.5766,False,986,379,1118,809
92,8,0.5499,False,772,399,920,830
92,35,0.6195,False,627,365,787,839
92,59,0.4082,False,1022,39,1549,1073
92,63,0.5526,False,887,464,966,724
92,77,0.632,False,478,487,533,650
92,87,0.606,False,1751,312,1869,881
92,96,0.7439,True,1590,361,1723,833
92,101,0.5365,False,523,509,568,648
93,1,0.8805,True,129,422,244,753
93,2,0.7704,True,232,433,343,756
93,5,0.7298,True,346,415,462,754
93,7,0.5354,False,988,377,1121,807
93,8,0.555,False,775,399,922,830
93,35,0.6066,False,629,361,790,840
93,59,0.4038,False,1026,51,1534,1074
93,63,0.5554,False,890,468,969,727
93,77,0.6036,False,477,485,532,650
93,87,0.6505,False,1747,311,1872,881
93,96,0.7363,True,1587,359,1721,825
93,101,0.5532,False,526,512,570,646
94,1,0.8512,True,128,422,244,753
94,2,0.7941,True,233,432,342,754
94,5,0.7451,True,346,415,463,752
94,7,0.5385,False,986,376,1116,802
94,8,0.5455,False,777,397,924,830
94,35,0.6112,False,632,358,794,840
94,59,0.3996,False,1018,60,1511,1075
94,63,0.5493,False,891,469,970,729
94,77,0.5935,False,476,485,531,649
94,87,0.6527,False,1740,312,1874,880
94,96,0.7259,True,1582,360,1718,823
94,101,0.5333,False,526,511,570,644
94,105,0.4985,False,1443,376,1522,779
95,1,0.8734,True,127,423,244,754
95,2,0.8155,True,233,432,342,753
95,5,0.7403,True,346,415,463,752
95,7,0.55,False,985,380,1111,800
95,8,0.5595,False,783,395,930,829
95,35,0.6104,False,635,359,797,842
95,59,0.4088,False,995,67,1477,1074
95,63,0.5516,False,892,470,971,731
95,77,0.595,False,477,484,531,648
95,87,0.6542,False,1715,315,1857,877
95,96,0.7071,True,1576,360,1714,823
95,101,0.5441,False,526,511,570,644
95,105,0.4995,False,1436,388,1514,781
96,1,0.8528,True,125,423,241,753
96,2,0.7983,True,234,431,342,753
96,5,0.7443,True,346,416,464,751
96,7,0.5564,False,988,395,1104,796
96,8,0.5474,False,790,394,936,828
96,35,0.6184,False,638,352,801,842
96,59,0.4009,False,976,82,1447,1074
96,63,0.5561,False,897,474,974,732
96,77,0.6177,False,474,482,530,649
96,87,0.6456,False,1697,323,1848,877
96,96,0.7027,True,1572,358,1711,823
96,101,0.5717,False,526,510,570,643
96,105,0.4887,False,1438,382,1518,783
97,1,0.8483,True,125,424,240,752
97,2,0.8078,True,235,430,344,752
97,5,0.7398,True,347,416,465,750
97,8,0.5538,False,795,401,938,827
97,35,0.6153,False,642,350,805,844
97,59,0.4097,False,955,94,1421,1074
97,63,0.5373,False,901,478,977,733
97,77,0.6066,False,473,480,530,648
97,87,0.6636,False,1668,327,1827,877
97,96,0.6564,False,1565,358,1708,835
97,101,0.5752,False,525,509,569,642
97,105,0.4886,False,1446,405,1521,781
97,108,0.5214,False,1456,427,1547,783
97,4,0.4376,False,1336,350,1472,806
98,1,0.8596,True,124,424,238,751
98,2,0.8191,True,236,429,345,751
98,5,0.756,True,348,418,467,750
98,8,0.5542,False,798,395,943,826
98,35,0.6175,False,647,348,810,846
98,59,0.4063,False,944,103,1406,1075
98,63,0.5572,False,904,484,978,733
98,77,0.5958,False,473,482,530,647
98,87,0.6566,False,1649,332,1817,877
98,96,0.6812,False,1572,355,1719,838
98,101,0.519,False,527,509,571,642
98,105,0.4496,False,1451,426,1524,780
98,108,0.498,False,1459,429,1550,786
98,4,0.4072,False,1330,350,1462,816
99,1,0.8706,True,123,424,237,748
99,2,0.8203,True,238,430,345,749
99,5,0.7462,True,350,420,469,750
99,8,0.5617,False,799,393,945,827
99,35,0.6293,False,653,350,815,847
99,59,0.4056,False,947,113,1401,1075
99,63,0.5608,False,906,476,980,730
99,77,0.5998,False,473,485,528,645
99,87,0.6609,False,1638,335,1814,878
99,96,0.6777,False,1570,356,1719,841
99,101,0.4612,False,533,509,577,642
99,105,0.4712,False,1445,428,1518,779
99,108,0.4839,False,1457,430,1546,782
99,4,0.4283,False,1319,352,1453,828
99,49,0.5841,False,613,425,702,747
100,1,0.879,True,123,423,235,746
100,2,0.8257,True,238,430,346,749
100,5,0.7443,True,351,421,470,750
100,8,0.5567,False,803,392,948,828
100,35,0.6191,False,657,349,819,847
100,59,0.4149,False,944,117,1392,1074
100,63,0.6225,False,898,428,982,731
100,77,0.6488,False,471,486,527,646
100,87,0.6721,False,1635,339,1816,877
100,96,0.6859,False,1571,355,1723,848
100,101,0.486,False,535,508,579,643
100,108,0.4724,False,1444,430,1534,780
100,4,0.4222,False,1309,352,1444,827
100,118,0.673,False,1858,454,1916,778
100,49,0.5289,False,604,421,693,739
101,1,0.871,True,120,423,233,745
101,2,0.8096,True,238,430,345,748
101,5,0.7543,True,351,424,471,751
101,8,0.5452,False,807,392,952,830
101,35,0.6324,False,661,347,825,852
101,59,0.4325,False,932,117,1375,1074
101,77,0.6275,False,469,486,525,648
101,87,0.6726,False,1622,342,1810,873
101,96,0.6665,False,1571,351,1728,851
101,101,0.4643,False,536,507,580,642
101,108,0.5023,False,1423,430,1514,776
101,4,0.4372,False,1298,355,1432,813
101,118,0.6758,False,1860,468,1916,780
101,49,0.508,False,601,418,692,744
101,105,0.5082,False,1450,432,1523,777
102,1,0.878,True,119,422,232,745
102,2,0.8133,True,238,431,345,747
102,5,0.7589,True,351,425,472,750
102,8,0.5496,False,808,390,953,831
102,35,0.6296,False,665,351,828,852
102,59,0.4521,False,911,117,1351,1075
102,77,0.6436,False,468,488,524,650
102,87,0.686,False,1615,344,1809,870
102,96,0.6773,False,1572,350,1731,851
102,101,0.4632,False,537,510,582,643
102,108,0.5472,False,1411,430,1505,777
102,4,0.4583,False,1288,355,1420,793
102,118,0.6778,False,1858,464,1916,780
102,49,0.5142,False,602,418,693,744
102,105,0.5594,False,1452,431,1521,748
103,1,0.8918,True,117,422,231,744
103,2,0.7896,True,238,432,344,747
103,5,0.7441,True,352,426,472,750
103,8,0.5328,False,806,389,950,833
103,35,0.6196,False,668,352,832,851
103,59,0.4617,False,890,117,1327,1076
103,77,0.6334,False,468,489,524,650
103,87,0.6878,False,1604,342,1807,869
103,96,0.6694,False,1569,346,1730,852
103,101,0.4744,False,538,510,582,644
103,4,0.4771,False,1278,354,1413,789
103,118,0.6455,False,1857,461,1916,782
103,49,0.5189,False,602,422,690,739
103,105,0.5278,False,1452,431,1526,766
103,126,0.5377,False,1448,438,1541,636
104,1,0.8992,True,117,422,231,744
104,2,0.7758,True,237,431,344,746
104,5,0.7427,True,352,429,472,749
104,8,0.534,False,805,387,950,834
104,35,0.6214,False,672,350,836,849
104,59,0.4618,False,862,115,1297,1076
104,77,0.6378,False,468,488,525,650
104,87,0.6868,False,1595,343,1803,866
104,96,0.6507,False,1561,341,1723,855
104,101,0.4818,False,538,510,583,645
104,4,0.4226,False,1267,354,1408,800
104,118,0.5947,False,1856,452,1917,782
104,49,0.5218,False,603,428,690,744
104,105,0.5485,False,1456,430,1531,760
104,126,0.5411,False,1450,433,1545,635
105,1,0.8809,True,118,422,232,744
105,2,0.786,True,236,431,343,746
105,5,0.7312,True,352,429,472,748
105,8,0.4826,False,797,431,923,829
105,35,0.6283,False,673,351,837,848
105,59,0.4429,False,826,117,1258,1075
105,77,0.6308,False,468,488,525,651
105,87,0.6862,False,1587,342,1799,863
105,101,0.5152,False,542,512,585,644
105,4,0.4214,False,1255,353,1400,804
105,118,0.568,False,1854,439,1917,782
105,49,0.5173,False,606,430,695,751
105,126,0.5387,False,1451,436,1545,635
106,1,0.8648,True,119,422,232,743
106,2,0.8072,True,234,432,341,746
106,5,0.7308,True,352,430,472,748
106,8,0.4913,False,785,424,909,828
106,35,0.6197,False,670,351,835,855
106,59,0.4517,False,800,126,1229,1075
106,77,0.5839,False,468,489,525,650
106,87,0.6641,False,1581,341,1794,860
106,101,0.5178,False,543,516,585,645
106,4,0.4061,False,1246,351,1394,808
106,118,0.6076,False,1851,427,1916,781
106,49,0.532,False,608,427,699,755
106,126,0.5283,False,1452,437,1545,635
107,1,0.8662,True,120,424,232,742
107,2,0.786,True,233,434,341,747
107,5,0.729,True,353,431,472,746
107,35,0.607,False,669,351,831,856
107,59,0.4533,False,773,127,1202,1075
107,77,0.5824,False,468,495,522,650
107,87,0.6532,False,1576,341,1787,854
107,101,0.526,False,543,516,585,646
107,4,0.4125,False,1237,345,1388,809
107,118,0.6068,False,1847,413,1916,782
107,49,0.5236,False,609,435,695,745
107,126,0.5331,False,1451,437,1544,635
108,1,0.8694,True,122,424,233,743
108,2,0.7758,True,233,435,341,746
108,5,0.7331,True,352,429,472,744
108,35,0.5876,False,670,347,833,862
108,59,0.4389,False,754,128,1184,1074
108,77,0.5771,False,467,496,522,650
108,87,0.6348,False,1570,359,1773,851
108,101,0.5076,False,544,518,585,646
108,4,0.4365,False,1231,345,1385,812
108,118,0.5891,False,1845,402,1916,785
108,49,0.4975,False,611,430,697,744
108,126,0.5328,False,1451,437,1544,635
108,32,0.5244,False,1165,410,1284,789
109,1,0.8845,True,123,424,233,744
109,2,0.7899,True,233,437,340,748
109,5,0.7268,True,352,428,471,742
109,35,0.5694,False,678,347,838,863
109,59,0.4328,False,737,133,1167,1074
109,77,0.5638,False,466,495,521,649
109,87,0.6424,False,1559,345,1763,847
109,101,0.5281,False,544,519,585,647
109,4,0.4405,False,1225,345,1379,809
109,118,0.5938,False,1842,395,1917,798
109,49,0.5136,False,614,434,699,737
109,126,0.5293,False,1451,437,1543,635
109,32,0.5167,False,1166,410,1282,790
110,1,0.8881,True,123,425,233,745
110,2,0.7685,True,231,437,338,748
110,5,0.7159,True,352,426,471,741
110,35,0.551,False,685,344,843,866
110,59,0.4421,False,718,137,1149,1074
110,77,0.5666,False,463,492,518,648
110,87,0.6611,False,1554,355,1753,845
110,101,0.5279,False,545,516,587,647
110,4,0.4611,False,1220,347,1375,807
110,118,0.6062,False,1840,391,1917,802
110,49,0.5052,False,621,435,704,729
110,126,0.5276,False,1451,438,1542,635
110,32,0.5617,False,1162,410,1277,788
111,1,0.8771,True,124,423,234,746
111,2,0.7753,True,230,437,337,747
111,5,0.7061,True,351,425,470,739
111,35,0.551,False,688,340,847,869
111,59,0.4476,False,702,144,1134,1073
111,77,0.5656,False,462,487,517,647
111,87,0.6424,False,1549,350,1748,843
111,101,0.5178,False,546,515,589,647
111,4,0.462,False,1217,350,1371,806
111,118,0.6235,False,1838,390,1916,803
111,49,0.5092,False,620,436,704,732
111,126,0.5226,False,1452,438,1543,634
111,32,0.595,False,1153,412,1267,784
112,1,0.8748,True,126,424,235,745
112,2,0.7799,True,229,436,335,746
112,5,0.6936,False,350,423,468,738
112,35,0.5006,False,690,327,851,870
112,59,0.4429,False,697,150,1129,1075
112,77,0.5779,False,461,484,517,647
112,87,0.6395,False,1545,346,1745,843
112,101,0.5274,False,547,513,591,647
112,4,0.453,False,1215,353,1369,804
112,118,0.6245,False,1835,393,1914,805
112,49,0.5168,False,620,437,704,732
112,126,0.5228,False,1452,438,1543,634
112,32,0.6436,False,1146,414,1261,782
113,1,0.8793,True,128,426,235,744
113,2,0.7815,True,228,435,332,744
113,5,0.7055,True,349,422,466,737
113,35,0.4685,False,679,324,839,870
113,59,0.4359,False,686,155,1115,1072
113,77,0.5737,False,460,485,515,647
113,87,0.6442,False,1544,347,1743,843
113,101,0.5106,False,548,513,591,647
113,4,0.4401,False,1211,354,1365,801
113,118,0.6443,False,1833,395,1913,806
113,49,0.5163,False,622,435,707,732
113,126,0.5234,False,1453,438,1543,634
113,32,0.6803,False,1144,416,1260,780
114,1,0.8793,True,129,428,235,743
114,2,0.7744,True,227,434,330,743
114,5,0.7126,True,348,422,465,737
114,35,0.4523,False,679,326,838,870
114,59,0.4409,False,676,161,1104,1071
114,77,0.5839,False,459,484,513,646
114,87,0.65,False,1543,354,1740,843
114,101,0.5264,False,548,512,591,647
114,4,0.438,False,1207,354,1362,802
114,118,0.6377,False,1829,395,1910,805
114,49,0.5206,False,622,431,710,739
114,126,0.5271,False,1453,438,1543,634
114,32,0.6808,False,1143,417,1258,783
114,139,0.4788,False,500,506,536,644
115,1,0.8549,True,132,431,236,741
115,2,0.7725,True,227,434,328,742
115,5,0.7325,True,348,421,464,736
115,35,0.4512,False,673,279,847,871
115,59,0.4383,False,661,173,1086,1070
115,77,0.6021,False,458,485,511,644
115,87,0.6414,False,1541,358,1736,842
115,101,0.5353,False,550,511,593,647
115,4,0.4367,False,1205,356,1360,802
115,118,0.6637,False,1826,395,1910,807
115,49,0.5091,False,626,425,721,756
115,126,0.5072,False,1452,438,1542,634
115,32,0.6226,False,1149,417,1259,779
115,139,0.4951,False,501,506,537,642
116,1,0.877,True,133,432,236,739
116,2,0.7731,True,228,435,327,740
116,5,0.7158,True,347,421,463,735
116,59,0.4313,False,652,181,1076,1071
116,77,0.5915,False,455,483,509,646
116,87,0.6502,False,1537,360,1733,843
116,101,0.525,False,549,509,594,648
116,4,0.4412,False,1202,357,1356,799
116,118,0.6387,False,1824,395,1910,808
116,49,0.5327,False,629,420,727,760
116,126,0.5234,False,1452,438,1542,635
116,32,0.6084,False,1110,416,1225,773
116,139,0.4981,False,502,507,537,641
116,96,0.6415,False,1522,350,1672,834
117,1,0.8783,True,133,431,237,737
117,2,0.7825,True,228,434,326,737
117,5,0.7019,True,347,421,461,735
117,59,0.4268,False,641,183,1065,1071
117,77,0.5819,False,457,486,510,646
117,87,0.6453,False,1534,362,1732,844
117,101,0.5537,False,550,507,596,648
117,4,0.4548,False,1201,357,1355,795
117,118,0.6275,False,1811,395,1901,808
117,49,0.5368,False,630,409,731,762
117,126,0.5331,False,1449,439,1537,635
117,32,0.5426,False,1078,408,1195,774
117,139,0.4911,False,503,506,538,641
117,145,0.4921,False,1363,451,1442,727
117,96,0.6274,False,1514,351,1649,804
118,1,0.8707,True,133,429,237,737
118,2,0.7764,True,228,435,325,738
118,5,0.6892,False,346,422,460,736
118,59,0.4405,False,635,184,1058,1073
118,77,0.5819,False,457,490,508,645
118,87,0.6358,False,1531,361,1731,844
118,101,0.5454,False,550,508,596,648
118,4,0.4475,False,1199,358,1353,797
118,118,0.6187,False,1805,397,1900,808
118,49,0.5391,False,634,404,735,763
118,126,0.5186,False,1445,438,1533,636
118,32,0.546,False,1068,405,1186,774
118,139,0.5091,False,503,506,539,643
118,145,0.5208,False,1353,453,1431,726
118,96,0.6308,False,1511,350,1641,796
119,1,0.8827,True,134,427,238,737
119,2,0.7763,True,228,436,324,737
119,5,0.7013,True,347,428,459,736
119,59,0.4472,False,628,186,1049,1074
119,77,0.5527,False,457,494,507,645
119,87,0.6535,False,1576,378,1751,809
119,101,0.5418,False,550,509,595,648
119,4,0.4447,False,1195,359,1350,802
119,118,0.6317,False,1800,395,1898,805
119,49,0.5506,False,636,402,737,766
119,126,0.5156,False,1446,437,1533,635
119,32,0.552,False,1062,403,1181,774
119,139,0.4921,False,504,507,540,642
119,145,0.5406,False,1352,452,1432,724
119,96,0.6448,False,1514,354,1652,827
120,1,0.8835,True,133,427,238,738
120,2,0.7807,True,229,436,324,738
120,5,0.6934,False,347,431,457,736
120,59,0.4679,False,625,187,1039,1069
120,77,0.5959,False,457,500,507,646
120,87,0.6404,False,1599,386,1759,793
120,101,0.5324,False,550,512,595,647
120,4,0.4595,False,1194,361,1348,797
120,118,0.6118,False,1798,395,1900,806
120,49,0.5792,False,638,406,737,768
120,126,0.5462,False,1446,436,1531,635
120,32,0.5386,False,1056,399,1180,779
120,139,0.4695,False,505,507,541,642
120,145,0.5582,False,1371,450,1452,724
120,96,0.6503,False,1511,356,1654,839
121,1,0.8947,True,134,428,238,737
121,2,0.7927,True,230,439,323,739
121,5,0.6911,False,347,433,456,735
121,59,0.4672,False,623,189,1030,1061
121,77,0.6315,False,456,501,506,648
121,87,0.6449,False,1606,390,1761,788
121,101,0.5087,False,552,512,598,647
121,4,0.4363,False,1193,365,1344,795
121,118,0.571,False,1795,395,1901,805
121,126,0.5588,False,1447,435,1529,634
121,32,0.534,False,1052,401,1178,782
121,139,0.4412,False,507,507,543,641
121,145,0.5656,False,1381,447,1464,724
121,96,0.6549,False,1507,357,1650,844
121,154,0.5889,False,1137,416,1222,769
122,1,0.8915,True,134,428,238,736
122,2,0.7881,True,232,445,322,737
122,5,0.6904,False,345,434,453,736
122,59,0.4738,False,620,188,1019,1051
122,77,0.6105,False,455,503,505,648
122,87,0.6608,False,1604,394,1755,786
122,101,0.5056,False,556,513,602,648
122,4,0.4591,False,1192,366,1342,792
122,118,0.5704,False,1791,395,1899,803
122,126,0.5661,False,1447,434,1527,635
122,32,0.5131,False,1048,404,1176,785
122,139,0.4612,False,506,506,544,643
122,145,0.557,False,1384,446,1468,724
122,96,0.6754,False,1498,358,1640,841
122,154,0.5741,False,1136,419,1220,770
123,1,0.8681,True,133,428,237,736
123,2,0.8027,True,233,447,322,737
123,5,0.6898,False,344,435,451,735
123,59,0.4596,False,619,191,1013,1054
123,77,0.58,False,454,503,504,649
123,87,0.686,False,1601,396,1751,787
123,101,0.5176,False,556,512,602,649
123,4,0.4316,False,1190,364,1341,796
123,118,0.5678,False,1789,395,1900,799
123,126,0.564,False,1447,432,1525,635
123,32,0.5132,False,1052,403,1184,788
123,139,0.4463,False,506,505,545,645
123,145,0.5674,False,1379,444,1465,726
123,96,0.6523,False,1491,360,1632,841
123,7,0.4668,False,975,373,1063,690
124,1,0.8688,True,135,435,236,735
124,2,0.8034,True,234,446,323,735
124,5,0.6891,False,344,433,451,735
124,59,0.4672,False,619,196,1008,1059
124,77,0.5647,False,454,501,504,648
124,87,0.7036,True,1598,397,1749,787
124,101,0.478,False,556,512,604,649
124,4,0.431,False,1189,365,1339,795
124,118,0.5609,False,1785,396,1898,794
124,32,0.4973,False,1054,405,1187,788
124,139,0.4389,False,509,504,548,643
124,145,0.5552,False,1383,443,1471,727
124,96,0.6539,False,1485,357,1626,832
124,7,0.4645,False,977,373,1065,694
125,1,0.8707,True,134,436,235,734
125,2,0.7917,True,234,445,324,736
125,5,0.7042,True,344,434,449,735
125,59,0.4792,False,622,200,1004,1061
125,77,0.5928,False,454,500,504,647
125,87,0.6954,False,1592,396,1745,785
125,101,0.4847,False,558,513,606,649
125,4,0.4358,False,1188,367,1338,795
125,118,0.572,False,1776,394,1896,797
125,32,0.4945,False,1060,406,1194,788
125,139,0.4373,False,510,504,550,643
125,145,0.5315,False,1384,445,1473,727
125,96,0.6294,False,1481,355,1622,830
125,7,0.4847,False,964,371,1082,814
125,105,0.5244,False,1488,420,1584,824
126,1,0.8633,True,135,436,235,733
126,2,0.7652,True,235,445,326,737
126,5,0.7081,True,343,433,448,733
126,59,0.5005,False,623,204,998,1064
126,77,0.6266,False,454,498,504,647
126,87,0.6737,False,1600,397,1751,783
126,101,0.5089,False,560,512,610,649
126,4,0.4544,False,1186,368,1336,796
126,118,0.5782,False,1769,392,1895,796
126,32,0.4795,False,1063,401,1200,788
126,139,0.4729,False,513,504,553,643
126,145,0.5311,False,1379,449,1467,726
126,96,0.6351,False,1483,359,1626,830
126,7,0.503,False,960,370,1086,852
127,1,0.8773,True,134,439,234,733
127,2,0.7503,True,236,445,327,737
127,5,0.6857,False,343,430,448,731
127,59,0.5026,False,618,206,987,1063
127,77,0.6214,False,452,496,501,645
127,87,0.653,False,1608,398,1755,780
127,101,0.5039,False,560,511,611,649
127,4,0.4551,False,1183,367,1334,796
127,118,0.5903,False,1764,395,1893,795
127,32,0.4958,False,1070,401,1206,786
127,139,0.4953,False,514,504,554,644
127,145,0.5568,False,1387,447,1476,723
127,96,0.6672,False,1481,357,1626,827
127,7,0.5113,False,958,369,1089,869
128,1,0.8735,True,132,443,230,732
128,2,0.7809,True,235,443,327,735
128,5,0.683,False,344,429,448,729
128,59,0.4871,False,611,213,974,1063
128,77,0.6132,False,451,498,498,643
128,87,0.6625,False,1610,396,1755,776
128,101,0.5012,False,561,512,612,649
128,4,0.4512,False,1179,364,1331,796
128,118,0.6051,False,1759,400,1891,796
128,32,0.5054,False,1071,400,1207,786
128,139,0.4881,False,515,503,555,643
128,145,0.5606,False,1386,448,1476,724
128,96,0.6397,False,1475,362,1621,826
128,7,0.5273,False,958,367,1093,874
129,1,0.8651,True,131,446,228,731
129,2,0.7907,True,235,440,327,733
129,5,0.6861,False,344,428,449,729
129,59,0.4684,False,605,221,961,1062
129,77,0.6019,False,450,497,497,643
129,87,0.6617,False,1610,393,1753,773
129,101,0.5241,False,565,515,614,649
129,4,0.4701,False,1175,361,1326,796
129,118,0.6242,False,1753,409,1883,796
129,32,0.543,False,1082,396,1217,790
129,139,0.4941,False,516,503,556,644
129,145,0.5761,False,1387,450,1477,724
129,96,0.6511,False,1472,364,1620,825
129,7,0.5473,False,965,364,1105,880
129,164,0.5858,False,1457,375,1565,818
130,1,0.8465,True,130,446,226,730
130,2,0.7937,True,235,438,327,733
130,5,0.6899,False,344,428,449,729
130,59,0.4633,False,601,231,951,1059
130,77,0.6082,False,448,496,496,643
130,87,0.6676,False,1610,391,1754,773
130,101,0.5194,False,566,515,616,650
130,4,0.4762,False,1170,363,1319,794
130,118,0.6428,False,1748,412,1878,796
130,32,0.5528,False,1088,391,1220,788
130,139,0.4707,False,517,503,558,645
130,145,0.6004,False,1385,454,1473,723
130,96,0.6654,False,1463,364,1613,823
130,7,0.569,False,970,362,1114,883
130,164,0.6093,False,1454,368,1564,816
131,1,0.8491,True,128,444,224,729
131,2,0.8028,True,236,437,329,731
131,5,0.6888,False,344,427,449,729
131,59,0.4651,False,602,237,945,1054
131,77,0.6582,False,446,496,494,642
131,87,0.6741,False,1610,392,1752,774
131,101,0.4629,False,568,516,616,650
131,4,0.4683,False,1169,366,1315,792
131,118,0.6544,False,1744,413,1875,795
131,32,0.5741,False,1093,385,1224,790
131,139,0.4656,False,518,502,559,644
131,145,0.5836,False,1385,458,1470,722
131,96,0.6753,False,1456,366,1607,823
131,7,0.5823,False,969,361,1116,880
131,164,0.6139,False,1445,373,1553,814
131,168,0.4307,False,1345,429,1403,657
132,1,0.8484,True,127,442,224,729
132,2,0.8045,True,237,437,330,729
132,5,0.688,False,344,427,449,729
132,59,0.4561,False,601,244,936,1045
132,77,0.6408,False,446,494,494,642
132,87,0.6773,False,1608,394,1750,775
132,101,0.4766,False,569,517,617,650
132,4,0.47,False,1166,368,1311,791
132,118,0.6811,False,1740,412,1872,794
132,32,0.5937,False,1092,387,1220,790
132,139,0.4686,False,519,501,560,643
132,145,0.593,False,1385,453,1471,720
132,96,0.6804,False,1450,367,1603,823
132,7,0.569,False,969,359,1121,878
132,168,0.4488,False,1346,427,1403,653
133,1,0.8447,True,127,441,223,727
133,2,0.7818,True,238,437,333,730
133,5,0.6942,False,345,429,449,728
133,59,0.464,False,599,253,926,1040
133,77,0.6405,False,446,496,492,639
133,87,0.7011,True,1609,395,1750,775
133,101,0.4823,False,568,515,616,650
133,4,0.4688,False,1162,369,1305,793
133,118,0.6929,False,1736,412,1870,792
133,32,0.6088,False,1093,370,1223,791
133,139,0.4693,False,520,501,562,643
133,145,0.623,False,1386,461,1469,722
133,96,0.6852,False,1446,370,1600,822
133,7,0.5635,False,970,356,1126,878
133,168,0.4623,False,1344,429,1406,671
133,171,0.604,False,489,514,526,640
133,173,0.6819,False,1879,463,1918,778
134,1,0.8438,True,128,442,223,726
134,2,0.8003,True,240,437,335,729
134,5,0.6874,False,346,432,449,727
134,59,0.4638,False,593,249,917,1038
134,77,0.6308,False,447,496,494,640
134,87,0.6851,False,1610,395,1750,774
134,101,0.4745,False,565,511,614,647
134,4,0.4639,False,1156,370,1300,793
134,118,0.6838,False,1734,411,1868,790
134,139,0.4742,False,522,501,564,644
134,145,0.6232,False,1384,462,1466,723
134,96,0.6815,False,1444,372,1598,822
134,7,0.5684,False,980,357,1138,878
134,168,0.4586,False,1345,430,1409,680
134,171,0.6306,False,489,514,527,640
134,173,0.6854,False,1879,462,1918,778
134,174,0.4555,False,852,310,977,734
135,1,0.8347,True,123,442,220,727
135,2,0.7748,True,242,441,337,728
135,5,0.6875,False,345,437,447,727
135,59,0.5063,False,574,247,891,1020
135,77,0.6068,False,448,501,494,640
135,87,0.67,False,1611,398,1749,773
135,4,0.4552,False,1154,373,1296,793
135,118,0.6553,False,1730,406,1865,787
135,139,0.4665,False,523,501,566,643
135,145,0.582,False,1381,448,1463,722
135,96,0.6724,False,1441,374,1595,821
135,7,0.5697,False,998,353,1163,880
135,168,0.4585,False,1346,431,1410,679
135,171,0.5688,False,490,516,527,638
135,173,0.6148,False,1877,468,1917,791
135,174,0.5015,False,853,306,983,746
136,1,0.8379,True,122,444,218,727
136,2,0.7671,True,242,443,337,727
136,5,0.6815,False,344,439,446,727
136,59,0.5402,False,563,243,874,1000
136,77,0.6016,False,449,503,494,640
136,87,0.6868,False,1615,404,1750,772
136,4,0.4328,False,1150,375,1293,795
136,118,0.6646,False,1728,410,1864,785
136,139,0.4814,False,525,500,571,649
136,145,0.5647,False,1381,440,1462,719
136,96,0.6662,False,1436,378,1589,820
136,7,0.5768,False,1015,328,1191,884
136,168,0.4353,False,1349,429,1410,664
136,171,0.5785,False,490,518,525,635
136,173,0.653,False,1875,469,1918,807
136,174,0.5145,False,854,305,987,752
137,1,0.8559,True,121,445,218,726
137,2,0.7775,True,242,444,338,727
137,5,0.6851,False,343,441,445,728
137,59,0.5121,False,552,244,860,994
137,77,0.5968,False,450,504,496,641
137,87,0.683,False,1620,407,1752,771
137,4,0.4427,False,1149,375,1291,792
137,118,0.6656,False,1724,415,1859,786
137,139,0.4144,False,523,502,567,644
137,96,0.6689,False,1435,379,1587,818
137,7,0.5403,False,1022,321,1203,886
137,168,0.4504,False,1349,429,1408,655
137,171,0.5938,False,490,519,525,633
137,173,0.6354,False,1868,468,1913,821
137,174,0.5552,False,837,307,1007,879
138,1,0.8714,True,122,446,218,726
138,2,0.7821,True,242,446,338,726
138,5,0.6867,False,343,443,444,728
138,59,0.5233,False,537,242,850,993
138,77,0.6161,False,449,505,495,641
138,87,0.6773,False,1626,410,1758,771
138,4,0.4722,False,1150,377,1290,790
138,118,0.6435,False,1722,414,1857,783
138,96,0.6606,False,1435,379,1585,814
138,7,0.5552,False,1029,342,1208,887
138,168,0.4517,False,1348,429,1408,652
138,171,0.6039,False,491,516,528,634
138,173,0.6449,False,1863,458,1911,832
138,174,0.5544,False,833,304,1014,914
139,1,0.8594,True,121,447,218,725
139,2,0.7872,True,240,448,335,725
139,5,0.6849,False,343,445,444,727
139,59,0.4934,False,528,245,843,992
139,77,0.5895,False,446,504,492,641
139,87,0.6806,False,1630,412,1762,769
139,4,0.4616,False,1152,376,1289,786
139,118,0.6528,False,1719,417,1854,783
139,96,0.6475,False,1432,377,1581,809
139,7,0.5553,False,1029,347,1212,890
139,168,0.4451,False,1348,429,1408,651
139,171,0.611,False,487,514,526,636
139,173,0.6553,False,1857,444,1909,836
139,174,0.5664,False,833,302,1021,931
140,1,0.8352,True,120,445,218,725
140,2,0.7914,True,239,450,333,725
140,5,0.6765,False,343,446,443,727
140,59,0.492,False,519,247,837,993
140,77,0.6382,False,449,506,495,642
140,87,0.6873,False,1638,418,1768,770
140,4,0.4927,False,1153,370,1287,781
140,118,0.6601,False,1717,419,1852,785
140,96,0.6331,False,1431,379,1577,803
140,7,0.5393,False,1032,349,1217,891
140,168,0.4388,False,1347,429,1406,650
140,171,0.5776,False,481,512,520,638
140,173,0.6561,False,1853,432,1908,833
140,174,0.5703,False,835,302,1025,940
141,1,0.8394,True,121,445,218,725
141,2,0.7757,True,238,453,332,726
141,5,0.6834,False,343,446,443,726
141,59,0.4942,False,513,248,834,993
141,77,0.6004,False,447,506,494,640
141,87,0.6996,False,1646,426,1773,768
141,4,0.4934,False,1157,368,1288,777
141,118,0.6515,False,1717,423,1850,784
141,96,0.6331,False,1429,379,1575,802
141,7,0.5307,False,1036,352,1223,892
141,168,0.4402,False,1347,429,1407,649
141,171,0.6168,False,474,509,514,638
141,173,0.647,False,1848,421,1906,832
141,174,0.5733,False,839,304,1032,949
142,1,0.8549,True,121,445,219,725
142,2,0.7786,True,237,455,332,726
142,5,0.6891,False,342,448,442,726
142,59,0.4851,False,505,250,828,997
142,77,0.6144,False,447,505,495,641
142,87,0.6935,False,1648,423,1773,762
142,4,0.4819,False,1168,372,1295,777
142,118,0.6608,False,1715,424,1847,782
142,96,0.6478,False,1430,379,1575,797
142,7,0.5403,False,1038,351,1229,893
142,168,0.4402,False,1347,429,1407,649
142,171,0.6461,False,471,507,511,638
142,173,0.62,False,1844,407,1906,832
142,174,0.5841,False,844,302,1039,950
143,1,0.8673,True,123,449,219,724
143,2,0.7947,True,236,455,331,726
143,5,0.6822,False,342,448,442,725
143,59,0.4648,False,498,252,822,996
143,77,0.5934,False,445,505,493,640
143,87,0.6908,False,1652,421,1777,759
143,4,0.4987,False,1177,372,1299,777
143,118,0.6591,False,1707,422,1838,778
143,96,0.64,False,1430,378,1576,799
143,7,0.5454,False,1048,349,1246,895
143,168,0.4378,False,1346,428,1407,649
143,171,0.5988,False,464,507,504,639
143,173,0.6302,False,1839,397,1905,833
143,174,0.592,False,849,299,1044,946
144,1,0.8583,True,124,450,219,722
144,2,0.785,True,236,455,331,727
144,5,0.6915,False,341,447,441,723
144,59,0.4529,False,495,256,819,995
144,77,0.5935,False,444,504,493,641
144,87,0.6949,False,1652,423,1775,759
144,4,0.4777,False,1186,371,1304,774
144,118,0.6762,False,1702,421,1835,781
144,96,0.6367,False,1424,376,1571,800
144,7,0.5469,False,1055,348,1256,897
144,168,0.4363,False,1345,428,1407,650
144,171,0.5709,False,466,505,506,639
144,173,0.5989,False,1834,402,1903,837
144,174,0.5969,False,855,295,1051,947
145,1,0.8736,True,125,452,219,723
145,2,0.8002,True,235,456,330,726
145,5,0.676,False,341,446,441,722
145,59,0.4467,False,493,260,816,994
145,77,0.5886,False,443,503,492,641
145,87,0.6946,False,1656,427,1776,754
145,4,0.471,False,1196,381,1308,770
145,118,0.6991,False,1699,421,1831,778
145,96,0.6455,False,1421,374,1568,801
145,7,0.5857,False,1064,345,1265,897
145,168,0.4331,False,1344,429,1405,651
145,171,0.5712,False,460,505,501,640
145,173,0.6093,False,1828,400,1901,837
145,174,0.5806,False,860,292,1057,951
146,1,0.8789,True,126,452,220,724
146,2,0.8122,True,234,455,329,726
146,5,0.6688,False,341,444,441,721
146,59,0.4469,False,490,265,811,992
146,77,0.56,False,444,501,493,641
146,87,0.6945,False,1661,420,1787,766
146,4,0.5057,False,1210,408,1311,767
146,118,0.7035,True,1698,419,1832,781
146,96,0.6348,False,1419,374,1565,799
146,7,0.5658,False,1072,341,1273,897
146,168,0.4334,False,1344,429,1405,651
146,171,0.5564,False,464,506,503,639
146,173,0.5501,False,1820,399,1897,838
146,174,0.564,False,866,289,1064,952
147,1,0.8906,True,125,453,219,724
147,2,0.7823,True,234,454,328,724
147,5,0.6846,False,342,441,441,719
147,59,0.454,False,488,272,806,989
147,77,0.583,False,443,499,493,640
147,87,0.6833,False,1670,415,1798,774
147,4,0.554,False,1219,415,1316,764
147,118,0.7065,True,1697,417,1830,780
147,96,0.6425,False,1418,375,1563,798
147,7,0.5643,False,1087,338,1288,896
147,168,0.4343,False,1343,429,1404,651
147,171,0.5713,False,458,503,500,641
147,173,0.5737,False,1815,400,1896,834
147,174,0.5649,False,874,285,1074,951
148,1,0.8816,True,125,452,219,724
148,2,0.7985,True,234,452,327,722
148,5,0.6794,False,341,439,441,718
148,59,0.4546,False,488,276,804,987
148,77,0.6011,False,445,498,495,640
148,87,0.6803,False,1674,414,1800,776
148,4,0.5203,False,1225,394,1326,765
148,118,0.7075,True,1698,416,1830,780
148,96,0.6433,False,1417,376,1560,798
148,7,0.5675,False,1107,335,1308,897
148,168,0.4355,False,1343,430,1403,651
148,171,0.5993,False,460,500,503,641
148,173,0.6153,False,1808,398,1895,833
148,174,0.5751,False,881,280,1080,950
148,186,0.4675,False,789,450,883,739
149,1,0.8832,True,126,453,219,721
149,2,0.7962,True,234,451,327,721
149,5,0.671,False,341,438,440,717
149,59,0.4593,False,486,277,800,984
149,77,0.6028,False,444,495,495,640
149,87,0.6947,False,1689,414,1814,778
149,4,0.4868,False,1229,366,1336,762
149,118,0.6713,False,1701,418,1837,802
149,96,0.6455,False,1417,378,1559,799
149,7,0.5666,False,1107,333,1312,900
149,168,0.4338,False,1343,429,1402,650
149,171,0.5982,False,457,502,500,642
149,173,0.6295,False,1796,399,1888,830
149,174,0.5876,False,888,278,1088,949
149,186,0.4644,False,785,449,883,750
150,1,0.8772,True,126,453,219,719
150,2,0.7963,True,235,451,327,720
150,5,0.6853,False,340,437,439,717
150,59,0.4679,False,486,277,798,980
150,77,0.6086,False,443,497,492,638
150,87,0.6789,False,1695,412,1816,769
150,4,0.52,False,1233,355,1342,761
150,118,0.6628,False,1705,421,1837,803
150,96,0.6453,False,1417,380,1558,799
150,7,0.5786,False,1117,334,1325,906
150,168,0.4364,False,1343,429,1402,650
150,173,0.6171,False,1781,403,1881,828
150,174,0.5962,False,893,275,1092,945
150,186,0.4496,False,782,447,882,756
151,1,0.8847,True,127,452,218,717
151,2,0.7864,True,238,452,328,716
151,5,0.6763,False,337,435,436,717
151,59,0.4621,False,486,278,794,972
151,87,0.6432,False,1695,414,1817,780
151,118,0.6561,False,1712,423,1841,813
151,96,0.636,False,1417,382,1558,799
151,7,0.5756,False,1123,334,1334,914
151,168,0.4347,False,1343,429,1401,649
151,173,0.6416,False,1769,410,1877,828
151,174,0.5845,False,901,274,1100,945
151,186,0.4654,False,783,445,882,752
151,191,0.5391,False,1612,440,1700,692
151,171,0.6024,False,450,503,494,640
152,1,0.877,True,127,450,219,717
152,2,0.7674,True,238,452,327,715
152,5,0.6847,False,335,437,434,717
152,59,0.4818,False,490,278,791,957
152,87,0.6335,False,1692,423,1809,786
152,118,0.6325,False,1731,420,1872,821
152,96,0.6357,False,1418,383,1559,798
152,7,0.5829,False,1134,334,1341,912
152,168,0.4396,False,1343,431,1400,647
152,174,0.6159,False,911,271,1113,947
152,186,0.4702,False,781,446,881,758
152,191,0.5282,False,1615,441,1701,687
152,171,0.595,False,448,507,491,640
153,1,0.8783,True,127,449,220,717
153,2,0.7707,True,238,453,326,715
153,5,0.6777,False,333,439,432,717
153,59,0.4964,False,494,278,787,942
153,87,0.5975,False,1701,423,1823,801
153,118,0.6368,False,1735,421,1882,825
153,96,0.6367,False,1418,383,1558,797
153,7,0.5809,False,1139,336,1344,911
153,168,0.4456,False,1343,430,1402,648
153,174,0.63,False,924,267,1130,949
153,186,0.4867,False,778,443,879,761
153,191,0.5488,False,1616,440,1702,689
153,171,0.5722,False,448,510,491,640
153,154,0.6288,False,1095,392,1187,771
154,1,0.8723,True,128,449,221,717
154,2,0.7736,True,238,453,326,715
154,5,0.6698,False,331,441,430,716
154,59,0.4983,False,499,278,787,930
154,87,0.609,False,1702,427,1824,807
154,118,0.6286,False,1735,424,1887,827
154,96,0.6428,False,1417,382,1558,796
154,7,0.5734,False,1145,337,1350,912
154,168,0.4401,False,1343,430,1403,649
154,174,0.6149,False,940,267,1151,950
154,186,0.4822,False,776,440,879,764
154,191,0.5581,False,1617,439,1704,690
154,154,0.6543,False,1092,392,1184,770
155,1,0.8714,True,128,448,221,717
155,2,0.7616,True,240,454,327,715
155,5,0.6587,False,331,441,429,716
155,59,0.5008,False,501,281,785,928
155,87,0.5924,False,1706,423,1830,813
155,118,0.618,False,1732,422,1890,826
155,96,0.641,False,1418,382,1558,795
155,7,0.5849,False,1152,338,1357,919
155,168,0.4442,False,1343,430,1403,650
155,174,0.5959,False,951,271,1167,950
155,186,0.4857,False,776,443,878,765
155,191,0.5567,False,1618,439,1705,690
155,154,0.6694,False,1089,388,1183,778
156,1,0.8659,True,129,449,222,716
156,2,0.7908,True,241,456,329,717
156,5,0.6577,False,332,442,429,715
156,59,0.5023,False,502,283,783,928
156,118,0.5959,False,1723,425,1879,822
156,96,0.648,False,1418,382,1557,792
156,7,0.5827,False,1155,339,1361,923
156,168,0.4494,False,1345,426,1407,651
156,174,0.6064,False,957,273,1179,956
156,186,0.4724,False,779,436,882,767
156,191,0.5122,False,1611,441,1698,692
156,154,0.6624,False,1092,385,1189,777
157,1,0.8705,True,130,452,221,714
157,2,0.7915,True,243,460,328,716
157,5,0.6366,False,330,443,426,716
157,59,0.4947,False,505,284,783,929
157,118,0.589,False,1718,424,1875,817
157,96,0.6421,False,1418,382,1556,789
157,7,0.5743,False,1158,339,1364,927
157,168,0.4521,False,1342,428,1405,653
157,174,0.6029,False,958,273,1185,962
157,186,0.4668,False,783,432,886,768
157,191,0.4676,False,1602,442,1690,691
157,206,0.4628,False,744,388,816,763
157,171,0.6149,False,444,509,487,640
158,1,0.8723,True,131,454,221,713
158,2,0.8063,True,244,461,329,714
158,5,0.6465,False,330,446,424,717
158,59,0.4935,False,509,288,783,928
158,118,0.6141,False,1714,422,1872,811
158,96,0.6304,False,1418,382,1555,788
158,7,0.5783,False,1163,336,1369,930
158,168,0.4991,False,1340,428,1408,672
158,174,0.5971,False,958,271,1190,967
158,186,0.4618,False,787,431,889,768
158,191,0.4754,False,1600,442,1688,691
158,206,0.4756,False,742,389,817,775
158,208,0.5822,False,480,514,521,636
158,210,0.6413,False,1883,464,1917,772
158,171,0.5969,False,443,508,486,640
158,154,0.5598,False,1102,388,1195,766
159,1,0.8667,True,133,457,221,711
159,2,0.814,True,244,462,329,715
159,5,0.6343,False,328,447,421,716
159,59,0.5071,False,513,291,783,930
159,118,0.6231,False,1706,424,1866,809
159,96,0.6324,False,1417,382,1553,788
159,7,0.5622,False,1173,333,1379,929
159,174,0.5934,False,961,271,1196,974
159,186,0.4486,False,790,432,891,768
159,191,0.5323,False,1600,443,1688,691
159,206,0.4725,False,739,389,817,783
159,208,0.5855,False,480,515,521,634
159,210,0.6417,False,1884,468,1917,774
159,171,0.5833,False,443,507,487,641
159,211,0.5189,False,898,449,984,754
159,154,0.5388,False,1109,386,1201,767
160,1,0.8441,True,134,459,222,711
160,2,0.7943,True,242,464,327,715
160,5,0.6719,False,326,446,418,715
160,59,0.496,False,519,298,782,928
160,118,0.6268,False,1702,421,1866,808
160,96,0.616,False,1416,383,1552,787
160,7,0.576,False,1193,329,1399,929
160,174,0.5969,False,972,269,1208,978
160,186,0.4604,False,789,424,892,770
160,191,0.5417,False,1600,441,1690,693
160,206,0.5162,False,737,388,817,789
160,208,0.5867,False,479,513,521,636
160,210,0.6711,False,1878,462,1913,779
160,171,0.6077,False,443,507,487,642
160,211,0.5387,False,902,453,988,758
160,154,0.5035,False,1116,386,1202,740
161,1,0.836,True,134,460,222,712
161,2,0.797,True,241,464,327,715
161,5,0.6824,False,324,444,416,714
161,59,0.492,False,522,304,779,929
161,118,0.6253,False,1699,420,1865,807
161,96,0.6146,False,1416,383,1551,786
161,7,0.5608,False,1209,323,1414,930
161,174,0.5968,False,977,265,1213,982
161,186,0.4696,False,793,426,895,771
161,191,0.5429,False,1602,441,1692,693
161,206,0.517,False,733,386,814,790
161,208,0.5802,False,480,513,521,636
161,210,0.6687,False,1871,459,1908,781
161,171,0.6126,False,443,507,488,641
161,211,0.5526,False,904,453,992,761
161,154,0.5361,False,1126,394,1203,712
162,1,0.8325,True,133,460,222,713
162,2,0.7923,True,241,463,327,713
162,5,0.6813,False,322,444,414,713
162,59,0.498,False,526,323,773,930
162,118,0.6189,False,1712,421,1875,803
162,96,0.606,False,1415,382,1550,786
162,7,0.5613,False,1221,319,1423,931
162,174,0.5832,False,980,260,1216,982
162,186,0.4668,False,794,425,896,771
162,191,0.5568,False,1603,441,1692,691
162,206,0.5039,False,729,384,813,795
162,208,0.5777,False,480,513,521,635
162,210,0.6472,False,1867,450,1906,782
162,171,0.6359,False,444,507,489,638
162,211,0.5323,False,907,457,995,765
162,154,0.5465,False,1137,398,1203,675
162,214,0.5207,False,1563,465,1613,557
162,215,0.6469,False,1880,466,1919,782
162,173,0.6339,False,1701,416,1807,806
163,1,0.8074,True,132,459,220,713
163,2,0.7841,True,239,461,327,712
163,5,0.6769,False,321,444,412,713
163,59,0.4941,False,524,320,771,931
163,118,0.6312,False,1744,420,1893,778
163,96,0.6166,False,1413,383,1548,786
163,7,0.571,False,1221,316,1423,931
163,174,0.6031,False,983,255,1218,983
163,186,0.465,False,796,427,896,772
163,191,0.5378,False,1606,441,1694,690
163,206,0.4879,False,725,383,813,804
163,208,0.5784,False,482,513,523,635
163,210,0.6545,False,1866,444,1907,783
163,171,0.6318,False,445,508,489,636
163,211,0.5412,False,909,457,999,767
163,214,0.4722,False,1569,466,1618,556
163,215,0.665,False,1878,461,1918,783
163,173,0.6409,False,1698,415,1809,803
164,1,0.8415,True,132,458,220,712
164,2,0.7811,True,239,461,328,712
164,5,0.6804,False,320,443,412,712
164,59,0.482,False,523,324,765,925
164,118,0.6419,False,1761,420,1902,770
164,96,0.6146,False,1412,383,1546,786
164,7,0.5485,False,1225,314,1427,930
164,174,0.6007,False,990,253,1223,985
164,186,0.4449,False,797,427,896,773
164,191,0.5153,False,1608,442,1695,692
164,206,0.4911,False,723,382,814,807
164,208,0.5691,False,485,511,526,637
164,210,0.6452,False,1865,434,1909,785
164,171,0.6101,False,443,505,488,636
164,211,0.5253,False,908,456,999,769
164,214,0.4497,False,1575,466,1623,555
164,215,0.661,False,1880,460,1919,782
164,173,0.6313,False,1691,417,1805,803
165,1,0.8121,True,131,458,219,711
165,2,0.7924,True,243,461,331,712
165,5,0.6772,False,320,442,412,712
165,59,0.4699,False,519,324,759,922
165,118,0.6383,False,1770,420,1905,764
165,96,0.6122,False,1411,386,1545,787
165,7,0.5665,False,1244,310,1445,932
165,174,0.6022,False,998,252,1227,984
165,186,0.4586,False,796,433,893,774
165,191,0.5467,False,1611,441,1696,691
165,206,0.5074,False,718,380,812,808
165,208,0.5798,False,486,513,527,636
165,210,0.6758,False,1867,442,1911,785
165,171,0.6291,False,442,504,487,636
165,211,0.5371,False,906,455,999,772
165,214,0.4536,False,1579,466,1629,559
165,215,0.6807,False,1880,457,1920,781
165,173,0.625,False,1689,424,1804,804
166,1,0.8302,True,131,457,219,711
166,2,0.7998,True,245,461,333,712
166,5,0.6711,False,321,441,412,713
166,59,0.4777,False,514,323,752,918
166,118,0.6226,False,1776,420,1907,760
166,96,0.5949,False,1416,386,1548,785
166,7,0.5676,False,1245,309,1450,938
166,174,0.6096,False,1006,252,1230,983
166,186,0.4865,False,795,438,889,775
166,191,0.5631,False,1614,440,1698,692
166,206,0.4958,False,716,380,812,811
166,210,0.6706,False,1868,439,1913,784
166,171,0.6352,False,440,503,486,636
166,211,0.5461,False,906,453,1001,773
166,215,0.6743,False,1881,455,1920,780
166,173,0.6182,False,1684,428,1800,803
167,1,0.8295,True,131,457,219,709
167,2,0.8056,True,246,462,334,712
167,5,0.6664,False,321,441,412,713
167,59,0.4943,False,510,325,745,913
167,118,0.6291,False,1780,422,1908,761
167,96,0.5935,False,1422,391,1550,787
167,7,0.5798,False,1262,306,1474,944
167,174,0.5922,False,1018,252,1239,983
167,186,0.4994,False,796,438,890,775
167,191,0.5328,False,1617,442,1699,690
167,206,0.524,False,714,378,813,816
167,210,0.6531,False,1864,426,1911,784
167,171,0.6187,False,439,503,484,636
167,211,0.5366,False,906,452,1004,773
167,215,0.6787,False,1881,453,1920,778
167,173,0.6132,False,1678,432,1794,803
167,214,0.4387,False,1589,464,1641,561
168,1,0.8322,True,131,456,220,708
168,2,0.8121,True,248,461,334,709
168,5,0.6714,False,321,441,412,712
168,59,0.4975,False,505,324,740,910
168,118,0.5921,False,1782,425,1908,762
168,96,0.6315,False,1431,405,1551,786
168,7,0.5711,False,1278,307,1498,947
168,174,0.5793,False,1027,248,1248,985
168,186,0.5162,False,798,439,892,775
168,191,0.5191,False,1628,449,1702,676
168,206,0.5482,False,716,399,814,815
168,210,0.678,False,1862,423,1911,783
168,171,0.6273,False,438,504,484,635
168,211,0.5656,False,910,451,1009,772
168,215,0.6745,False,1880,449,1920,776
168,173,0.6326,False,1681,433,1802,804
168,214,0.4046,False,1595,464,1647,562
169,1,0.8564,True,129,455,218,708
169,2,0.7903,True,248,461,332,705
169,5,0.6912,False,321,444,411,711
169,59,0.5051,False,502,323,736,903
169,118,0.603,False,1781,427,1906,766
169,96,0.6202,False,1434,414,1549,785
169,7,0.5715,False,1294,310,1520,948
169,174,0.5906,False,1037,247,1262,996
169,186,0.4927,False,799,430,894,775
169,191,0.5573,False,1641,454,1703,647
169,206,0.5357,False,724,385,826,813
169,210,0.6797,False,1860,421,1911,783
169,171,0.6096,False,437,504,482,634
169,211,0.5641,False,918,450,1018,771
169,215,0.6793,False,1879,448,1919,776
169,173,0.6187,False,1676,437,1800,804
169,214,0.4024,False,1599,465,1651,563
169,221,0.4091,False,403,508,447,634
170,1,0.8357,True,127,454,217,708
170,2,0.7809,True,246,461,330,703
170,5,0.6848,False,321,445,410,711
170,59,0.5,False,499,322,733,899
170,118,0.5885,False,1778,428,1901,765
170,96,0.611,False,1438,416,1548,782
170,7,0.5866,False,1304,313,1537,951
170,174,0.6001,False,1048,244,1277,1005
170,186,0.5075,False,806,432,898,768
170,206,0.533,False,729,378,832,812
170,210,0.7023,True,1860,427,1911,783
170,171,0.6383,False,438,503,483,635
170,211,0.5691,False,912,450,1015,773
170,215,0.6965,False,1879,452,1919,778
170,173,0.611,False,1672,439,1800,803
170,214,0.4132,False,1604,464,1657,564
170,221,0.4136,False,401,508,445,635
171,1,0.8508,True,126,454,217,708
171,2,0.7981,True,244,461,327,701
171,5,0.6834,False,321,445,410,711
171,59,0.4951,False,495,320,730,896
171,118,0.5684,False,1777,429,1899,764
171,7,0.5981,False,1309,310,1549,957
171,174,0.6192,False,1060,244,1292,1010
171,186,0.5105,False,813,431,900,752
171,206,0.537,False,733,372,839,812
171,210,0.6877,False,1863,436,1913,781
171,171,0.6309,False,440,506,484,635
171,211,0.5759,False,908,448,1013,774
171,215,0.6979,False,1879,453,1919,778
171,173,0.6117,False,1668,439,1799,802
171,221,0.4201,False,401,507,446,635
171,222,0.5473,False,1773,436,1855,757
172,1,0.8451,True,126,454,217,709
172,2,0.7983,True,238,463,323,703
172,5,0.6773,False,321,445,410,711
172,59,0.5012,False,490,318,727,895
172,118,0.566,False,1778,431,1898,762
172,7,0.5933,False,1309,308,1556,961
172,174,0.6174,False,1068,243,1304,1014
172,186,0.5069,False,815,432,902,753
172,206,0.5537,False,734,368,842,812
172,210,0.6995,False,1863,441,1914,782
172,171,0.6102,False,441,507,486,635
172,211,0.5708,False,906,446,1012,775
172,215,0.6969,False,1878,450,1919,779
172,173,0.6139,False,1665,437,1798,799
172,221,0.4257,False,401,507,446,636
172,222,0.5635,False,1778,435,1860,756
173,1,0.8653,True,126,454,217,708
173,2,0.7988,True,237,466,322,703
173,5,0.6834,False,321,448,409,712
173,59,0.4908,False,489,320,727,895
173,118,0.5756,False,1782,431,1900,761
173,7,0.5991,False,1308,307,1560,969
173,174,0.6125,False,1082,243,1320,1020
173,186,0.5248,False,816,432,905,765
173,206,0.5532,False,734,366,844,814
173,210,0.7029,True,1861,430,1914,781
173,171,0.6157,False,442,506,487,636
173,211,0.5778,False,904,444,1011,776
173,215,0.6904,False,1878,448,1918,778
173,173,0.6265,False,1665,434,1798,791
173,221,0.4262,False,401,507,446,637
173,222,0.5723,False,1783,435,1866,757
174,1,0.8685,True,124,455,215,708
174,2,0.7929,True,237,467,322,705
174,5,0.6877,False,320,450,408,712
174,59,0.4984,False,488,326,725,895
174,118,0.5525,False,1782,432,1901,764
174,7,0.5916,False,1308,306,1564,972
174,174,0.607,False,1093,243,1335,1027
174,186,0.4871,False,823,431,908,753
174,206,0.5662,False,735,365,846,817
174,210,0.7042,True,1861,421,1916,781
174,171,0.5691,False,441,505,487,637
174,211,0.5784,False,905,443,1013,777
174,215,0.6826,False,1877,445,1918,776
174,173,0.6287,False,1661,433,1796,791
174,221,0.4349,False,401,507,447,638
174,223,0.5064,False,1032,395,1105,750
175,1,0.8802,True,123,456,213,708
175,2,0.8013,True,239,467,324,707
175,5,0.7089,True,320,451,407,711
175,59,0.4982,False,490,349,721,896
175,118,0.5454,False,1783,432,1902,764
175,7,0.5564,False,1311,308,1567,971
175,174,0.6071,False,1100,239,1347,1038
175,186,0.5063,False,828,431,909,736
175,206,0.5552,False,743,364,857,819
175,210,0.7077,True,1860,419,1916,782
175,171,0.603,False,441,505,487,639
175,211,0.5708,False,906,444,1014,778
175,215,0.6819,False,1876,442,1918,776
175,173,0.5923,False,1653,431,1790,790
175,221,0.4385,False,401,508,447,639
175,223,0.529,False,1034,404,1106,751
176,1,0.8459,True,125,457,213,707
176,2,0.8012,True,240,467,325,707
176,5,0.6908,False,320,452,407,710
176,59,0.495,False,494,372,717,892
176,118,0.557,False,1785,433,1903,765
176,7,0.5675,False,1319,303,1576,974
176,174,0.6033,False,1107,237,1358,1046
176,186,0.4852,False,834,434,912,731
176,206,0.5903,False,749,365,866,821
176,210,0.7071,True,1859,423,1915,781
176,171,0.6071,False,441,505,486,639
176,211,0.5878,False,907,446,1016,780
176,215,0.6829,False,1875,438,1918,777
176,173,0.5924,False,1646,431,1784,788
176,221,0.4401,False,401,507,447,639
176,223,0.5504,False,1035,402,1108,754
176,222,0.5711,False,1780,435,1863,759
177,1,0.8521,True,127,459,214,704
177,2,0.7996,True,240,466,325,705
177,5,0.6962,False,320,451,407,709
177,59,0.4898,False,489,347,724,895
177,118,0.5705,False,1787,433,1903,759
177,7,0.5648,False,1333,301,1589,974
177,174,0.5976,False,1114,234,1368,1053
177,186,0.4761,False,838,431,915,725
177,206,0.5963,False,754,367,874,824
177,210,0.6811,False,1860,436,1915,781
177,171,0.6108,False,441,506,486,639
177,211,0.5916,False,910,445,1020,781
177,215,0.6832,False,1875,437,1918,778
177,173,0.6189,False,1640,428,1779,788
177,221,0.4328,False,401,507,447,638
177,223,0.5368,False,1036,402,1112,756
177,222,0.6058,False,1777,440,1857,758
178,1,0.8671,True,129,460,214,702
178,2,0.8001,True,240,466,324,704
178,5,0.6887,False,319,451,406,709
178,59,0.487,False,486,336,726,896
178,118,0.545,False,1793,433,1908,756
178,7,0.5812,False,1350,296,1606,973
178,174,0.5876,False,1120,230,1374,1057
178,186,0.4795,False,842,433,917,722
178,206,0.5923,False,758,369,879,824
178,210,0.6704,False,1860,438,1915,782
178,171,0.6203,False,441,506,486,638
178,211,0.5838,False,911,444,1024,782
178,215,0.6636,False,1875,436,1919,778
178,173,0.6211,False,1636,429,1775,786
178,221,0.4328,False,400,506,447,639
178,223,0.5342,False,1033,403,1111,755
178,222,0.5921,False,1775,444,1854,758
179,1,0.8499,True,129,461,214,706
179,2,0.8072,True,238,466,322,703
179,5,0.6986,False,318,451,406,709
179,59,0.4812,False,485,334,726,896
179,118,0.5534,False,1798,434,1913,757
179,7,0.5784,False,1374,292,1627,972
179,174,0.5827,False,1128,229,1380,1057
179,186,0.4619,False,847,432,921,725
179,206,0.5925,False,759,370,883,828
179,210,0.6875,False,1863,437,1918,782
179,171,0.6481,False,441,506,487,638
179,211,0.604,False,914,443,1028,783
179,215,0.6508,False,1879,434,1920,774
179,173,0.6476,False,1635,429,1776,788
179,221,0.4393,False,399,507,445,640
179,223,0.512,False,1030,408,1108,755
180,1,0.8388,True,130,462,214,709
180,2,0.7862,True,237,464,321,703
180,5,0.6764,False,318,451,404,706
180,59,0.4703,False,487,338,726,895
180,118,0.6348,False,1795,433,1913,765
180,7,0.574,False,1398,290,1646,973
180,174,0.5865,False,1138,219,1392,1058
180,186,0.4902,False,849,434,925,735
180,206,0.5821,False,763,370,889,828
180,210,0.6651,False,1860,431,1917,782
180,171,0.6539,False,442,506,487,637
180,211,0.6103,False,914,444,1029,786
180,215,0.6536,False,1878,437,1920,776
180,173,0.6603,False,1634,429,1776,789
180,221,0.4235,False,398,507,445,639
180,223,0.5223,False,1026,410,1106,754
181,1,0.8446,True,133,461,217,709
181,2,0.8045,True,236,463,320,704
181,5,0.6615,False,318,449,405,705
181,59,0.4575,False,490,345,726,893
181,118,0.6239,False,1796,432,1914,763
181,7,0.5693,False,1417,290,1661,976
181,174,0.5902,False,1147,212,1400,1058
181,186,0.5355,False,847,440,927,766
181,206,0.5739,False,765,370,891,831
181,210,0.6654,False,1859,435,1916,782
181,171,0.6527,False,443,506,488,636
181,211,0.5986,False,916,444,1031,787
181,215,0.6369,False,1880,439,1920,774
181,173,0.6704,False,1630,431,1771,788
181,221,0.4263,False,397,509,443,638
181,223,0.5418,False,1021,412,1102,751
181,4,0.5488,False,1377,392,1482,776
182,1,0.8539,True,134,461,218,709
182,2,0.8238,True,236,463,320,704
182,5,0.6578,False,318,448,405,704
182,59,0.4627,False,492,347,726,890
182,118,0.5894,False,1800,437,1916,764
182,7,0.5847,False,1409,288,1655,987
182,174,0.575,False,1155,212,1406,1058
182,206,0.5625,False,764,369,892,835
182,210,0.6766,False,1859,439,1916,781
182,171,0.6511,False,443,507,488,636
182,211,0.5859,False,917,443,1033,786
182,215,0.68,False,1882,443,1920,775
182,173,0.6668,False,1631,436,1770,787
182,221,0.4219,False,397,510,442,637
182,223,0.5567,False,1018,417,1098,747
182,4,0.5595,False,1382,378,1490,775
183,1,0.8423,True,135,462,220,708
183,2,0.8256,True,235,463,319,704
183,5,0.6754,False,317,446,406,704
183,59,0.4758,False,494,348,726,887
183,118,0.5906,False,1805,442,1919,765
183,7,0.5873,False,1432,287,1676,999
183,174,0.5747,False,1162,207,1413,1057
183,206,0.578,False,763,366,893,836
183,210,0.6917,False,1858,445,1915,781
183,171,0.6571,False,443,507,488,635
183,211,0.5753,False,920,445,1037,786
183,215,0.6581,False,1884,449,1920,775
183,173,0.644,False,1630,437,1768,786
183,221,0.4243,False,396,510,442,636
183,223,0.5571,False,1016,420,1097,745
183,4,0.569,False,1387,392,1492,772
184,1,0.8443,True,136,462,220,705
184,2,0.8172,True,234,463,319,704
184,5,0.6669,False,317,445,406,704
184,59,0.4801,False,494,347,725,883
184,118,0.5929,False,1808,446,1920,767
184,7,0.5848,False,1451,286,1694,1004
184,174,0.5736,False,1170,201,1422,1057
184,206,0.5648,False,762,362,891,834
184,210,0.7015,True,1859,447,1916,781
184,171,0.6607,False,443,507,488,635
184,211,0.5949,False,920,446,1037,786
184,215,0.6658,False,1884,453,1920,775
184,173,0.636,False,1633,436,1771,785
184,221,0.4366,False,396,510,442,637
184,223,0.5654,False,1014,421,1095,742
184,4,0.5329,False,1396,426,1495,773
184,233,0.4606,False,1104,462,1153,702
185,1,0.8516,True,135,463,218,704
185,2,0.8235,True,234,463,318,704
185,5,0.6715,False,318,447,406,703
185,59,0.4803,False,495,346,723,875
185,118,0.6045,False,1808,445,1920,764
185,7,0.576,False,1471,287,1713,1005
185,174,0.596,False,1179,197,1432,1055
185,206,0.5599,False,765,358,897,839
185,210,0.6989,False,1859,447,1917,782
185,171,0.6795,False,442,506,488,635
185,211,0.5994,False,921,443,1039,786
185,215,0.6615,False,1885,451,1920,776
185,173,0.6102,False,1636,438,1771,786
185,221,0.4266,False,396,510,442,636
185,223,0.566,False,1012,423,1094,743
185,4,0.6016,False,1399,410,1507,773
185,233,0.4611,False,1105,467,1153,702
186,1,0.8414,True,135,462,217,703
186,2,0.8242,True,234,464,317,702
186,5,0.6715,False,317,448,405,703
186,59,0.4867,False,496,346,720,866
186,118,0.6008,False,1809,442,1920,761
186,7,0.597,False,1483,288,1730,1010
186,174,0.5992,False,1189,195,1442,1057
186,206,0.5721,False,773,355,907,837
186,210,0.6987,False,1858,442,1918,783
186,171,0.6638,False,441,506,487,635
186,211,0.5682,False,921,439,1042,786
186,215,0.6598,False,1883,443,1920,778
186,173,0.5984,False,1639,438,1773,785
186,221,0.4192,False,395,510,442,637
186,223,0.5366,False,1012,424,1092,734
186,4,0.5795,False,1400,410,1510,773
186,233,0.458,False,1104,471,1152,703
187,1,0.8483,True,134,462,217,703
187,2,0.8406,True,234,464,317,703
187,5,0.6669,False,317,450,405,703
187,59,0.4935,False,498,346,720,860
187,118,0.6273,False,1811,438,1920,773
187,7,0.6039,False,1491,288,1743,1018
187,174,0.6022,False,1205,193,1464,1066
187,206,0.5712,False,779,355,913,840
187,210,0.691,False,1857,438,1917,783
187,171,0.6676,False,440,506,486,635
187,211,0.6018,False,921,434,1044,785
187,215,0.6421,False,1883,439,1920,776
187,173,0.5676,False,1642,436,1774,786
187,221,0.4253,False,396,509,443,637
187,223,0.5399,False,1012,429,1091,733
187,4,0.595,False,1397,409,1502,767
187,233,0.4477,False,1105,477,1152,703
188,1,0.85,True,135,461,218,703
188,2,0.8437,True,233,465,315,702
188,5,0.6682,False,317,452,404,703
188,59,0.4896,False,499,346,720,857
188,118,0.6449,False,1813,436,1920,776
188,7,0.6027,False,1493,286,1751,1026
188,174,0.6162,False,1225,190,1493,1070
188,206,0.5777,False,786,352,922,838
188,210,0.6872,False,1854,436,1916,782
188,171,0.6804,False,440,506,486,636
188,211,0.5965,False,920,433,1043,786
188,215,0.6417,False,1883,440,1920,773
188,173,0.5664,False,1646,432,1775,781
188,221,0.4252,False,396,508,444,638
188,223,0.55,False,1011,430,1088,726
188,4,0.6101,False,1400,409,1497,744
188,233,0.4852,False,1105,483,1150,702
188,235,0.5158,False,1731,444,1831,715
189,1,0.8411,True,135,461,219,704
189,2,0.8261,True,234,466,315,702
189,5,0.6739,False,318,456,405,704
189,59,0.4822,False,501,347,720,857
189,118,0.64,False,1815,435,1920,778
189,7,0.6007,False,1495,286,1758,1035
189,174,0.6108,False,1246,187,1525,1072
189,206,0.5818,False,791,347,927,838
189,210,0.6871,False,1855,435,1917,782
189,171,0.6923,False,439,505,486,636
189,211,0.608,False,919,432,1043,787
189,215,0.6386,False,1882,438,1920,773
189,173,0.5644,False,1654,415,1782,774
189,221,0.4312,False,396,508,443,637
189,223,0.5562,False,1006,431,1087,746
189,233,0.476,False,1105,486,1150,701
189,235,0.5213,False,1735,450,1833,717
190,1,0.8301,True,136,461,220,704
190,2,0.8323,True,234,468,314,702
190,5,0.6783,False,319,458,405,705
190,59,0.4687,False,503,349,721,857
190,118,0.6466,False,1820,436,1920,777
190,7,0.5953,False,1498,286,1763,1038
190,174,0.59,False,1264,184,1554,1075
190,206,0.5629,False,795,347,932,840
190,171,0.6463,False,440,505,486,636
190,211,0.5929,False,919,432,1044,788
190,215,0.653,False,1882,442,1919,773
190,173,0.5836,False,1670,429,1783,753
190,221,0.4299,False,395,508,443,638
190,223,0.5483,False,1001,432,1085,765
190,233,0.4715,False,1104,486,1150,700
190,235,0.5165,False,1741,448,1840,719
191,1,0.8288,True,136,462,220,702
191,2,0.8225,True,234,471,313,702
191,5,0.6779,False,319,459,405,705
191,59,0.4622,False,507,350,722,856
191,7,0.5805,False,1512,285,1778,1039
191,174,0.5815,False,1274,186,1574,1078
191,206,0.5703,False,800,346,937,838
191,171,0.649,False,440,506,486,636
191,211,0.5935,False,919,431,1045,789
191,215,0.6595,False,1882,445,1919,775
191,221,0.424,False,395,507,443,638
191,233,0.4694,False,1104,483,1150,700
191,235,0.4998,False,1747,447,1846,719
191,210,0.6745,False,1850,437,1913,779
192,1,0.8328,True,137,463,219,701
192,2,0.8217,True,233,472,312,703
192,5,0.6685,False,319,461,405,705
192,59,0.4628,False,510,351,722,855
192,7,0.5883,False,1529,279,1795,1040
192,174,0.5825,False,1271,187,1576,1076
192,206,0.554,False,803,346,941,843
192,171,0.6645,False,439,505,486,637
192,211,0.5811,False,923,430,1051,790
192,215,0.6544,False,1882,448,1918,775
192,221,0.4254,False,395,508,443,637
192,233,0.4616,False,1103,481,1151,700
192,235,0.5311,False,1750,438,1851,719
192,237,0.5327,False,488,524,523,640
192,210,0.6953,False,1854,442,1916,780
193,1,0.833,True,137,464,219,700
193,2,0.8121,True,233,474,312,703
193,5,0.6666,False,319,461,405,705
193,59,0.4748,False,513,353,723,856
193,7,0.5915,False,1541,275,1806,1040
193,174,0.5822,False,1262,189,1568,1077
193,206,0.5555,False,806,346,945,846
193,171,0.675,False,439,505,486,638
193,211,0.5776,False,922,430,1054,792
193,215,0.664,False,1881,445,1918,775
193,221,0.4415,False,396,509,443,637
193,233,0.4654,False,1104,481,1151,700
193,235,0.5415,False,1753,443,1851,717
193,237,0.5484,False,492,520,529,640
193,210,0.6863,False,1850,444,1914,780
193,239,0.6439,False,760,462,832,722
194,1,0.8216,True,137,465,219,699
194,2,0.8166,True,233,475,312,703
194,5,0.6737,False,319,463,405,706
194,59,0.4743,False,515,353,722,855
194,7,0.5937,False,1549,266,1817,1039
194,174,0.5693,False,1263,188,1566,1075
194,206,0.566,False,809,346,949,851
194,171,0.6734,False,439,505,486,638
194,211,0.5914,False,926,430,1059,793
194,215,0.6648,False,1882,443,1919,775
194,221,0.4498,False,396,509,443,637
194,233,0.4654,False,1104,481,1152,701
194,235,0.5039,False,1763,450,1857,718
194,237,0.5806,False,492,523,528,638
194,210,0.6727,False,1846,446,1911,781
194,239,0.6274,False,763,459,835,722
195,1,0.8139,True,137,465,219,698
195,2,0.811,True,232,473,312,703
195,5,0.6648,False,318,463,404,705
195,59,0.484,False,518,357,722,855
195,7,0.6011,False,1561,262,1833,1038
195,174,0.6009,False,1269,187,1570,1075
195,206,0.5702,False,812,345,951,850
195,171,0.6787,False,439,505,486,638
195,211,0.5762,False,929,432,1063,796
195,215,0.6879,False,1876,446,1915,778
195,221,0.4322,False,397,509,444,638
195,233,0.4525,False,1104,479,1152,701
195,237,0.5407,False,493,524,528,637
195,210,0.6532,False,1844,444,1911,780
195,239,0.605,False,760,458,833,724
196,1,0.8348,True,137,467,218,699
196,2,0.8078,True,232,472,312,702
196,5,0.6613,False,317,462,404,705
196,59,0.4715,False,517,359,718,854
196,7,0.5901,False,1568,259,1844,1037
196,174,0.6125,False,1286,175,1587,1076
196,206,0.5779,False,814,346,953,847
196,171,0.6536,False,439,505,486,637
196,211,0.5669,False,933,436,1065,797
196,215,0.6752,False,1878,450,1916,773
196,221,0.4457,False,397,509,444,638
196,233,0.4498,False,1103,476,1153,701
196,237,0.5417,False,495,531,528,638
196,210,0.7248,True,1853,444,1919,779
196,239,0.6336,False,756,458,830,723
197,1,0.8232,True,136,468,216,699
197,2,0.7789,True,232,471,312,700
197,5,0.6758,False,316,459,404,704
197,59,0.4682,False,516,360,714,852
197,7,0.5752,False,1579,259,1858,1040
197,174,0.6291,False,1289,174,1589,1074
197,206,0.5799,False,816,348,954,850
197,171,0.6168,False,440,505,486,637
197,211,0.5764,False,933,438,1065,797
197,215,0.6589,False,1879,448,1917,773
197,221,0.4281,False,397,509,443,637
197,233,0.4585,False,1100,475,1151,703
197,237,0.4841,False,493,532,526,638
197,239,0.6533,False,748,459,823,726
198,1,0.823,True,137,469,216,699
198,2,0.7568,True,231,470,311,699
198,5,0.6836,False,315,458,404,704
198,59,0.4523,False,515,362,710,851
198,7,0.5891,False,1596,258,1883,1053
198,174,0.6033,False,1311,166,1610,1077
198,206,0.5754,False,818,349,957,850
198,171,0.6372,False,440,505,486,636
198,211,0.5808,False,934,438,1066,797
198,215,0.6738,False,1880,451,1918,773
198,221,0.4533,False,397,509,443,638
198,233,0.4562,False,1098,474,1150,703
198,239,0.6099,False,742,454,820,728
199,1,0.8007,True,137,469,216,698
199,2,0.7506,True,230,469,311,698
199,5,0.687,False,315,457,404,702
199,59,0.4676,False,512,364,706,850
199,7,0.5902,False,1611,256,1903,1057
199,174,0.6038,False,1326,161,1624,1077
199,206,0.5444,False,820,349,961,858
199,171,0.6602,False,440,504,486,635
199,211,0.5873,False,940,435,1073,794
199,215,0.6892,False,1880,429,1920,776
199,221,0.4363,False,397,509,443,638
199,233,0.4552,False,1097,474,1150,704
199,239,0.6382,False,738,451,818,727
200,1,0.8415,True,137,468,216,697
200,2,0.7791,True,230,469,311,696
200,5,0.6716,False,316,456,404,700
200,59,0.4847,False,510,364,703,846
200,7,0.573,False,1619,255,1914,1061
200,174,0.5958,False,1340,157,1636,1077
200,206,0.5583,False,822,348,963,859
200,171,0.6668,False,441,505,486,633
200,211,0.5794,False,946,435,1080,795
200,221,0.4488,False,397,510,443,637
200,233,0.4651,False,1098,474,1152,704
200,239,0.6682,False,736,453,817,726
201,1,0.854,True,138,467,216,696
201,2,0.7772,True,230,469,311,695
201,5,0.6755,False,315,455,405,699
201,59,0.4828,False,504,365,697,845
201,7,0.5682,False,1628,257,1919,1048
201,174,0.6084,False,1356,155,1650,1076
201,206,0.562,False,823,347,966,864
201,171,0.6853,False,441,506,486,635
201,211,0.5737,False,954,433,1089,795
201,221,0.4272,False,398,510,443,635
201,233,0.4722,False,1099,474,1154,704
201,239,0.6953,False,733,456,814,725
201,242,0.4401,False,1300,461,1383,713
202,1,0.8436,True,137,467,215,694
202,2,0.7823,True,230,470,312,695
202,5,0.6633,False,315,454,405,700
202,59,0.4877,False,502,367,693,841
202,7,0.5602,False,1635,256,1920,1040
202,174,0.6041,False,1371,150,1664,1076
202,206,0.566,False,824,343,969,868
202,171,0.6887,False,441,506,486,635
202,211,0.5786,False,959,432,1094,794
202,221,0.433,False,398,512,442,636
202,233,0.4621,False,1099,479,1155,704
202,239,0.6804,False,731,459,813,723
202,242,0.4606,False,1296,458,1381,714
203,1,0.836,True,137,465,214,694
203,2,0.7821,True,230,470,312,693
203,5,0.6588,False,315,453,406,700
203,59,0.4867,False,501,367,690,834
203,7,0.5644,False,1641,255,1920,1038
203,174,0.5983,False,1391,147,1683,1074
203,206,0.5654,False,826,338,974,870
203,171,0.6943,False,441,506,487,635
203,211,0.6014,False,963,432,1098,796
203,221,0.4496,False,398,512,442,635
203,233,0.4462,False,1099,481,1154,704
203,239,0.6793,False,728,462,811,722
203,242,0.4516,False,1293,461,1377,714
204,1,0.8059,True,136,464,214,694
204,2,0.7934,True,231,471,311,690
204,5,0.6606,False,315,453,405,701
204,59,0.4814,False,500,367,689,830
204,7,0.5888,False,1647,252,1920,1037
204,174,0.6063,False,1413,137,1710,1076
204,206,0.5619,False,826,330,977,873
204,171,0.7128,True,441,506,488,635
204,211,0.5936,False,967,429,1104,798
204,221,0.4354,False,398,512,442,634
204,233,0.464,False,1098,481,1154,703
204,239,0.6819,False,720,466,805,721
204,242,0.4675,False,1291,459,1375,713
205,1,0.7997,True,136,463,213,693
205,2,0.7882,True,231,472,312,687
205,5,0.658,False,314,454,403,698
205,59,0.4878,False,498,367,688,828
205,7,0.6006,False,1655,249,1920,1037
205,174,0.5922,False,1433,128,1734,1076
205,206,0.5762,False,826,327,980,875
205,171,0.6649,False,442,506,489,635
205,211,0.5894,False,971,426,1110,802
205,221,0.4529,False,398,511,441,634
205,233,0.4705,False,1098,481,1154,703
205,239,0.66,False,713,466,800,720
205,242,0.4592,False,1287,457,1372,713
206,1,0.7893,True,135,462,212,693
206,2,0.8091,True,230,472,311,687
206,5,0.6617,False,314,456,402,696
206,59,0.4791,False,495,367,686,827
206,7,0.5939,False,1664,243,1920,1037
206,174,0.6164,False,1452,127,1755,1076
206,206,0.5683,False,835,323,990,877
206,171,0.664,False,441,505,489,636
206,211,0.5995,False,974,425,1113,801
206,221,0.4589,False,397,510,441,634
206,233,0.4765,False,1099,481,1156,704
206,239,0.6484,False,707,465,796,717
206,242,0.4568,False,1284,455,1368,713
206,243,0.4403,False,809,477,863,708
207,1,0.7827,True,135,462,213,692
207,2,0.7834,True,228,470,310,689
207,5,0.6706,False,314,457,402,694
207,59,0.4781,False,493,367,686,826
207,7,0.5795,False,1678,237,1920,1032
207,174,0.6352,False,1462,128,1766,1077
207,206,0.5552,False,840,322,995,873
207,171,0.6549,False,441,504,489,636
207,211,0.5804,False,978,422,1117,800
207,221,0.4366,False,398,509,442,634
207,233,0.4893,False,1099,480,1156,704
207,239,0.6882,False,704,463,795,715
207,242,0.4819,False,1280,456,1364,713
207,243,0.4451,False,809,481,863,713
207,244,0.631,False,1393,440,1476,737
208,1,0.7964,True,136,463,213,691
208,2,0.7604,True,227,470,309,689
208,5,0.7066,True,313,459,399,693
208,59,0.4651,False,492,367,685,826
208,7,0.6288,False,1680,156,1920,1036
208,174,0.6313,False,1476,129,1781,1077
208,206,0.5427,False,843,321,997,875
208,171,0.6156,False,440,504,489,637
208,211,0.5668,False,985,423,1123,803
208,221,0.4311,False,398,508,442,634
208,233,0.5018,False,1099,475,1158,704
208,239,0.6782,False,703,461,795,713
208,242,0.4786,False,1276,456,1360,712
208,243,0.4659,False,811,486,865,715
208,244,0.6113,False,1398,440,1484,745
209,1,0.8117,True,137,464,213,690
209,2,0.7678,True,225,470,309,691
209,5,0.719,True,313,460,399,694
209,59,0.4623,False,491,365,685,824
209,7,0.5932,False,1689,79,1920,1040
209,174,0.6205,False,1480,119,1790,1076
209,206,0.5377,False,846,320,1000,875
209,171,0.6232,False,440,505,489,636
209,211,0.5946,False,990,424,1127,806
209,221,0.4317,False,399,509,442,634
209,233,0.5104,False,1100,475,1160,703
209,239,0.6695,False,701,459,794,713
209,242,0.4719,False,1273,456,1356,712
209,243,0.4924,False,809,482,865,714
209,244,0.6045,False,1403,437,1493,752
209,246,0.4528,False,1344,435,1396,658
210,1,0.8172,True,137,465,212,690
210,2,0.7721,True,224,470,308,693
210,5,0.6809,False,314,463,398,693
210,59,0.4559,False,489,365,683,822
210,7,0.6057,False,1680,26,1920,1049
210,174,0.6144,False,1503,120,1811,1072
210,206,0.5361,False,851,320,1004,876
210,171,0.6099,False,440,506,488,636
210,211,0.5931,False,994,426,1129,808
210,221,0.4225,False,400,509,442,634
210,233,0.5009,False,1102,475,1162,704
210,239,0.6715,False,697,458,792,714
210,242,0.4706,False,1271,456,1353,711
210,243,0.4715,False,806,495,860,712
210,244,0.6152,False,1410,436,1501,751
210,246,0.4751,False,1346,435,1396,655
211,1,0.8408,True,136,467,211,690
211,2,0.7751,True,223,470,308,695
211,5,0.6626,False,313,469,395,692
211,59,0.4606,False,487,366,680,821
211,7,0.6037,False,1665,5,1920,1058
211,174,0.6333,False,1517,115,1822,1070
211,206,0.5348,False,855,319,1011,880
211,171,0.6036,False,441,507,489,636
211,211,0.5872,False,999,427,1132,810
211,221,0.4713,False,399,509,440,632
211,233,0.4958,False,1103,472,1164,703
211,239,0.6626,False,696,459,790,714
211,242,0.4713,False,1267,456,1349,711
211,243,0.521,False,808,502,861,715
211,244,0.6239,False,1412,434,1506,751
211,246,0.4553,False,1347,435,1398,654
212,1,0.8104,True,137,469,211,691
212,2,0.7783,True,223,470,308,695
212,5,0.6691,False,312,470,393,693
212,59,0.4377,False,486,371,679,822
212,7,0.5639,False,1643,0,1920,1060
212,174,0.6191,False,1515,120,1808,1056
212,206,0.5335,False,860,320,1018,882
212,171,0.6075,False,441,507,489,636
212,211,0.6047,False,1008,426,1142,814
212,221,0.5329,False,393,507,435,634
212,233,0.5118,False,1094,452,1160,702
212,239,0.6306,False,695,461,788,713
212,242,0.4777,False,1265,457,1347,712
212,243,0.5662,False,804,458,869,717
212,244,0.6153,False,1414,433,1511,750
212,246,0.4671,False,1347,435,1398,653
213,1,0.7995,True,137,471,211,691
213,2,0.7954,True,223,470,307,694
213,5,0.6842,False,312,470,393,692
213,59,0.4356,False,486,375,678,822
213,7,0.5307,False,1606,0,1920,1065
213,206,0.535,False,866,320,1026,884
213,171,0.6141,False,441,507,489,637
213,211,0.5964,False,1010,426,1144,815
213,221,0.4944,False,394,509,436,634
213,233,0.583,False,1061,440,1136,702
213,239,0.6576,False,692,463,784,712
213,242,0.4769,False,1262,457,1344,712
213,243,0.5456,False,797,445,866,716
213,244,0.6056,False,1414,436,1513,751
213,246,0.4783,False,1347,433,1400,654
214,1,0.7913,True,137,470,211,692
214,2,0.8057,True,222,471,305,694
214,5,0.6832,False,314,470,395,693
214,59,0.4395,False,486,377,677,823
214,7,0.4906,False,1581,0,1902,1064
214,206,0.5299,False,872,321,1035,890
214,171,0.5904,False,441,508,489,637
214,211,0.5932,False,1019,428,1154,818
214,221,0.4857,False,397,512,438,634
214,239,0.6258,False,691,467,780,708
214,242,0.4626,False,1257,457,1339,712
214,243,0.5681,False,793,438,866,716
214,244,0.6171,False,1414,438,1514,750
214,246,0.4612,False,1347,433,1399,650
215,1,0.8032,True,137,470,211,693
215,2,0.8014,True,221,472,302,692
215,5,0.6708,False,314,470,395,694
215,59,0.4411,False,485,379,676,823
215,7,0.4858,False,1566,0,1894,1065
215,206,0.5398,False,875,320,1041,896
215,171,0.6077,False,441,508,489,637
215,211,0.5897,False,1017,424,1153,819
215,221,0.4678,False,396,513,436,634
215,239,0.63,False,689,473,777,708
215,242,0.4574,False,1251,459,1334,711
215,243,0.5451,False,789,438,863,716
215,244,0.5997,False,1415,439,1518,749
215,246,0.465,False,1349,435,1401,650
216,1,0.8273,True,138,470,212,693
216,2,0.7864,True,220,471,301,692
216,5,0.6623,False,315,470,395,693
216,59,0.4445,False,484,380,675,824
216,7,0.4907,False,1548,0,1884,1065
216,206,0.559,False,876,319,1044,898
216,171,0.5924,False,441,509,489,637
216,211,0.5871,False,1019,421,1156,820
216,221,0.4683,False,395,512,436,634
216,239,0.6125,False,684,478,772,710
216,242,0.4569,False,1248,459,1331,711
216,243,0.5624,False,783,453,855,716
216,244,0.6069,False,1414,436,1520,749
216,246,0.4742,False,1349,434,1402,651
217,1,0.8143,True,139,470,213,693
217,2,0.8119,True,219,472,299,692
217,5,0.6811,False,316,471,395,691
217,59,0.4404,False,482,381,673,825
217,7,0.5042,False,1530,0,1876,1064
217,206,0.5531,False,876,318,1048,904
217,171,0.577,False,441,509,488,638
217,211,0.5855,False,1024,423,1162,822
217,221,0.4608,False,398,512,438,633
217,239,0.584,False,681,482,769,711
217,242,0.4647,False,1243,459,1329,713
217,243,0.5394,False,779,463,850,715
217,244,0.5853,False,1417,432,1523,746
217,246,0.4926,False,1348,434,1402,651
218,1,0.8271,True,140,472,213,692
218,2,0.8031,True,218,470,299,691
218,5,0.6947,False,317,471,396,689
218,59,0.4481,False,483,381,673,821
218,7,0.5176,False,1512,0,1869,1066
218,206,0.5516,False,878,318,1052,909
218,171,0.5745,False,442,509,489,638
218,211,0.5929,False,1029,422,1169,824
218,221,0.4308,False,399,513,439,631
218,239,0.6048,False,677,485,765,714
218,242,0.4582,False,1238,459,1327,715
218,243,0.5322,False,779,474,848,715
218,244,0.5847,False,1411,425,1520,747
218,246,0.4632,False,1348,435,1403,651
219,1,0.8293,True,141,473,214,691
219,2,0.8121,True,219,470,298,689
219,5,0.6699,False,317,470,396,687
219,59,0.4546,False,484,381,673,817
219,7,0.5126,False,1492,0,1863,1066
219,206,0.5442,False,881,318,1056,912
219,171,0.5729,False,443,508,489,638
219,211,0.598,False,1036,421,1178,823
219,221,0.454,False,399,511,439,632
219,239,0.5794,False,672,485,762,715
219,242,0.4515,False,1236,460,1324,713
219,243,0.548,False,773,467,846,714
219,246,0.4457,False,1349,448,1401,649
220,1,0.8193,True,142,473,215,690
220,2,0.8076,True,219,470,298,688
220,5,0.6517,False,318,470,397,686
220,59,0.4625,False,484,381,671,812
220,7,0.5057,False,1476,1,1859,1066
220,206,0.539,False,885,317,1060,913
220,171,0.5841,False,443,508,490,638
220,211,0.5747,False,1042,422,1186,822
220,221,0.4427,False,399,511,440,633
220,239,0.5725,False,670,483,761,713
220,242,0.4599,False,1234,461,1321,712
220,243,0.5601,False,768,457,845,714
220,246,0.4698,False,1350,453,1401,649
220,257,0.5711,False,852,423,913,715
221,1,0.8036,True,142,472,215,688
221,2,0.8017,True,220,471,298,686
221,5,0.6428,False,319,470,397,684
221,59,0.4667,False,484,381,669,808
221,7,0.4986,False,1457,1,1855,1066
221,206,0.5444,False,889,313,1066,913
221,171,0.5983,False,444,507,491,638
221,211,0.5862,False,1047,420,1194,821
221,221,0.4526,False,401,511,441,634
221,239,0.5728,False,668,483,759,713
221,242,0.4588,False,1232,460,1321,713
221,243,0.5678,False,765,452,845,714
221,246,0.5009,False,1347,443,1403,654
221,257,0.5759,False,853,418,916,722
222,1,0.8058,True,142,471,216,688
222,2,0.7963,True,221,472,298,685
222,5,0.6479,False,317,469,396,685
222,59,0.4722,False,483,381,667,807
222,7,0.4971,False,1438,0,1851,1066
222,206,0.5468,False,896,309,1073,914
222,171,0.6091,False,445,507,491,637
222,211,0.5881,False,1051,420,1199,820
222,221,0.418,False,403,513,443,633
222,239,0.568,False,664,482,756,712
222,242,0.4612,False,1228,460,1315,712
222,243,0.5703,False,763,443,845,712
222,246,0.4587,False,1345,439,1402,654
222,257,0.5506,False,856,424,920,726
223,1,0.7928,True,142,470,218,688
223,2,0.7933,True,222,472,299,686
223,5,0.6474,False,316,467,397,686
223,59,0.4706,False,483,380,666,805
223,7,0.4882,False,1416,1,1844,1066
223,206,0.5335,False,902,307,1080,913
223,171,0.6103,False,446,507,492,636
223,211,0.5842,False,1053,419,1200,819
223,221,0.4361,False,404,515,443,632
223,239,0.5666,False,663,482,754,711
223,242,0.469,False,1225,460,1311,711
223,243,0.57,False,760,439,843,711
223,257,0.554,False,855,427,919,726
224,1,0.778,True,143,471,218,688
224,2,0.8037,True,223,474,299,687
224,5,0.6437,False,316,468,397,686
224,59,0.4672,False,484,380,665,804
224,7,0.4697,False,1382,2,1827,1066
224,206,0.5349,False,907,303,1085,913
224,171,0.6129,False,447,508,492,634
224,211,0.5801,False,1052,417,1200,821
224,221,0.4124,False,406,519,443,631
224,239,0.5452,False,660,483,751,709
224,242,0.4748,False,1221,460,1307,711
224,243,0.5351,False,757,438,840,711
224,257,0.4398,False,854,427,920,725
224,260,0.562,False,1825,51,1899,713
224,174,0.5898,False,1715,46,1920,1065
225,1,0.7805,True,142,471,218,688
225,2,0.8171,True,223,474,300,688
225,5,0.6464,False,318,468,400,686
225,59,0.4609,False,485,381,665,804
225,7,0.4803,False,1345,3,1805,1067
225,206,0.5305,False,913,299,1092,913
225,171,0.5983,False,447,508,493,634
225,211,0.5949,False,1056,415,1205,823
225,221,0.4303,False,408,520,444,630
225,239,0.5087,False,656,482,746,708
225,242,0.4359,False,1220,459,1304,707
225,243,0.5715,False,752,437,834,711
225,257,0.4557,False,852,430,919,726
225,260,0.5578,False,1810,57,1893,785
226,1,0.785,True,144,471,220,689
226,2,0.8105,True,223,475,300,690
226,5,0.65,False,320,469,402,685
226,59,0.4541,False,487,383,665,803
226,7,0.4809,False,1306,4,1782,1067
226,206,0.53,False,920,296,1099,914
226,171,0.616,False,448,508,494,633
226,211,0.5983,False,1064,413,1215,827
226,221,0.4818,False,409,525,444,632
226,239,0.5453,False,652,482,741,707
226,242,0.4037,False,1222,460,1301,692
226,243,0.5948,False,753,473,824,710
226,257,0.442,False,848,433,914,723
226,260,0.6201,False,1817,66,1903,819
226,263,0.5517,False,97,534,133,636
227,1,0.7821,True,145,472,222,688
227,2,0.8236,True,224,475,301,691
227,5,0.6784,False,320,467,403,685
227,59,0.4689,False,487,383,663,803
227,7,0.5024,False,1263,5,1750,1066
227,206,0.5282,False,924,292,1104,915
227,171,0.6302,False,448,508,494,633
227,211,0.595,False,1073,416,1225,829
227,239,0.5639,False,647,480,736,707
227,243,0.5852,False,749,479,819,710
227,257,0.4802,False,843,436,912,726
227,260,0.6069,False,1829,169,1905,828
227,263,0.5854,False,95,533,132,637
227,264,0.6319,False,1716,448,1832,742
228,1,0.7671,True,145,473,220,686
228,2,0.8045,True,224,477,300,691
228,5,0.6804,False,319,467,403,685
228,59,0.457,False,488,386,662,803
228,7,0.5088,False,1216,5,1713,1067
228,206,0.5309,False,932,291,1112,919
228,171,0.6096,False,447,509,493,633
228,211,0.5848,False,1067,416,1214,825
228,239,0.577,False,643,481,731,705
228,243,0.6228,False,744,483,814,710
228,257,0.4852,False,839,434,910,726
228,260,0.5764,False,1832,237,1920,1018
228,263,0.6091,False,94,536,130,637
228,264,0.6246,False,1716,440,1836,743
228,210,0.6235,False,1832,252,1920,785
229,1,0.7629,True,144,473,220,684
229,2,0.7739,True,225,476,301,690
229,5,0.7209,True,318,467,403,684
229,59,0.4712,False,489,391,659,801
229,7,0.5012,False,1175,6,1679,1068
229,206,0.5222,False,937,292,1118,924
229,171,0.6442,False,447,510,493,634
229,211,0.5514,False,1070,418,1213,821
229,239,0.587,False,641,480,728,706
229,243,0.5776,False,735,491,802,708
229,257,0.5324,False,835,436,906,726
229,260,0.5594,False,1844,363,1920,1080
229,263,0.5365,False,93,532,131,638
229,264,0.6267,False,1717,443,1835,743
230,1,0.7693,True,146,474,221,683
230,2,0.7571,True,225,476,300,689
230,5,0.7059,True,318,469,403,685
230,59,0.4677,False,489,393,657,802
230,7,0.4968,False,1134,6,1642,1068
230,206,0.5249,False,943,292,1126,934
230,171,0.6266,False,447,509,492,635
230,211,0.5175,False,1072,419,1212,823
230,239,0.5847,False,639,480,727,708
230,243,0.6254,False,730,474,806,709
230,257,0.5285,False,829,438,902,727
230,260,0.5947,False,1851,398,1920,1080
230,263,0.5269,False,93,532,131,637
230,264,0.5968,False,1719,462,1831,743
231,1,0.7694,True,144,474,220,686
231,2,0.7595,True,224,475,300,690
231,5,0.6943,False,311,469,395,686
231,59,0.4676,False,489,396,655,802
231,7,0.5017,False,1100,5,1608,1069
231,206,0.5278,False,950,292,1131,934
231,171,0.6284,False,447,509,492,635
231,239,0.5673,False,637,482,725,707
231,243,0.5759,False,721,478,795,709
231,257,0.4725,False,826,438,900,727
231,263,0.5271,False,93,530,132,637
231,264,0.5827,False,1718,460,1831,742
231,271,0.5654,False,371,489,429,687
231,215,0.544,False,1859,381,1916,841
232,1,0.7981,True,143,475,219,686
232,2,0.7827,True,225,475,300,686
232,5,0.6976,False,306,468,391,687
232,59,0.4559,False,488,398,651,802
232,7,0.5068,False,1069,5,1577,1069
232,206,0.5397,False,954,292,1135,937
232,171,0.6418,False,447,510,492,635
232,239,0.5718,False,634,482,722,709
232,243,0.5242,False,715,485,787,706
232,257,0.4572,False,818,438,894,725
232,263,0.5126,False,91,528,131,637
232,264,0.5968,False,1718,454,1834,741
232,271,0.5278,False,373,489,432,687
232,276,0.4805,False,712,496,772,696
232,215,0.5767,False,1855,365,1916,843
233,1,0.7892,True,143,476,218,686
233,2,0.8118,True,225,475,300,687
233,5,0.7004,True,304,467,388,687
233,59,0.4803,False,485,398,646,798
233,7,0.4951,False,1053,5,1558,1069
233,206,0.533,False,963,292,1144,940
233,171,0.6264,False,444,509,491,636
233,239,0.5798,False,629,484,716,709
233,243,0.5699,False,714,472,791,707
233,257,0.3995,False,810,438,889,722
233,263,0.5159,False,89,528,129,637
233,264,0.6123,False,1718,443,1837,740
233,271,0.5127,False,376,491,435,687
233,276,0.5067,False,709,484,774,703
233,215,0.5488,False,1842,357,1910,844
233,277,0.4925,False,910,479,979,671
234,1,0.786,True,142,477,218,687
234,2,0.829,True,225,475,300,687
234,5,0.6829,False,304,467,388,688
234,59,0.4876,False,481,398,642,795
234,7,0.4954,False,1040,6,1542,1069
234,206,0.548,False,963,291,1144,940
234,171,0.6395,False,444,510,490,638
234,239,0.5726,False,629,485,714,706
234,243,0.5553,False,714,478,789,705
234,257,0.4318,False,803,439,885,723
234,263,0.5497,False,89,528,129,637
234,264,0.6326,False,1717,440,1837,739
234,271,0.5198,False,383,489,441,685
234,276,0.5028,False,707,484,772,703
234,215,0.5465,False,1820,347,1901,848
234,277,0.4961,False,909,468,989,694
234,284,0.5241,False,1626,443,1704,683
235,1,0.778,True,142,477,217,688
235,2,0.825,True,225,475,301,688
235,5,0.7161,True,303,466,387,687
235,59,0.5073,False,476,397,637,794
235,7,0.4754,False,1029,6,1528,1072
235,206,0.5347,False,962,291,1142,947
235,171,0.5754,False,441,511,486,637
235,239,0.5783,False,628,485,713,707
235,243,0.6014,False,709,467,788,705
235,257,0.4219,False,798,440,882,725
235,263,0.6397,False,90,529,129,637
235,264,0.6061,False,1711,436,1832,736
235,271,0.5171,False,386,495,443,686
235,276,0.5188,False,702,480,768,703
235,215,0.5653,False,1813,349,1900,845
235,277,0.4758,False,910,466,992,696
235,284,0.5372,False,1624,442,1703,683
235,244,0.5913,False,1463,435,1561,742
236,1,0.7671,True,141,476,217,689
236,2,0.8307,True,225,474,302,688
236,5,0.6917,False,303,467,385,687
236,59,0.498,False,471,397,632,792
236,7,0.4719,False,1016,6,1509,1071
236,206,0.5368,False,963,289,1143,951
236,239,0.5524,False,625,486,708,705
236,243,0.5886,False,704,460,787,706
236,257,0.421,False,794,442,881,725
236,263,0.6062,False,93,529,133,638
236,264,0.6278,False,1702,435,1824,735
236,271,0.5016,False,388,495,444,687
236,276,0.5282,False,699,478,765,703
236,215,0.5477,False,1804,352,1899,849
236,277,0.4671,False,910,468,992,696
236,284,0.5436,False,1622,441,1701,685
236,288,0.4844,False,1541,453,1629,565
236,244,0.5364,False,1463,438,1559,743
237,1,0.7487,True,143,475,218,686
237,2,0.8131,True,225,473,302,688
237,5,0.6694,False,303,469,383,686
237,59,0.5012,False,465,396,627,790
237,7,0.4771,False,1002,5,1490,1069
237,206,0.5048,False,964,354,1108,875
237,239,0.5692,False,621,486,704,705
237,243,0.601,False,704,463,788,708
237,257,0.4302,False,787,441,876,726
237,264,0.6195,False,1696,434,1817,734
237,271,0.4878,False,386,502,441,687
237,276,0.4999,False,696,495,758,706
237,215,0.5153,False,1801,354,1900,844
237,277,0.4864,False,907,464,989,692
237,284,0.5487,False,1622,440,1701,685
237,288,0.4872,False,1544,452,1634,566
237,244,0.5061,False,1452,436,1550,744
238,1,0.7445,True,144,474,218,684
238,2,0.8043,True,225,473,303,687
238,5,0.6833,False,302,470,382,684
238,59,0.5175,False,462,397,623,785
238,7,0.4787,False,993,5,1475,1069
238,206,0.4824,False,963,376,1095,852
238,239,0.5638,False,619,486,702,705
238,243,0.5795,False,702,459,786,708
238,257,0.4405,False,787,442,877,725
238,264,0.6122,False,1692,434,1811,731
238,271,0.5233,False,386,513,438,688
238,276,0.504,False,698,499,760,708
238,215,0.4855,False,1800,357,1902,841
238,277,0.4899,False,903,461,987,696
238,284,0.5509,False,1620,440,1700,686
238,288,0.4731,False,1548,451,1638,565
238,244,0.5044,False,1443,435,1545,745
238,292,0.7267,True,745,457,803,695
239,1,0.7589,True,144,473,218,684
239,2,0.7842,True,226,474,302,684
239,5,0.675,False,301,469,381,685
239,59,0.5113,False,457,397,619,782
239,7,0.4729,False,979,4,1456,1070
239,206,0.4942,False,962,374,1093,854
239,239,0.5549,False,616,484,699,704
239,243,0.5804,False,700,468,781,705
239,257,0.4279,False,781,439,874,725
239,264,0.5955,False,1688,439,1800,724
239,271,0.5174,False,385,502,440,689
239,215,0.5025,False,1798,359,1903,840
239,277,0.4789,False,902,463,985,696
239,284,0.5622,False,1620,440,1699,684
239,288,0.4995,False,1554,449,1644,564
239,244,0.4866,False,1437,434,1544,747
239,292,0.7044,True,741,455,799,694
240,1,0.7784,True,145,472,218,684
240,2,0.7837,True,226,476,302,684
240,5,0.6655,False,302,470,381,684
240,59,0.5046,False,454,398,617,782
240,7,0.4845,False,966,5,1439,1069
240,206,0.5327,False,987,414,1111,851
240,239,0.5398,False,614,482,697,702
240,243,0.5928,False,698,463,779,704
240,257,0.4569,False,778,438,872,724
240,264,0.5653,False,1679,438,1787,715
240,271,0.5415,False,386,492,444,689
240,215,0.5597,False,1797,359,1906,842
240,277,0.4765,False,899,466,982,699
240,284,0.5806,False,1625,448,1699,674
240,288,0.4881,False,1561,449,1651,563
240,244,0.4837,False,1434,434,1542,748
240,292,0.6381,False,725,452,786,702
241,1,0.7687,True,145,472,218,684
241,2,0.8019,True,226,477,301,683
241,5,0.6644,False,302,470,380,684
241,59,0.4862,False,450,398,615,781
241,7,0.4775,False,960,6,1426,1068
241,239,0.5329,False,610,475,695,702
241,243,0.5803,False,698,456,780,703
241,257,0.4765,False,774,436,869,720
241,264,0.5254,False,1670,437,1774,710
241,271,0.5238,False,387,487,446,689
241,215,0.5647,False,1789,359,1902,839
241,277,0.4858,False,897,470,980,699
241,284,0.5958,False,1630,449,1698,663
241,288,0.4939,False,1565,449,1655,563
241,244,0.4844,False,1432,434,1543,748
241,292,0.6116,False,722,452,783,701
242,1,0.7638,True,146,471,218,684
242,2,0.7825,True,226,478,302,682
242,5,0.6617,False,301,472,379,685
242,59,0.4774,False,447,398,612,780
242,7,0.4853,False,955,5,1416,1067
242,239,0.532,False,606,472,693,704
242,243,0.5552,False,697,451,780,701
242,257,0.4553,False,768,437,861,720
242,264,0.5407,False,1665,439,1767,709
242,271,0.5345,False,386,488,446,690
242,215,0.5611,False,1776,364,1895,840
242,277,0.491,False,896,472,977,700
242,284,0.5869,False,1629,450,1698,670
242,288,0.4814,False,1569,448,1659,563
242,244,0.4851,False,1430,433,1542,749
242,292,0.5883,False,721,451,782,703
243,1,0.7684,True,146,471,218,682
243,2,0.7826,True,227,478,303,683
243,5,0.6797,False,300,472,377,685
243,59,0.4716,False,442,397,609,780
243,7,0.4858,False,946,4,1400,1068
243,239,0.5518,False,604,469,690,704
243,243,0.5506,False,695,448,778,700
243,257,0.443,False,762,436,855,720
243,264,0.5334,False,1662,440,1762,709
243,271,0.5301,False,386,486,446,690
243,215,0.554,False,1761,364,1887,840
243,277,0.4925,False,894,475,974,699
243,284,0.612,False,1619,443,1694,689
243,288,0.5002,False,1572,447,1669,572
243,244,0.4816,False,1428,433,1543,749
243,292,0.5835,False,721,449,782,700
243,246,0.4985,False,1349,428,1408,647
244,1,0.7596,True,146,472,217,681
244,2,0.7993,True,227,478,304,685
244,5,0.6993,False,300,473,376,684
244,59,0.4665,False,438,397,606,781
244,7,0.4779,False,936,3,1383,1067
244,239,0.5605,False,600,470,686,703
244,243,0.5415,False,693,450,775,701
244,257,0.4296,False,759,436,849,717
244,264,0.5335,False,1660,442,1759,711
244,271,0.5281,False,386,486,445,689
244,215,0.5369,False,1747,365,1879,836
244,277,0.4733,False,895,475,975,699
244,284,0.6146,False,1598,444,1681,714
244,288,0.4992,False,1577,447,1672,571
244,244,0.4728,False,1428,432,1543,749
244,292,0.5985,False,716,448,778,702
244,297,0.537,False,820,476,892,694
244,246,0.4497,False,1350,436,1411,647
245,1,0.784,True,147,473,218,682
245,2,0.7883,True,228,479,305,684
245,5,0.6847,False,300,475,375,683
245,59,0.463,False,435,398,603,782
245,7,0.4769,False,925,4,1367,1069
245,239,0.5764,False,598,471,683,703
245,243,0.5157,False,689,455,768,701
245,257,0.4317,False,756,438,846,715
245,264,0.5448,False,1659,443,1757,712
245,271,0.5258,False,387,486,447,690
245,215,0.5493,False,1742,370,1878,834
245,277,0.4631,False,895,479,973,695
245,284,0.6636,False,1591,443,1677,718
245,288,0.4778,False,1578,447,1676,577
245,244,0.484,False,1428,432,1544,749
245,292,0.5795,False,711,450,773,704
245,297,0.4977,False,820,479,890,690
245,246,0.454,False,1349,442,1410,647
246,1,0.7707,True,148,475,218,682
246,2,0.7415,True,227,479,305,685
246,5,0.676,False,300,476,374,681
246,59,0.4683,False,432,400,601,783
246,7,0.4763,False,915,4,1352,1070
246,239,0.5648,False,597,475,681,703
246,243,0.5301,False,687,457,763,700
246,257,0.4064,False,754,435,843,715
246,264,0.5417,False,1653,441,1748,706
246,271,0.519,False,390,486,451,691
246,215,0.5506,False,1738,377,1878,834
246,277,0.4456,False,891,474,970,692
246,284,0.6376,False,1593,442,1680,723
246,244,0.4833,False,1428,432,1544,749
246,292,0.5655,False,706,456,768,705
246,297,0.4893,False,820,481,890,695
246,246,0.4254,False,1350,452,1410,646
247,1,0.7916,True,149,476,217,678
247,2,0.7359,True,226,479,304,684
247,5,0.6731,False,301,476,376,683
247,59,0.4748,False,431,401,600,784
247,7,0.4744,False,909,2,1344,1069
247,239,0.5536,False,596,479,679,705
247,243,0.5376,False,686,474,756,700
247,257,0.4184,False,751,435,840,716
247,264,0.562,False,1649,439,1745,710
247,271,0.5303,False,391,487,452,692
247,215,0.562,False,1730,370,1876,833
247,277,0.4484,False,888,474,966,691
247,284,0.6395,False,1605,442,1695,721
247,244,0.4891,False,1427,432,1544,749
247,297,0.4956,False,819,480,890,694
247,246,0.4161,False,1350,456,1410,645
248,1,0.7862,True,149,477,218,677
248,2,0.7649,True,227,479,303,682
248,5,0.6818,False,300,476,376,685
248,59,0.478,False,431,402,600,785
248,7,0.4688,False,899,2,1329,1070
248,239,0.5845,False,595,483,676,703
248,243,0.5453,False,684,484,750,699
248,257,0.4166,False,748,438,836,716
248,271,0.5135,False,393,489,453,692
248,215,0.5845,False,1728,378,1874,831
248,277,0.4567,False,883,474,961,693
248,284,0.5971,False,1614,442,1707,720
248,244,0.486,False,1427,432,1544,749
248,297,0.4975,False,818,478,890,695
248,246,0.4428,False,1348,457,1409,647
249,1,0.786,True,150,477,219,677
249,2,0.7596,True,225,478,302,681
249,5,0.6779,False,300,475,375,685
249,59,0.4713,False,430,403,599,784
249,7,0.4762,False,898,3,1325,1071
249,239,0.6159,False,593,482,675,703
249,243,0.6026,False,681,476,749,699
249,257,0.4847,False,744,446,830,717
249,271,0.5363,False,394,491,454,692
249,215,0.5788,False,1721,382,1869,830
249,277,0.4449,False,882,477,959,694
249,284,0.6226,False,1618,440,1713,718
249,244,0.4799,False,1427,432,1545,749
249,297,0.5238,False,815,478,886,695
249,301,0.6711,False,1874,462,1918,774
249,276,0.5591,False,672,482,737,699
250,1,0.7781,True,151,477,220,678
250,2,0.7485,True,224,477,301,681
250,5,0.6923,False,299,476,375,685
250,59,0.479,False,430,403,598,781
250,7,0.476,False,889,4,1314,1071
250,239,0.5838,False,589,483,670,701
250,243,0.589,False,679,468,749,699
250,257,0.454,False,740,448,826,716
250,271,0.5288,False,394,488,455,693
250,215,0.5746,False,1711,381,1860,825
250,277,0.4419,False,880,478,956,692
250,284,0.6486,False,1619,439,1714,719
250,244,0.4877,False,1427,432,1545,750
250,297,0.5337,False,814,480,885,695
250,301,0.6635,False,1873,464,1917,776
250,276,0.5751,False,667,483,733,699
251,1,0.78,True,151,478,220,682
251,2,0.7497,True,224,476,300,680
251,5,0.7176,True,299,475,375,686
251,59,0.4815,False,427,403,596,782
251,7,0.466,False,892,4,1318,1070
251,239,0.6153,False,586,486,663,696
251,243,0.5692,False,677,476,745,699
251,257,0.4586,False,738,449,825,718
251,271,0.5134,False,395,484,457,693
251,215,0.575,False,1701,381,1849,819
251,277,0.4357,False,874,471,951,689
251,284,0.6689,False,1619,439,1714,719
251,244,0.4879,False,1427,432,1545,750
251,297,0.5326,False,813,480,883,694
251,301,0.6705,False,1874,462,1918,777
251,276,0.5557,False,664,484,731,701
251,303,0.6431,False,1217,384,1387,975
252,1,0.7641,True,151,476,221,682
252,2,0.7552,True,223,477,300,681
252,5,0.7243,True,298,475,374,685
252,59,0.4859,False,425,402,593,781
252,7,0.4481,False,885,6,1310,1070
252,239,0.5998,False,582,485,658,693
252,243,0.5515,False,673,473,740,698
252,257,0.45,False,735,450,822,716
252,271,0.5028,False,397,486,459,692
252,215,0.5782,False,1687,383,1834,816
252,277,0.4366,False,871,472,946,685
252,284,0.6766,False,1617,439,1709,717
252,244,0.4926,False,1427,432,1545,750
252,297,0.5368,False,811,481,880,694
252,301,0.674,False,1874,465,1919,781
252,276,0.5284,False,659,483,726,702
252,303,0.6794,False,1209,376,1389,999
253,1,0.7745,True,151,474,223,683
253,2,0.7695,True,224,478,300,682
253,5,0.7177,True,298,476,374,684
253,59,0.497,False,424,402,592,781
253,7,0.4453,False,870,6,1291,1071
253,239,0.6162,False,579,483,657,698
253,243,0.5452,False,669,471,737,697
253,257,0.4347,False,733,449,820,715
253,271,0.4803,False,397,483,460,692
253,215,0.5646,False,1676,386,1822,814
253,277,0.4232,False,865,475,938,685
253,284,0.6172,False,1612,438,1704,717
253,244,0.4956,False,1427,432,1546,750
253,297,0.5258,False,811,481,879,693
253,301,0.6731,False,1876,464,1920,774
253,276,0.5529,False,656,479,725,700
253,303,0.6366,False,1209,392,1389,1012
253,306,0.7049,True,1859,453,1918,780
254,1,0.7549,True,152,474,224,682
254,2,0.7729,True,224,476,300,679
254,5,0.684,False,298,476,373,683
254,59,0.4875,False,421,403,587,778
254,7,0.4436,False,864,7,1280,1069
254,239,0.6077,False,575,483,652,696
254,243,0.5151,False,663,477,731,697
254,257,0.4161,False,730,450,816,713
254,271,0.4853,False,399,481,464,693
254,215,0.5611,False,1667,385,1812,813
254,277,0.4198,False,860,474,932,684
254,284,0.6101,False,1609,438,1700,720
254,244,0.4921,False,1426,432,1546,750
254,297,0.5368,False,809,481,876,692
254,301,0.6652,False,1878,463,1920,760
254,276,0.4691,False,645,484,708,688
254,303,0.6297,False,1194,360,1386,1022
254,306,0.7001,True,1859,456,1918,781
254,308,0.5629,False,1813,453,1888,733
254,246,0.4428,False,1347,439,1413,643
255,1,0.7237,True,153,473,225,681
255,2,0.7709,True,226,476,300,677
255,5,0.6738,False,298,475,372,683
255,59,0.4988,False,419,404,583,775
255,7,0.4393,False,855,9,1263,1068
255,239,0.577,False,573,483,649,695
255,243,0.4917,False,664,484,729,696
255,257,0.4395,False,727,452,812,712
255,271,0.4613,False,401,477,467,693
255,215,0.5809,False,1655,384,1803,815
255,277,0.4251,False,858,473,929,681
255,284,0.5702,False,1602,437,1692,717
255,244,0.4862,False,1425,431,1545,750
255,297,0.5393,False,807,481,874,693
255,301,0.6566,False,1878,462,1920,760
255,276,0.4278,False,642,487,701,681
255,303,0.5843,False,1176,282,1392,1034
255,306,0.6875,False,1859,455,1918,782
255,308,0.58,False,1812,453,1888,735
255,246,0.4208,False,1346,439,1412,644
256,1,0.7069,True,153,472,225,679
256,2,0.7648,True,227,477,300,674
256,5,0.686,False,298,474,373,682
256,59,0.5083,False,417,404,580,772
256,7,0.4344,False,851,10,1253,1068
256,239,0.5723,False,570,482,647,695
256,243,0.5158,False,661,482,727,694
256,257,0.4416,False,725,453,809,708
256,271,0.4555,False,401,478,467,691
256,215,0.5769,False,1647,382,1797,814
256,277,0.433,False,859,479,925,673
256,284,0.5517,False,1604,437,1692,718
256,244,0.4938,False,1425,430,1545,750
256,297,0.5461,False,806,482,872,693
256,301,0.6758,False,1877,459,1920,768
256,303,0.5592,False,1167,252,1392,1041
256,306,0.6915,False,1860,453,1920,783
256,308,0.5892,False,1813,450,1889,733
256,246,0.4574,False,1340,441,1411,662
257,1,0.7008,True,154,473,226,679
257,2,0.7602,True,228,477,300,672
257,5,0.6822,False,299,474,372,682
257,59,0.5059,False,417,405,578,769
257,7,0.4399,False,845,22,1237,1067
257,239,0.5315,False,567,479,645,695
257,243,0.5501,False,658,489,722,695
257,257,0.4426,False,723,453,807,709
257,271,0.5006,False,400,478,466,691
257,215,0.5889,False,1647,383,1798,813
257,277,0.4527,False,855,465,928,686
257,284,0.5569,False,1600,438,1688,722
257,244,0.502,False,1425,429,1546,749
257,297,0.5435,False,804,486,868,692
257,301,0.6738,False,1877,459,1920,773
257,303,0.555,False,1158,236,1387,1042
257,306,0.6911,False,1859,452,1919,782
257,308,0.5956,False,1812,448,1889,732
257,246,0.47,False,1331,432,1407,666
258,1,0.6975,False,154,473,227,680
258,2,0.7504,True,229,478,300,672
258,5,0.6352,False,299,474,373,683
258,59,0.4983,False,416,405,578,772
258,7,0.4605,False,837,30,1222,1067
258,239,0.5212,False,566,478,642,693
258,243,0.5555,False,657,493,720,695
258,257,0.4493,False,721,452,805,707
258,271,0.4939,False,401,474,468,693
258,215,0.604,False,1646,384,1797,812
258,284,0.6117,False,1599,437,1685,716
258,244,0.5161,False,1425,428,1546,749
258,297,0.5381,False,802,485,866,691
258,301,0.6518,False,1878,460,1920,762
258,303,0.5508,False,1155,224,1386,1043
258,306,0.6837,False,1859,453,1918,782
258,308,0.6002,False,1813,454,1889,731
258,246,0.6085,False,1312,424,1424,788
259,1,0.7259,True,155,474,228,681
259,2,0.7476,True,230,481,301,673
259,5,0.6325,False,299,474,372,682
259,59,0.4941,False,416,404,578,772
259,7,0.4514,False,832,34,1211,1069
259,239,0.5416,False,562,478,638,691
259,243,0.5382,False,656,499,717,694
259,257,0.426,False,717,451,802,708
259,271,0.5061,False,403,472,471,697
259,215,0.6217,False,1644,384,1796,812
259,284,0.6087,False,1597,436,1682,713
259,244,0.5207,False,1425,427,1546,749
259,297,0.5478,False,799,484,863,691
259,301,0.6661,False,1877,461,1920,768
259,303,0.5517,False,1148,216,1383,1045
259,306,0.6852,False,1859,455,1918,782
259,308,0.6021,False,1814,459,1888,728
260,1,0.7341,True,156,475,229,681
260,2,0.7455,True,232,482,302,673
260,5,0.614,False,299,474,372,681
260,59,0.5045,False,416,405,577,773
260,7,0.4515,False,831,39,1204,1068
260,239,0.546,False,560,480,635,691
260,243,0.5339,False,653,499,715,694
260,257,0.4053,False,714,450,800,711
260,271,0.5127,False,403,470,472,702
260,215,0.6102,False,1635,387,1787,812
260,284,0.6279,False,1593,437,1679,718
260,244,0.5487,False,1423,427,1545,747
260,297,0.513,False,798,486,861,690
260,301,0.664,False,1878,462,1920,763
260,303,0.5509,False,1151,211,1388,1045
260,306,0.6825,False,1861,455,1920,782
260,308,0.6021,False,1816,455,1892,728
260,310,0.5263,False,109,538,144,639
261,1,0.7133,True,157,475,230,681
261,2,0.7745,True,233,484,301,674
261,5,0.6143,False,299,474,372,681
261,59,0.5115,False,416,410,573,770
261,7,0.4457,False,820,40,1189,1071
261,239,0.5312,False,555,478,631,693
261,243,0.5032,False,640,485,705,693
261,257,0.3733,False,709,449,796,710
261,271,0.4998,False,402,471,469,704
261,215,0.5955,False,1631,405,1777,809
261,284,0.6511,False,1588,439,1674,718
261,244,0.5509,False,1423,428,1544,745
261,297,0.5258,False,794,486,858,692
261,301,0.6791,False,1877,463,1920,769
261,303,0.5524,False,1162,206,1402,1043
261,306,0.6825,False,1860,460,1918,781
261,308,0.6068,False,1821,469,1893,728
261,310,0.5543,False,109,538,144,639
261,292,0.5571,False,654,478,711,692
262,1,0.6987,False,158,475,230,679
262,2,0.7869,True,234,485,302,673
262,5,0.6188,False,299,474,372,681
262,59,0.5025,False,416,413,570,768
262,7,0.4359,False,814,47,1178,1070
262,239,0.5686,False,551,478,627,695
262,243,0.4927,False,632,475,699,691
262,257,0.3929,False,706,448,792,710
262,215,0.5877,False,1626,402,1772,808
262,284,0.6125,False,1579,442,1662,714
262,244,0.5573,False,1422,427,1544,743
262,297,0.514,False,791,485,856,692
262,301,0.6542,False,1878,461,1919,759
262,303,0.5571,False,1182,200,1423,1043
262,306,0.6882,False,1860,461,1918,781
262,308,0.6211,False,1825,474,1897,729
262,310,0.5423,False,110,538,145,639
262,292,0.5435,False,650,474,710,690
263,1,0.6882,False,159,475,231,679
263,2,0.7868,True,234,484,302,673
263,5,0.6293,False,299,473,372,681
263,59,0.4822,False,415,414,569,769
263,7,0.4328,False,807,57,1165,1070
263,239,0.5629,False,549,478,625,695
263,257,0.4098,False,703,450,789,711
263,215,0.5874,False,1627,403,1772,809
263,284,0.5825,False,1576,443,1653,698
263,244,0.5596,False,1424,427,1545,742
263,297,0.5159,False,787,483,852,691
263,301,0.6743,False,1876,461,1919,769
263,303,0.5584,False,1200,198,1441,1042
263,306,0.6893,False,1859,461,1918,781
263,308,0.5972,False,1830,477,1901,728
263,310,0.5473,False,109,538,144,639
263,292,0.5443,False,650,469,712,688
263,276,0.4748,False,612,472,677,684
264,1,0.6996,False,161,477,232,677
264,2,0.7711,True,234,483,302,672
264,5,0.6467,False,299,474,371,681
264,59,0.48,False,415,415,568,770
264,7,0.444,False,795,69,1150,1072
264,239,0.563,False,549,480,622,688
264,257,0.3993,False,700,453,785,711
264,215,0.5775,False,1621,397,1765,806
264,244,0.5587,False,1423,428,1545,741
264,297,0.507,False,784,482,849,689
264,301,0.6784,False,1876,461,1919,770
264,303,0.5687,False,1209,195,1452,1045
264,306,0.6909,False,1859,459,1918,781
264,308,0.6225,False,1833,474,1905,728
264,310,0.5331,False,109,538,145,639
264,292,0.5539,False,648,464,712,690
264,276,0.4377,False,606,473,672,683
265,1,0.7178,True,163,479,232,676
265,2,0.7695,True,235,483,303,672
265,5,0.6345,False,299,475,370,679
265,59,0.4834,False,414,415,565,769
265,7,0.4339,False,787,83,1138,1073
265,239,0.5926,False,548,481,621,691
265,257,0.412,False,695,455,780,712
265,215,0.5767,False,1619,400,1760,802
265,244,0.5504,False,1422,429,1543,740
265,297,0.4539,False,783,486,844,680
265,301,0.67,False,1874,461,1917,773
265,303,0.5401,False,1217,192,1461,1054
265,306,0.6826,False,1855,468,1913,778
265,308,0.6423,False,1834,473,1907,726
265,310,0.5115,False,109,538,144,638
265,292,0.5667,False,648,458,715,693
265,276,0.4435,False,607,475,672,685
265,312,0.5121,False,1139,360,1264,886
266,1,0.7181,True,162,480,232,676
266,2,0.7516,True,238,482,306,672
266,5,0.6279,False,300,476,369,678
266,59,0.4817,False,413,416,562,769
266,7,0.4308,False,784,89,1133,1073
266,239,0.5863,False,546,482,619,692
266,257,0.3813,False,688,453,775,712
266,215,0.5907,False,1618,395,1758,796
266,244,0.5616,False,1422,430,1544,741
266,297,0.3927,False,783,490,837,664
266,301,0.6935,False,1878,456,1920,778
266,303,0.537,False,1221,190,1468,1072
266,306,0.679,False,1855,462,1915,779
266,310,0.4991,False,108,537,144,638
266,292,0.5444,False,654,467,715,690
266,276,0.4411,False,607,478,672,688
266,312,0.4808,False,1140,364,1266,889
267,1,0.7067,True,162,480,232,676
267,2,0.7347,True,239,481,307,673
267,5,0.6367,False,300,477,370,677
267,59,0.4788,False,411,417,560,770
267,7,0.4376,False,778,93,1125,1074
267,239,0.5904,False,543,481,617,693
267,257,0.3866,False,682,455,770,713
267,215,0.5928,False,1617,394,1755,792
267,244,0.5932,False,1425,432,1545,741
267,301,0.7004,True,1880,453,1920,781
267,303,0.5397,False,1232,191,1479,1079
267,306,0.6848,False,1856,461,1917,779
267,310,0.4966,False,107,538,143,638
267,292,0.5747,False,656,473,713,689
267,276,0.4375,False,605,478,671,689
267,312,0.4561,False,1142,387,1265,891
268,1,0.6944,False,161,481,231,676
268,2,0.6875,False,239,482,307,675
268,5,0.6648,False,302,477,371,677
268,59,0.485,False,406,416,555,770
268,7,0.4432,False,774,99,1118,1074
268,239,0.6188,False,541,481,614,693
268,257,0.3874,False,680,457,767,711
268,215,0.601,False,1617,391,1755,792
268,244,0.5538,False,1429,433,1548,740
268,301,0.6838,False,1881,457,1920,780
268,303,0.5357,False,1255,192,1503,1077
268,306,0.6692,False,1854,461,1915,780
268,310,0.5074,False,107,538,143,638
268,292,0.576,False,656,476,711,687
268,312,0.4751,False,1140,371,1271,895
269,1,0.7187,True,160,481,230,678
269,2,0.7236,True,238,482,306,676
269,5,0.6688,False,301,477,371,677
269,59,0.4792,False,403,414,551,769
269,7,0.4449,False,767,102,1110,1073
269,239,0.6082,False,539,480,613,692
269,257,0.4084,False,677,458,764,711
269,215,0.6009,False,1615,390,1754,791
269,244,0.5674,False,1434,436,1549,741
269,301,0.6778,False,1883,458,1920,779
269,303,0.5466,False,1277,193,1530,1080
269,306,0.6691,False,1853,461,1915,780
269,310,0.4984,False,107,537,144,638
269,292,0.5787,False,652,464,709,690
269,312,0.4797,False,1139,372,1273,897
269,316,0.5935,False,1722,422,1829,717
269,243,0.5557,False,607,463,678,694
270,1,0.7227,True,160,480,229,679
270,2,0.7577,True,237,479,305,675
270,5,0.6639,False,300,477,369,677
270,59,0.4729,False,400,414,546,764
270,7,0.4565,False,761,103,1104,1071
270,239,0.5957,False,536,479,611,693
270,257,0.4329,False,675,460,761,710
270,215,0.5894,False,1618,392,1756,790
270,244,0.563,False,1442,447,1552,743
270,301,0.6895,False,1883,456,1920,780
270,303,0.5268,False,1292,191,1550,1077
270,306,0.6919,False,1854,460,1917,780
270,310,0.435,False,104,537,140,634
270,292,0.5574,False,647,463,706,694
270,312,0.4802,False,1142,367,1281,898
270,316,0.5691,False,1723,421,1832,718
270,317,0.3884,False,1083,467,1169,700
270,243,0.5783,False,607,460,679,695
271,1,0.7281,True,158,478,229,679
271,2,0.7168,True,236,479,304,674
271,5,0.6666,False,298,476,368,677
271,59,0.4609,False,396,414,542,760
271,7,0.4612,False,753,104,1096,1072
271,239,0.5858,False,534,478,609,692
271,257,0.4292,False,673,459,759,710
271,215,0.5856,False,1617,391,1756,789
271,244,0.5338,False,1450,467,1549,744
271,301,0.6719,False,1884,458,1920,781
271,303,0.512,False,1302,191,1565,1075
271,306,0.6854,False,1854,460,1917,780
271,310,0.4514,False,105,537,141,637
271,312,0.4963,False,1146,361,1290,898
271,316,0.576,False,1725,417,1836,718
271,317,0.4097,False,1080,461,1170,703
271,243,0.5856,False,609,459,683,696
271,318,0.5502,False,607,468,661,690
272,1,0.7343,True,158,478,229,679
272,2,0.7145,True,236,480,303,673
272,5,0.6499,False,298,477,366,677
272,59,0.472,False,393,414,539,758
272,7,0.4671,False,744,101,1087,1071
272,239,0.5746,False,533,479,607,692
272,257,0.4277,False,672,458,757,708
272,215,0.566,False,1614,393,1752,788
272,301,0.6764,False,1884,458,1920,780
272,303,0.5332,False,1303,192,1570,1073
272,306,0.6922,False,1855,460,1918,780
272,310,0.4453,False,104,537,141,638
272,312,0.4952,False,1152,357,1300,898
272,316,0.5814,False,1730,427,1837,720
272,317,0.4115,False,1078,458,1170,708
272,243,0.5645,False,611,463,683,693
272,318,0.5815,False,604,468,659,689
273,1,0.7574,True,160,477,229,675
273,2,0.721,True,237,482,303,672
273,5,0.6514,False,297,478,366,677
273,59,0.4628,False,388,413,535,758
273,7,0.4713,False,738,101,1080,1070
273,239,0.5715,False,530,478,605,692
273,257,0.4337,False,669,461,752,706
273,215,0.5633,False,1608,396,1743,789
273,301,0.6703,False,1880,460,1919,783
273,303,0.5506,False,1302,190,1573,1074
273,306,0.6991,False,1855,458,1919,780
273,310,0.4534,False,109,535,146,635
273,312,0.5211,False,1158,356,1310,900
273,316,0.5744,False,1734,432,1838,717
273,317,0.438,False,1075,458,1169,714
273,243,0.5503,False,613,460,685,694
273,318,0.5784,False,606,466,661,689
274,1,0.7729,True,159,478,228,674
274,2,0.7151,True,238,480,304,671
274,5,0.6602,False,297,478,365,676
274,59,0.4547,False,384,413,532,758
274,7,0.4775,False,729,103,1068,1070
274,239,0.5447,False,528,479,603,691
274,257,0.464,False,665,458,749,706
274,215,0.5465,False,1608,398,1741,789
274,301,0.6869,False,1879,460,1918,783
274,303,0.5422,False,1306,186,1580,1075
274,306,0.7117,True,1856,456,1919,779
274,310,0.4996,False,110,536,146,636
274,312,0.5193,False,1157,352,1313,901
274,316,0.603,False,1735,434,1838,715
274,317,0.4374,False,1072,460,1165,718
274,243,0.5715,False,613,465,682,690
274,318,0.5319,False,603,486,653,691
275,1,0.7424,True,160,476,229,673
275,2,0.7221,True,237,483,303,671
275,5,0.6607,False,296,478,364,675
275,59,0.4625,False,381,412,530,757
275,7,0.4817,False,720,113,1052,1071
275,239,0.6112,False,526,479,602,691
275,257,0.4535,False,661,458,746,706
275,215,0.5481,False,1606,399,1737,790
275,301,0.6768,False,1877,461,1917,783
275,303,0.5371,False,1314,184,1589,1075
275,306,0.7146,True,1856,455,1919,779
275,310,0.5271,False,112,536,147,634
275,312,0.5278,False,1166,346,1325,901
275,316,0.592,False,1740,435,1843,716
275,317,0.449,False,1071,460,1163,717
275,243,0.578,False,612,465,680,693
275,318,0.5102,False,599,487,648,688
276,1,0.7352,True,162,476,230,672
276,2,0.7417,True,237,484,302,672
276,5,0.6452,False,297,478,364,674
276,59,0.4799,False,376,412,526,759
276,7,0.4723,False,709,114,1038,1073
276,239,0.6337,False,523,479,600,692
276,257,0.4145,False,657,456,742,707
276,215,0.543,False,1605,398,1734,789
276,301,0.6887,False,1881,457,1920,780
276,303,0.5417,False,1328,178,1604,1075
276,306,0.6956,False,1859,459,1920,779
276,310,0.4581,False,113,535,147,631
276,312,0.5031,False,1178,342,1340,904
276,316,0.5806,False,1748,441,1849,718
276,317,0.4594,False,1068,458,1160,715
276,243,0.5392,False,605,458,676,693
276,318,0.5007,False,601,478,650,675
277,1,0.7431,True,160,476,229,673
277,2,0.7236,True,238,485,303,671
277,5,0.6416,False,298,477,365,674
277,59,0.4666,False,373,412,525,759
277,7,0.4681,False,706,117,1028,1070
277,239,0.6383,False,522,480,598,690
277,257,0.4218,False,653,458,737,707
277,215,0.54,False,1603,399,1730,789
277,301,0.6835,False,1883,455,1920,780
277,303,0.5612,False,1344,170,1618,1076
277,306,0.6996,False,1858,458,1920,779
277,310,0.4976,False,114,535,147,630
277,312,0.5118,False,1187,340,1349,907
277,316,0.5721,False,1754,440,1854,715
277,317,0.4681,False,1059,457,1153,715
277,243,0.5563,False,600,459,671,692
277,318,0.471,False,600,484,646,667
278,1,0.7275,True,162,478,230,673
278,2,0.7501,True,239,485,305,674
278,5,0.6311,False,299,476,367,674
278,59,0.4572,False,369,413,522,760
278,7,0.47,False,705,124,1020,1070
278,239,0.6465,False,519,478,596,690
278,257,0.4538,False,650,456,733,705
278,215,0.522,False,1599,398,1725,786
278,301,0.6426,False,1884,458,1917,727
278,303,0.5614,False,1363,160,1638,1078
278,306,0.7123,True,1858,456,1920,779
278,310,0.5069,False,114,535,147,629
278,312,0.5182,False,1198,337,1360,910
278,316,0.5828,False,1757,438,1858,716
278,317,0.4674,False,1055,454,1150,714
278,243,0.5588,False,598,457,668,689
278,318,0.4687,False,598,488,642,667
279,1,0.7335,True,163,477,230,671
279,2,0.7523,True,240,485,305,674
279,5,0.6283,False,299,476,368,674
279,59,0.4662,False,366,414,519,759
279,7,0.479,False,701,125,1013,1070
279,239,0.6426,False,517,477,594,691
279,257,0.4049,False,647,454,729,699
279,215,0.5135,False,1604,394,1730,784
279,301,0.6656,False,1884,459,1920,754
279,303,0.5498,False,1379,153,1655,1079
279,306,0.7076,True,1863,461,1920,778
279,310,0.4604,False,113,535,146,630
279,312,0.5154,False,1203,336,1366,914
279,316,0.5815,False,1761,439,1862,717
279,317,0.4424,False,1053,452,1148,715
279,243,0.5316,False,598,454,668,688
280,1,0.7393,True,162,478,228,671
280,2,0.7463,True,240,483,306,674
280,5,0.6386,False,299,476,368,674
280,59,0.4501,False,364,418,517,759
280,7,0.4739,False,698,128,1005,1071
280,239,0.6395,False,517,479,592,688
280,257,0.4093,False,644,453,726,698
280,301,0.6474,False,1880,462,1918,764
280,303,0.5521,False,1405,137,1685,1080
280,306,0.6939,False,1860,460,1920,779
280,310,0.4931,False,114,535,146,630
280,312,0.5336,False,1210,337,1373,920
280,316,0.5701,False,1765,437,1867,718
280,317,0.449,False,1050,454,1146,715
280,243,0.4879,False,600,466,666,688
281,1,0.742,True,162,479,229,671
281,2,0.7657,True,240,485,306,674
281,5,0.6599,False,299,476,368,673
281,59,0.4487,False,364,419,517,759
281,7,0.4766,False,696,133,999,1072
281,239,0.6259,False,515,482,589,687
281,257,0.4235,False,644,453,726,697
281,301,0.6608,False,1879,464,1917,770
281,303,0.5511,False,1427,131,1708,1077
281,306,0.6979,False,1859,459,1920,779
281,310,0.5059,False,114,535,146,631
281,312,0.5437,False,1216,337,1380,924
281,316,0.5646,False,1769,440,1872,717
281,317,0.4466,False,1048,454,1144,715
281,243,0.4951,False,599,460,666,688
282,1,0.732,True,164,481,230,670
282,2,0.7607,True,240,485,306,674
282,5,0.6759,False,299,476,368,673
282,59,0.4508,False,364,421,516,758
282,7,0.4718,False,694,139,992,1073
282,239,0.6197,False,512,480,588,688
282,257,0.4222,False,641,454,723,697
282,301,0.6599,False,1878,464,1917,771
282,303,0.5508,False,1441,125,1725,1077
282,306,0.7002,True,1859,457,1920,780
282,310,0.439,False,112,534,145,632
282,312,0.5723,False,1223,338,1385,921
282,316,0.5659,False,1775,448,1876,717
282,317,0.4435,False,1047,453,1144,715
282,243,0.4798,False,597,455,665,689
283,1,0.7387,True,166,482,232,670
283,2,0.7461,True,240,485,306,674
283,5,0.6824,False,299,476,368,673
283,59,0.4493,False,364,421,517,757
283,7,0.4688,False,691,148,983,1071
283,239,0.6257,False,509,480,586,689
283,257,0.4096,False,639,455,721,698
283,301,0.6637,False,1879,464,1917,770
283,303,0.5445,False,1459,120,1746,1079
283,306,0.6822,False,1859,458,1919,780
283,310,0.4818,False,112,535,145,633
283,312,0.5727,False,1228,341,1390,921
283,316,0.5666,False,1774,455,1873,717
283,317,0.4399,False,1046,453,1144,715
283,243,0.4937,False,597,471,660,689
283,323,0.4958,False,1387,325,1509,903
284,1,0.7523,True,168,484,233,670
284,2,0.7573,True,240,484,305,674
284,5,0.7071,True,299,475,369,673
284,59,0.454,False,363,423,516,757
284,7,0.4678,False,689,154,975,1072
284,239,0.6131,False,507,482,584,689
284,257,0.4145,False,636,458,717,698
284,301,0.6607,False,1879,465,1918,768
284,303,0.5456,False,1471,114,1762,1079
284,306,0.6889,False,1857,455,1919,781
284,310,0.4831,False,108,537,142,636
284,312,0.5879,False,1232,344,1393,922
284,316,0.5791,False,1777,460,1877,719
284,317,0.4543,False,1046,454,1144,715
284,243,0.5163,False,597,474,659,690
284,323,0.5281,False,1389,334,1509,903
285,1,0.7517,True,168,486,234,670
285,2,0.7548,True,239,483,304,673
285,5,0.697,False,299,476,369,673
285,59,0.4516,False,362,424,515,758
285,7,0.465,False,687,159,969,1072
285,239,0.6066,False,504,482,581,689
285,257,0.3813,False,631,457,713,699
285,301,0.6613,False,1879,465,1918,769
285,303,0.5404,False,1490,113,1784,1078
285,306,0.6754,False,1858,459,1919,781
285,310,0.4839,False,107,536,142,637
285,312,0.581,False,1239,345,1401,928
285,316,0.6068,False,1780,460,1879,722
285,317,0.4648,False,1044,454,1144,715
285,243,0.5296,False,595,481,654,688
285,323,0.5404,False,1394,340,1515,905
286,1,0.7637,True,168,484,235,671
286,2,0.7602,True,239,483,303,672
286,5,0.6934,False,299,476,369,673
286,59,0.4685,False,359,424,513,758
286,7,0.4544,False,685,167,962,1070
286,239,0.5758,False,503,482,580,689
286,257,0.3881,False,629,456,711,700
286,301,0.6467,False,1878,466,1918,776
286,303,0.5271,False,1510,111,1812,1079
286,306,0.6645,False,1858,461,1918,781
286,310,0.5045,False,108,536,142,638
286,312,0.569,False,1248,347,1413,939
286,317,0.4613,False,1042,454,1141,714
286,243,0.5265,False,590,489,647,686
287,1,0.7793,True,170,485,237,671
287,2,0.746,True,239,483,302,671
287,5,0.714,True,297,478,367,673
287,59,0.4682,False,359,425,511,755
287,7,0.4628,False,684,177,956,1070
287,239,0.5881,False,500,481,577,687
287,257,0.4074,False,627,456,710,699
287,301,0.6554,False,1877,469,1918,779
287,303,0.5153,False,1525,112,1832,1076
287,306,0.6745,False,1858,463,1918,781
287,310,0.4757,False,107,537,141,638
287,312,0.5658,False,1254,347,1421,945
287,317,0.4733,False,1040,454,1139,714
287,243,0.5142,False,590,490,646,684
287,325,0.503,False,1105,475,1152,708
287,323,0.6205,False,1406,365,1525,917
288,1,0.7568,True,171,484,239,672
288,2,0.7014,True,239,483,302,671
288,5,0.7035,True,297,480,366,673
288,59,0.4721,False,360,424,508,748
288,7,0.4592,False,683,180,951,1068
288,239,0.5812,False,500,479,576,685
288,257,0.3914,False,625,455,708,700
288,301,0.6465,False,1877,471,1918,781
288,303,0.5314,False,1530,113,1845,1074
288,306,0.657,False,1858,468,1918,782
288,310,0.4706,False,107,538,141,638
288,312,0.5795,False,1262,342,1431,948
288,317,0.4691,False,1037,455,1135,714
288,243,0.4918,False,584,477,644,684
288,325,0.5039,False,1106,482,1151,706
288,323,0.578,False,1417,366,1541,929
289,1,0.7595,True,172,484,240,673
289,2,0.6995,False,240,484,303,670
289,5,0.6813,False,299,481,368,673
289,59,0.4705,False,360,425,507,745
289,7,0.4625,False,679,183,944,1069
289,239,0.5579,False,497,477,573,684
289,257,0.3842,False,622,455,705,700
289,301,0.6769,False,1880,457,1920,779
289,303,0.5313,False,1542,111,1863,1073
289,310,0.4455,False,104,537,137,635
289,312,0.546,False,1265,343,1436,956
289,317,0.4762,False,1034,457,1130,714
289,243,0.4961,False,585,485,642,683
289,325,0.5243,False,1106,483,1151,707
289,323,0.5335,False,1426,363,1551,919
290,1,0.7613,True,173,483,242,673
290,2,0.6886,False,240,484,302,669
290,5,0.6847,False,302,479,371,674
290,59,0.4708,False,361,425,506,743
290,7,0.4692,False,676,185,938,1069
290,239,0.5633,False,495,476,570,684
290,257,0.3898,False,621,456,703,698
290,301,0.6645,False,1870,413,1918,778
290,303,0.5276,False,1548,108,1876,1074
290,310,0.5059,False,110,537,143,635
290,312,0.5774,False,1272,333,1444,947
290,317,0.4846,False,1032,457,1126,714
290,243,0.5105,False,584,485,641,682
290,325,0.5262,False,1106,481,1151,706
290,323,0.5258,False,1431,353,1564,927
290,327,0.5241,False,913,488,962,677
291,1,0.7438,True,174,481,242,672
291,2,0.7057,True,240,485,301,669
291,5,0.7188,True,303,479,373,674
291,59,0.4715,False,360,425,505,744
291,7,0.4691,False,672,185,933,1071
291,239,0.5663,False,493,476,568,685
291,257,0.4016,False,618,455,700,699
291,303,0.5338,False,1552,104,1889,1076
291,310,0.4782,False,109,538,142,636
291,312,0.5572,False,1280,336,1453,951
291,317,0.4856,False,1031,456,1124,714
291,243,0.5392,False,577,464,640,685
291,325,0.49,False,1105,473,1152,704
291,323,0.5305,False,1442,355,1580,933
291,327,0.5046,False,912,488,961,677
292,1,0.7292,True,175,481,243,671
292,2,0.6944,False,240,484,301,668
292,5,0.7277,True,305,479,375,673
292,59,0.4658,False,360,425,505,744
292,7,0.4649,False,670,185,930,1074
292,239,0.5688,False,495,481,566,683
292,257,0.3876,False,616,454,698,700
292,303,0.5165,False,1551,97,1896,1074
292,310,0.4845,False,110,537,143,635
292,312,0.5614,False,1290,334,1466,953
292,317,0.498,False,1030,453,1122,715
292,243,0.5445,False,572,457,637,686
292,325,0.5158,False,1103,465,1152,703
292,323,0.5433,False,1453,350,1596,937
292,327,0.5035,False,911,488,960,678
292,318,0.548,False,580,485,629,681
293,1,0.7162,True,175,481,243,671
293,2,0.696,False,241,484,301,668
293,5,0.734,True,307,479,377,672
293,59,0.4591,False,361,429,505,744
293,7,0.4704,False,668,187,927,1074
293,239,0.5754,False,498,484,567,684
293,257,0.4356,False,615,454,695,697
293,303,0.5283,False,1548,90,1901,1073
293,310,0.4842,False,111,537,144,635
293,312,0.5614,False,1296,330,1473,954
293,317,0.4806,False,1030,466,1117,715
293,325,0.4976,False,1102,470,1150,701
293,323,0.5586,False,1461,342,1611,944
293,327,0.5094,False,910,490,959,678
293,318,0.5228,False,578,489,627,681
294,1,0.7039,True,176,480,244,670
294,2,0.7124,True,242,486,301,667
294,5,0.7309,True,308,481,378,672
294,59,0.4586,False,362,426,506,744
294,7,0.4708,False,667,187,923,1072
294,239,0.5331,False,494,481,564,682
294,257,0.4293,False,611,454,691,697
294,303,0.5251,False,1560,83,1915,1073
294,310,0.5244,False,110,539,143,636
294,312,0.5329,False,1300,328,1477,954
294,317,0.4622,False,1029,468,1113,715
294,325,0.5004,False,1101,473,1149,701
294,323,0.5757,False,1470,339,1626,949
294,327,0.5156,False,909,489,959,677
294,318,0.5438,False,574,487,623,683
294,330,0.4716,False,568,501,613,683
295,1,0.7105,True,177,482,244,670
295,2,0.6896,False,242,487,301,668
295,5,0.7271,True,308,481,379,672
295,59,0.4556,False,366,429,506,742
295,7,0.4727,False,667,189,921,1070
295,239,0.4967,False,494,485,557,668
295,257,0.4395,False,609,453,689,697
295,303,0.5037,False,1572,70,1920,1072
295,310,0.5178,False,109,540,143,637
295,312,0.5274,False,1304,326,1479,952
295,317,0.492,False,1027,475,1109,715
295,325,0.501,False,1102,479,1149,700
295,323,0.571,False,1482,339,1648,957
295,327,0.4973,False,908,490,959,678
295,318,0.5314,False,569,487,619,680
296,1,0.711,True,177,483,244,669
296,2,0.6916,False,244,488,303,669
296,5,0.7086,True,308,480,380,672
296,59,0.4608,False,369,432,506,741
296,7,0.4723,False,667,191,918,1064
296,239,0.5086,False,495,487,554,660
296,257,0.4575,False,607,453,688,697
296,303,0.5065,False,1599,59,1920,1072
296,310,0.5298,False,110,539,144,635
296,312,0.5082,False,1315,327,1491,953
296,317,0.4825,False,1023,466,1107,714
296,325,0.4931,False,1100,475,1148,701
296,323,0.5449,False,1498,344,1673,964
296,327,0.4967,False,908,491,959,678
296,318,0.5143,False,567,487,618,680
297,1,0.7405,True,178,483,244,667
297,2,0.6951,False,244,488,303,670
297,5,0.7142,True,307,479,379,671
297,59,0.4767,False,370,435,505,741
297,7,0.4725,False,668,192,916,1056
297,239,0.5153,False,498,492,553,655
297,257,0.4338,False,606,455,687,699
297,303,0.5101,False,1617,49,1920,1071
297,310,0.5204,False,109,540,143,637
297,312,0.5089,False,1324,326,1501,956
297,317,0.5023,False,1018,459,1105,715
297,325,0.5009,False,1099,473,1148,702
297,323,0.5333,False,1511,344,1696,971
297,327,0.5062,False,908,490,960,678
297,331,0.5534,False,1656,332,1753,759
297,243,0.514,False,564,472,623,679
298,1,0.7498,True,179,483,245,667
298,2,0.7169,True,244,488,304,671
298,5,0.6866,False,306,479,379,671
298,59,0.485,False,368,435,502,742
298,7,0.4733,False,668,194,912,1054
298,239,0.4753,False,502,499,554,653
298,257,0.4505,False,605,457,686,700
298,303,0.5398,False,1647,35,1920,1066
298,310,0.5126,False,110,538,143,634
298,312,0.5058,False,1331,325,1512,959
298,317,0.4934,False,1010,457,1101,716
298,325,0.4934,False,1098,471,1148,703
298,323,0.5521,False,1511,344,1706,977
298,327,0.4996,False,908,488,960,679
298,331,0.5653,False,1670,318,1770,757
298,243,0.5341,False,561,466,623,682
298,318,0.4543,False,566,498,615,680
